origem_id,aba_origem,mes_origem,linha_excel_original,data,pedido,quantidade,preco_unitario,preco_total,descricao,codigo,requisitante,modalidade_compra,observacao,fornecedor_ou_marca,filial,data_coleta,data_entrada,data_pagamento,vencimento_1,vencimento_2,vencimento_3,conferencia,forma_pagamento,data_reposicao,vendedor,data_retirada,entrada_showroom,quantidade_varejo_cotada,preco_unitario_varejo_cotado,subtotal_varejo_cotado,quantidade_caixa_cotada,preco_unitario_caixa_cotado,valor_total_caixa_cotado,flags_qualidade
JAN._FEV._L8,JAN.  FEV.,Jan-Fev,8,2026-01-26 00:00:00,202348,100.0,18.4022,1840.22,Suporte P/ Gabinte,,Yhan,Casada,,C3 Tech,1.0,2026-02-04 00:00:00,,,,,,,,,,,,,,,,,,
JAN._FEV._L9,JAN.  FEV.,Jan-Fev,9,2026-01-28 00:00:00,,50.0,320.0,16000.0,ssd 512 GB Markvision,,Gley,Licitação,,Bird Tech,31.0,,,,,,,,,,,,,,,,,,,
JAN._FEV._L10,JAN.  FEV.,Jan-Fev,10,2026-01-30 00:00:00,98096,15.0,1749.0016,26235.024,PLACA DE VIDEO BLACK RTX5060 1-CLICK OC GALAX,6892,Neto,ESTOQUE,,DUEX,31.0,,,,2026-03-01 00:00:00,2026-03-31 00:00:00,2026-04-30 00:00:00,,,,,,,,,,,,,
JAN._FEV._L11,JAN.  FEV.,Jan-Fev,11,2026-01-30 00:00:00,98100,7.0,3199.9963,22399.9741,PLACA DE VIDEO RTX5070 1-CLICK OC GALAX,2848,Neto,ESTOQUE,,DUEX,31.0,,,,2026-03-01 00:00:00,2026-03-31 00:00:00,2026-04-30 00:00:00,,,,,,,,,,,,,
JAN._FEV._L12,JAN.  FEV.,Jan-Fev,12,2026-01-30 00:00:00,98108,15.0,1749.0016,26235.024,PLACA DE VIDEO BLACK RTX5060 1-CLICK OC GALAX,36892,Neto,ESTOQUE,,DUEX,31.0,,,,2026-03-01 00:00:00,2026-03-31 00:00:00,2026-04-30 00:00:00,,,,,,,,,,,,,
JAN._FEV._L13,JAN.  FEV.,Jan-Fev,13,2026-01-30 00:00:00,98112,15.0,1749.0016,26235.024,PLACA DE VIDEO BLACK RTX5060 1-CLICK OC GALAX,36892,Neto,ESTOQUE,,DUEX,31.0,,,,2026-03-01 00:00:00,2026-03-31 00:00:00,2026-04-30 00:00:00,,,,,,,,,,,,,
JAN._FEV._L14,JAN.  FEV.,Jan-Fev,14,2026-01-30 00:00:00,98117,8.0,3199.9963,25599.9704,PLACA DE VIDEO RTX5070 1-CLICK OC GALAX,32848,Neto,ESTOQUE,,DUEX,31.0,,,,2026-03-01 00:00:00,2026-03-31 00:00:00,2026-04-30 00:00:00,,,,,,,,,,,,,
JAN._FEV._L15,JAN.  FEV.,Jan-Fev,15,2026-01-30 00:00:00,98120,8.0,3199.9963,25599.9704,PLACA DE VIDEO RTX5070 1-CLICK OC GALAX,32848,Neto,ESTOQUE,,DUEX,31.0,,,,2026-03-01 00:00:00,2026-03-31 00:00:00,2026-04-30 00:00:00,,,,,,,,,,,,,
JAN._FEV._L16,JAN.  FEV.,Jan-Fev,16,2026-01-30 00:00:00,98121,7.0,3199.9963,22399.9741,PLACA DE VIDEO RTX5070 1-CLICK OC GALAX,32848,Neto,ESTOQUE,,DUEX,31.0,,,,2026-03-01 00:00:00,2026-03-31 00:00:00,2026-04-30 00:00:00,,,,,,,,,,,,,
JAN._FEV._L17,JAN.  FEV.,Jan-Fev,17,2026-01-30 00:00:00,98122,15.0,1749.0016,26235.024,PLACA DE VIDEO BLACK RTX5060 1-CLICK OC GALAX,36892,Neto,ESTOQUE,,DUEX,31.0,,,,2026-03-01 00:00:00,2026-03-31 00:00:00,2026-04-30 00:00:00,,,,,,,,,,,,,
JAN._FEV._L18,JAN.  FEV.,Jan-Fev,18,2026-01-30 00:00:00,98020,20.0,520.037,10400.74,MONITOR 27 IPS DXMO27F240S 240HZ DUEX,25863,Gustavo,ESTOQUE,Licitação,DUEX,31.0,,,,2026-03-01 00:00:00,2026-03-31 00:00:00,2026-04-30 00:00:00,,,,,,,,,,,,,
JAN._FEV._L19,JAN.  FEV.,Jan-Fev,19,2026-01-30 00:00:00,98020,15.0,627.3114,9409.671,PLACA MAE B760M GAMING DDR4 1.1 GIGABYTE,23283,Gustavo,ESTOQUE,Licitação,DUEX,31.0,,,,2026-03-01 00:00:00,2026-03-31 00:00:00,2026-04-30 00:00:00,,,,,,,,,,,,,
JAN._FEV._L20,JAN.  FEV.,Jan-Fev,20,2026-01-30 00:00:00,98020,15.0,789.0516,11835.774,PLACA MAE B650M D3HP AX GIGABYTE,34160,Gustavo,ESTOQUE,Licitação,DUEX,31.0,,,,2026-03-01 00:00:00,2026-03-31 00:00:00,2026-04-30 00:00:00,,,,,,,,,,,,,
JAN._FEV._L21,JAN.  FEV.,Jan-Fev,21,2026-01-30 00:00:00,98020,30.0,512.9032,15387.096,PLACA MAE B550M DS3H AC R2 GIGABYTE,34169,Gustavo,ESTOQUE,Licitação,DUEX,31.0,,,,2026-03-01 00:00:00,2026-03-31 00:00:00,2026-04-30 00:00:00,,,,,,,,,,,,,
JAN._FEV._L22,JAN.  FEV.,Jan-Fev,22,2026-01-30 00:00:00,98020,3.0,1972.7472,5918.2416,PLACA MAE Z890 A ELITE WIFI7 GIGABYTE,34171,Gustavo,ESTOQUE,Licitação,DUEX,31.0,,,,2026-03-01 00:00:00,2026-03-31 00:00:00,2026-04-30 00:00:00,,,,,,,,,,,,,
JAN._FEV._L23,JAN.  FEV.,Jan-Fev,23,2026-01-30 00:00:00,98020,5.0,1183.6483,5918.2415,PLACA MAE B850 GAMING WF6 GIGABYTE,35447,Gustavo,ESTOQUE,Licitação,DUEX,31.0,,,,2026-03-01 00:00:00,2026-03-31 00:00:00,2026-04-30 00:00:00,,,,,,,,,,,,,
JAN._FEV._L24,JAN.  FEV.,Jan-Fev,24,2026-02-01 00:00:00,3934,440.0,210.0,92400.0,Placa Mae Controladora,H310,Guilherme,Casada,,Knup,31.0,,,,,,,,,,,,,,,,,,,
JAN._FEV._L25,JAN.  FEV.,Jan-Fev,25,2026-02-01 00:00:00,3934,1200.0,80.0,96000.0,Placa Mae Controladora,B75,Guilherme,Casada,,Knup,31.0,,,,,,,,,,,,,,,,,,,
JAN._FEV._L26,JAN.  FEV.,Jan-Fev,26,2026-02-02 00:00:00,7891,22.0,81.5,1793.0,i5-3330,,Yhan,Estoque,,CPU MASTER,31.0,,2026-02-03 00:00:00,,,,,,,,,,,,,,,,,
JAN._FEV._L27,JAN.  FEV.,Jan-Fev,27,2026-02-02 00:00:00,7891,3.0,81.5,244.5,i5-3450,,Yhan,Estoque,,CPU MASTER,31.0,,2026-02-03 00:00:00,,,,,,,,,,,,,,,,,
JAN._FEV._L28,JAN.  FEV.,Jan-Fev,28,2026-02-02 00:00:00,7891,63.0,82.9,5222.7,i5-3470S,,Yhan,Estoque,,CPU MASTER,31.0,,2026-02-03 00:00:00,,,,,,,,,,,,,,,,,
JAN._FEV._L29,JAN.  FEV.,Jan-Fev,29,2026-02-02 00:00:00,4696,4.0,179.9,719.6,Serra Circular 110,BOM-9577,Paulo - Representante,Casada,,Bonvink,1.0,,,,,,,,,,,,,,,,,,,
JAN._FEV._L30,JAN.  FEV.,Jan-Fev,30,2026-02-02 00:00:00,4696,10.0,139.9,1399.0,Kit de parafusadeira 21v com tela LDC,BOM-9972,Paulo - Representante,Casada,,Bonvink,1.0,,,,,,,,,,,,,,,,,,,
JAN._FEV._L31,JAN.  FEV.,Jan-Fev,31,2026-02-02 00:00:00,4697,10.0,179.9,1799.0,Nivel a Laser com 12 linhas,BOM-6212,Paulo - Representante,Casada,,Bonvink,1.0,,,,,,,,,,,,,,,,,,,
JAN._FEV._L32,JAN.  FEV.,Jan-Fev,32,2026-02-02 00:00:00,4697,2.0,889.9,1779.8,Kit de Feeramentas Multifubcoes,BOM-9761,Paulo - Representante,Casada,,Bonvink,1.0,,,,,,,,,,,,,,,,,,,
JAN._FEV._L33,JAN.  FEV.,Jan-Fev,33,2026-02-02 00:00:00,,1.0,7600.0,7600.0,iPHONE 17 256 pro,,Patricia,,,Vai e Vem,31.0,,2026-02-03 00:00:00,,,,,,,,,,,,,,,,,
JAN._FEV._L34,JAN.  FEV.,Jan-Fev,34,2026-02-02 00:00:00,,1.0,5380.0,5380.0,iPHONE 17 256 ,,Patricia,,,Vai e Vem,31.0,,2026-02-03 00:00:00,,,,,,,,,,,,,,,,,
JAN._FEV._L35,JAN.  FEV.,Jan-Fev,35,2026-02-02 00:00:00,,2.0,590.0,1180.0,Processadora para Painel,,Neto,Casada,,LIDER E-COMMERCE LTDA,31.0,,,2026-02-02 00:00:00,,,,,,,,,,,,,,,,
JAN._FEV._L36,JAN.  FEV.,Jan-Fev,36,2026-02-02 00:00:00,,28.0,2250.0,63000.0,Painel De LED PLACA 1m,,Neto,Casada,,LIDER E-COMMERCE LTDA,31.0,,,2026-02-02 00:00:00,,,,,,,,,,,,,,,,
JAN._FEV._L37,JAN.  FEV.,Jan-Fev,37,2026-02-02 00:00:00,,14.0,280.0,3920.0,Bumper para painel 50cm,,Neto,Casada,,LIDER E-COMMERCE LTDA,31.0,,,2026-02-02 00:00:00,,,,,,,,,,,,,,,,
JAN._FEV._L38,JAN.  FEV.,Jan-Fev,38,2026-02-02 00:00:00,624,5.0,1500.0,7500.0,Notebook,NKI507,Neto,Estoque,,Knup,1.0,,2026-02-10 00:00:00,,,,,,,,,,,,,,,,,
JAN._FEV._L39,JAN.  FEV.,Jan-Fev,39,2026-02-02 00:00:00,4564,1.0,169.9,169.9,Lixadeira Politriz 12v,BOM-9711,Janaina,ShowRoom,,Bonvink,31.0,,2026-02-10 00:00:00,,,,,,,,,,,,,,,,,
JAN._FEV._L40,JAN.  FEV.,Jan-Fev,40,2026-02-02 00:00:00,4564,7.0,169.9,1189.3,Lixadeira Politriz 12v,BOM-9711,Janaina,Estoque,,Bonvink,31.0,,2026-02-10 00:00:00,,,,,,,,,,,,,,,,,
JAN._FEV._L41,JAN.  FEV.,Jan-Fev,41,2026-02-02 00:00:00,4564,1.0,169.9,169.9,Soprador de Folhas c aspirador 21v,BOM-9709,Janaina,ShowRoom,,Bonvink,31.0,,2026-02-10 00:00:00,,,,,,,,,,,,,,,,,
JAN._FEV._L42,JAN.  FEV.,Jan-Fev,42,2026-02-02 00:00:00,4564,7.0,169.9,1189.3,Soprador de Folhas c aspirador 21v,BOM-9709,Janaina,Estoque,,Bonvink,31.0,,2026-02-10 00:00:00,,,,,,,,,,,,,,,,,
JAN._FEV._L43,JAN.  FEV.,Jan-Fev,43,2026-02-02 00:00:00,4115,200.0,6.789,1357.8,Cabo HDTV 4 em 1,LE-6623,Isaac,Casada,,It blue,1.0,,,,,,,,,,,,,,,,,,,
JAN._FEV._L44,JAN.  FEV.,Jan-Fev,44,2026-02-02 00:00:00,4115,10.0,186.0,1860.0,Adaptador HDMI Vertical 90,LE-5553,Isaac,Casada,,It blue,1.0,,,,,,,,,,,,,,,,,,,
JAN._FEV._L45,JAN.  FEV.,Jan-Fev,45,2026-02-02 00:00:00,4144,400.0,6.789,2715.6,Cabo HDTV 4 em 1,LE-6623,Isaac,Casada,,It blue,1.0,,,,,,,,,,,,,,,,,,,
JAN._FEV._L46,JAN.  FEV.,Jan-Fev,46,2026-02-02 00:00:00,4144,4.0,186.0,744.0,Adaptador HDMI Vertical 90,LE-5553,Isaac,Casada,,It blue,1.0,,,,,,,,,,,,,,,,,,,
JAN._FEV._L47,JAN.  FEV.,Jan-Fev,47,2026-02-02 00:00:00,769997,20.0,520.04,10400.8,MONITOR 27'' DUEX DXMO27F240S 240HZ PLANO SPEAKER,025883-8,Gustavo,Estoque,Ninja,DUEX,31.0,,,,2026-03-01 00:00:00,2026-03-31 00:00:00,2026-04-30 00:00:00,,,,,,,,,,,,,
JAN._FEV._L48,JAN.  FEV.,Jan-Fev,48,2026-02-02 00:00:00,769997,15.0,627.3114,9409.671,PLACA MAE GIGABYTE B760M GAMING DDR4,024812-9,Gustavo,Estoque,Ninja,DUEX,31.0,,,,2026-03-01 00:00:00,2026-03-31 00:00:00,2026-04-30 00:00:00,,,,,,,,,,,,,
JAN._FEV._L49,JAN.  FEV.,Jan-Fev,49,2026-02-02 00:00:00,769997,15.0,789.0516,11835.774,PLACA MAE B650M D3HP AX GIGABYTE,027468-5,Gustavo,Estoque,Ninja,DUEX,31.0,,,,2026-03-01 00:00:00,2026-03-31 00:00:00,2026-04-30 00:00:00,,,,,,,,,,,,,
JAN._FEV._L50,JAN.  FEV.,Jan-Fev,50,2026-02-02 00:00:00,769997,30.0,512.9032,15387.096,PLACA MAE GIGABYTE B550M DS3H AC R2 WIFI DDR4,027477-7,Gustavo,Estoque,Ninja,DUEX,31.0,,,,2026-03-01 00:00:00,2026-03-31 00:00:00,2026-04-30 00:00:00,,,,,,,,,,,,,
JAN._FEV._L51,JAN.  FEV.,Jan-Fev,51,2026-02-02 00:00:00,769997,3.0,1972.7472,5918.2416,PLACA MAE Z890 A ELITE WIFI7 GIGABYTE,027479-1,Gustavo,Estoque,Ninja,DUEX,31.0,,,,2026-03-01 00:00:00,2026-03-31 00:00:00,2026-04-30 00:00:00,,,,,,,,,,,,,
JAN._FEV._L52,JAN.  FEV.,Jan-Fev,52,2026-02-02 00:00:00,769997,5.0,1183.6483,5918.2415, PLACA MAE B850 GAMING WF6 GIGABYTE,027940-6,Gustavo,Estoque,Ninja,DUEX,31.0,,,,2026-03-01 00:00:00,2026-03-31 00:00:00,2026-04-30 00:00:00,,,,,,,,,,,,,
JAN._FEV._L53,JAN.  FEV.,Jan-Fev,53,2026-02-02 00:00:00,4024,12.0,367.0,4404.0,Fonte de Alimentação PC,MAX10,Guilherme,Casada,,Knup,31.0,,,,,,,,,,,,,,,,,,,
JAN._FEV._L54,JAN.  FEV.,Jan-Fev,54,2026-02-02 00:00:00,NF 3324203,3600.0,16.96,61056.0,PENDRIVE TWIST PRETO 32GB,PD589,Guilherme,Casada,,Multilaser,31.0,,,,2026-03-01 00:00:00,2026-03-31 00:00:00,2026-04-30 00:00:00,,,,,,,,,,,,,
JAN._FEV._L55,JAN.  FEV.,Jan-Fev,55,2026-02-02 00:00:00,NF 3324203,2400.0,20.0,48000.0,PENDRIVE TWIST PRETO 64GB,PD590,Guilherme,Casada,,Multilaser,31.0,,,,2026-03-01 00:00:00,2026-03-31 00:00:00,2026-04-30 00:00:00,,,,,,,,,,,,,
JAN._FEV._L56,JAN.  FEV.,Jan-Fev,56,2026-02-02 00:00:00,905715,150.0,66.46,9969.0,Fonte ATX 500w Brzil PC,63139,Gley,Licitação,,PowerPC,31.0,,,,2026-03-04 00:00:00,2026-04-03 00:00:00,2026-05-03 00:00:00,,,,,,,,,,,,,
JAN._FEV._L57,JAN.  FEV.,Jan-Fev,57,2026-02-03 00:00:00,4129,560.0,9.7,5432.0,mini caixa acustica,KP-600,Yhan,CASADA,,KNUP,31.0,,,,,,,,,,,,,,,,,,,
JAN._FEV._L58,JAN.  FEV.,Jan-Fev,58,2026-02-03 00:00:00,4131,800.0,9.7,7760.0,mini caixa acustica,KP-600,Yhan,CASADA,,KNUP,31.0,,,,,,,,,,,,,,,,,,,
JAN._FEV._L59,JAN.  FEV.,Jan-Fev,59,2026-02-03 00:00:00,4180,100.0,6.3,630.0,Case para HD,HD021,Yhan,Casada,,Knup,31.0,,,,,,,,,,,,,,,,,,,
JAN._FEV._L60,JAN.  FEV.,Jan-Fev,60,2026-02-03 00:00:00,4180,100.0,6.3,630.0,Case para HD,HD022,Yhan,Casada,,Knup,31.0,,,,,,,,,,,,,,,,,,,
JAN._FEV._L61,JAN.  FEV.,Jan-Fev,61,2026-02-03 00:00:00,770264,600.0,85.0025,51001.5,Placa de Video VXPRO VXG210LP-1GD3,32769/1,Yhan,Estoque,,DUEX,31.0,,,,2026-03-05 00:00:00,2026-04-04 00:00:00,2026-05-04 00:00:00,,,,,,,,,,,,,
JAN._FEV._L62,JAN.  FEV.,Jan-Fev,62,2026-02-03 00:00:00,1526,320.0,96.8,30976.0,Placa de Video,GT210,Yhan,Casada,,Delta,1.0,,,,,,,,,,,,,,,,,,,
JAN._FEV._L63,JAN.  FEV.,Jan-Fev,63,2026-02-03 00:00:00,4168,100.0,63.0,6300.0,casep/ ssd,KP-HD839,GUSTAVO,ESTOQUE,NINJA,KNUP,31.0,,,,,,,,,,,,,,,,,,,
JAN._FEV._L64,JAN.  FEV.,Jan-Fev,64,2026-02-03 00:00:00,4837,48.0,36.9,1771.2,Refletor de busca Multifuncional,BOM-4330,Gustavo,Estoque,Ninja,Bonvink,1.0,,,,,,,,,,,,,,,,,,,
JAN._FEV._L65,JAN.  FEV.,Jan-Fev,65,2026-02-03 00:00:00,4837,120.0,14.9,1788.0,lLanterna taica regulavel,BOM-4323,Gustavo,Estoque,Ninja,Bonvink,1.0,,,,,,,,,,,,,,,,,,,
JAN._FEV._L66,JAN.  FEV.,Jan-Fev,66,2026-02-03 00:00:00,4837,60.0,27.99,1679.4,Lanterna Holofote,BOM-4324,Gustavo,Estoque,Ninja,Bonvink,1.0,,,,,,,,,,,,,,,,,,,
JAN._FEV._L67,JAN.  FEV.,Jan-Fev,67,2026-02-03 00:00:00,4837,240.0,6.99,1677.6,Lanterna de Aluminio,BOM-4304,Gustavo,Estoque,Ninja,Bonvink,1.0,,,,,,,,,,,,,,,,,,,
JAN._FEV._L68,JAN.  FEV.,Jan-Fev,68,2026-02-03 00:00:00,4837,120.0,25.99,3118.8,Lanterna de Cabeca,BOM-4011,Gustavo,Estoque,Ninja,Bonvink,1.0,,,,,,,,,,,,,,,,,,,
JAN._FEV._L69,JAN.  FEV.,Jan-Fev,69,2026-02-03 00:00:00,4168,100.0,63.0,6300.0,Case Para SSD m.2,KP-HD839,Gustavo,Estoque,Ninja,Bonvink,1.0,,,,,,,,,,,,,,,,,,,
JAN._FEV._L70,JAN.  FEV.,Jan-Fev,70,2026-02-03 00:00:00,4168,100.0,60.0,6000.0,Sensor de estacionamento veicular,KP-MR704,Gustavo,Estoque,Ninja,Bonvink,1.0,,,,,,,,,,,,,,,,,,,
JAN._FEV._L71,JAN.  FEV.,Jan-Fev,71,2026-02-03 00:00:00,4168,100.0,60.0,6000.0,SENSOR DE ESTACIONAMENTO,KP-MR704,Gustavo,ESTOQUE,NINJA,KNUP,31.0,,,,,,,,,,,,,,,,,,,
JAN._FEV._L72,JAN.  FEV.,Jan-Fev,72,2026-02-03 00:00:00,4838,60.0,23.9,1434.0,Lampaio Solar Para Acampamnto,BOM-4211,Gustavo,Estoque,Ninja,Bonvink,1.0,,,,,,,,,,,,,,,,,,,
JAN._FEV._L73,JAN.  FEV.,Jan-Fev,73,2026-02-03 00:00:00,654,5.0,360.0,1800.0,GABINETE GAMER,ATX09,GUILHERME,CASADA,,GRASEP,31.0,,,,,,,,,,,,,,,,,,,
JAN._FEV._L74,JAN.  FEV.,Jan-Fev,74,2026-02-03 00:00:00,654,5.0,288.0,1440.0,GABINETE GAMER,ATX07,Guilherme,CASADA,,GRASEP,31.0,,,,,,,,,,,,,,,,,,,
JAN._FEV._L75,JAN.  FEV.,Jan-Fev,75,2026-02-03 00:00:00,1557,15.0,180.0,2700.0,Gabiente Preto MATX com Coolers,M33160CP,Guilherme,Casada,,AITEK,31.0,,,,,,,,,,,,,,,,,,,
JAN._FEV._L76,JAN.  FEV.,Jan-Fev,76,2026-02-03 00:00:00,1551,10.0,180.0,1800.0,Gabiente Preto MATX com Coolers,M33160CP,Guilherme,Casada,,AITEK,31.0,,,,,,,,,,,,,,,,,,,
JAN._FEV._L77,JAN.  FEV.,Jan-Fev,77,2026-02-03 00:00:00,1551,5.0,189.0,945.0,Gabiente Branco MATX com Coolers,M33160CB,Guilherme,Casada,,AITEK,31.0,,,,,,,,,,,,,,,,,,,
JAN._FEV._L78,JAN.  FEV.,Jan-Fev,78,2026-02-03 00:00:00,,50.0,28.0,1400.0,Fonte para Notebook Dz08,,Guilherme,Casada,,,,,2026-02-04 00:00:00,,,,,,,,,,,,,,,,,
JAN._FEV._L79,JAN.  FEV.,Jan-Fev,79,2026-02-03 00:00:00,,57.0,110.0,6270.0,Bateria para Notebook - WDX0R,,Guilherme,Casada,,,,,2026-02-04 00:00:00,,,,,,,,,,,,,,,,,
JAN._FEV._L80,JAN.  FEV.,Jan-Fev,80,2026-02-03 00:00:00,770264,600.0,85.0,51000.0,Placa de Video VXPRO,32769,Estoque,Estoque,,,31.0,,,,2026-03-05 00:00:00,2026-04-04 00:00:00,2026-05-04 00:00:00,,,,,,,,,,,,,
JAN._FEV._L81,JAN.  FEV.,Jan-Fev,81,2026-02-03 00:00:00,4166,20.0,275.0,5500.0,PLACA MAE AM4,B450,DIEGO,ESTOQUE,,KNUP,31.0,,2026-02-04 00:00:00,,,,,,,,,,,,,,,,,
JAN._FEV._L82,JAN.  FEV.,Jan-Fev,82,2026-02-03 00:00:00,2547,500.0,87.0,43500.0,PLACA MAE LGA,H61,GUILHERME,CASADA,,AITEK,31.0,,,,,,,,,,,,,,,,,,,
JAN._FEV._L83,JAN.  FEV.,Jan-Fev,83,2026-02-03 00:00:00,2548,15.0,2250.0,33750.0,DESKTOP GAMER 16G D4 512G,G57BB,GUILHERME,CASADA,,AITEK,31.0,,,,,,,,,,,,,,,,,,,
JAN._FEV._L84,JAN.  FEV.,Jan-Fev,84,2026-02-03 00:00:00,,400.0,33.5,13400.0,BAT UNIP 12V ALARME,A21 12V ALARME,ISAAC,CASADA,,UCB,1.0,,,,,,,,,,,,,,,,,,,
JAN._FEV._L85,JAN.  FEV.,Jan-Fev,85,2026-02-03 00:00:00,2362,250.0,199.0,49750.0,SSD240 GB MASTERDRIVE,,ISAAC,ESTOQUE,,INFOSAFARI,31.0,,,,,,,,,,,,,,,,,,,
JAN._FEV._L86,JAN.  FEV.,Jan-Fev,86,2026-02-04 00:00:00,,2.0,8100.0,16200.0,iPhone - 17 Pro Max 256 GB ,,Patricia,Casada,,,31.0,,2026-02-04 00:00:00,2026-02-04 00:00:00,,,,,,,,,,,,,,,,
JAN._FEV._L87,JAN.  FEV.,Jan-Fev,87,2026-02-04 00:00:00,,2.0,3580.0,7160.0, iphone 15 128gb preto,,Patricia,Casada,,,31.0,,2026-02-04 00:00:00,2026-02-04 00:00:00,,,,,,,,,,,,,,,,
JAN._FEV._L88,JAN.  FEV.,Jan-Fev,88,2026-02-04 00:00:00,,1.0,7850.0,7850.0,iphone 17 PROMAX 256GB LARANJA,,Patricia,Casada,,,31.0,,2026-02-04 00:00:00,2026-02-04 00:00:00,,,,,,,,,,,,,,,,
JAN._FEV._L89,JAN.  FEV.,Jan-Fev,89,2026-02-04 00:00:00,,3.0,3580.0,10740.0,iFhone 15 128gb,,Patricia,Casada,,,31.0,,,2026-02-04 00:00:00,,,,,,,,,,,,,,,,
JAN._FEV._L90,JAN.  FEV.,Jan-Fev,90,2026-02-04 00:00:00,,1.0,8100.0,8100.0,iPhone - 17 Pro Max 256 GB ,,Patricia,Casada,,,31.0,,2026-02-04 00:00:00,2026-02-04 00:00:00,,,,,,,,,,,,,,,,
JAN._FEV._L91,JAN.  FEV.,Jan-Fev,91,2026-02-04 00:00:00,1120632,5000.0,19.965,99825.0,COMBO WIRELESS 2.4GHZ OFFICE - MOUSE E TECLADO,15-0079,Neto,Estoque,,Santana,31.0,,,,Suframa - 30/60/90/120/150,Suframa - 30/60/90/120/150,Suframa - 30/60/90/120/150,,,,,,,,,,,,,
JAN._FEV._L92,JAN.  FEV.,Jan-Fev,92,2026-02-04 00:00:00,4478,100.0,10.2,1020.0,Cabo CFTV CAT6 10M,LE-314,Gustvo,Estoque,Regime especial NINJA,Lelong,1.0,,,,,,,,,,,,,,,,,,,
JAN._FEV._L93,JAN.  FEV.,Jan-Fev,93,2026-02-04 00:00:00,4289,500.0,6.3,3150.0,Cooler para Processasor,G-VR337,Gustavo,Estoque,Ninja,KNUP,1.0,,,,,,,,,,,,,,,,,,,
JAN._FEV._L94,JAN.  FEV.,Jan-Fev,94,2026-02-04 00:00:00,1599,40.0,166.5,6660.0,Placa Mae LGA 1150,B85,Guilherme,Casada,,AITEK,31.0,,2026-02-04 00:00:00,,,,,,,,,,,,,,,,,
JAN._FEV._L95,JAN.  FEV.,Jan-Fev,95,2026-02-04 00:00:00,4358,40.0,265.0,10600.0,Placa Mae Controladora,A520,Guilherme,Casada,,KNUP,31.0,,46057,,,,,,,,,,,,,,,,,
JAN._FEV._L96,JAN.  FEV.,Jan-Fev,96,2026-02-04 00:00:00,4358,100.0,410.0,41000.0,Placa Mae,PC6700HQ,Guilherme,Casada,,KNUP,31.0,,46057,,,,,,,,,,,,,,,,,
JAN._FEV._L97,JAN.  FEV.,Jan-Fev,97,2026-02-04 00:00:00,4358,100.0,300.0,30000.0,Placa Mae Controladora,H510,Guilherme,Casada,,KNUP,31.0,,2026-02-04 00:00:00,,,,,,,,,,,,,,,,,
JAN._FEV._L98,JAN.  FEV.,Jan-Fev,98,2026-02-04 00:00:00,,1000.0,98.0,98000.0,DDR3 8 gb 1600hz Pro Drive,,Guilherme,Casada,,MPComputadores,31.0,,2026-02-04 00:00:00,2026-02-04 00:00:00,,,,,,,,,,,,,,,,
JAN._FEV._L99,JAN.  FEV.,Jan-Fev,99,2026-02-05 00:00:00,69881,300.0,52.91,15873.0,Bat Unipower 127v 7.0E,A21 12V 7AH E,Yhan,Estoque,,UCB,31.0,,2026-02-18 00:00:00,2026-02-05 00:00:00,,,,,,,,,,,,,,,,
JAN._FEV._L100,JAN.  FEV.,Jan-Fev,100,2026-02-05 00:00:00,,,,84.0,Licença Acrobat PRO,,Patricia,Uso consumo,Licença c/ pgto mensal,,,,,2026-02-05 00:00:00,,,,,,,,,,,,,,,,quantidade_ausente;
JAN._FEV._L101,JAN.  FEV.,Jan-Fev,101,2026-02-05 00:00:00,,1.0,5450.0,5450.0,Ultra 3 cel+gbs49,,Patricia,Casada,,,31.0,,,2026-02-05 00:00:00,,,,,,,,,,,,,,,,
JAN._FEV._L102,JAN.  FEV.,Jan-Fev,102,2026-02-05 00:00:00,,1.0,8950.0,8950.0,17 PROMAX 512GB LARANJA,,Patricia,Casada,,,31.0,,,,,,,,,,,,,,,,,,,
JAN._FEV._L103,JAN.  FEV.,Jan-Fev,103,2026-02-05 00:00:00,7,10.0,399.0,3990.0,HD 2TB WD PURPLE,2000000000116,Isaac,Casada,,JavaComp,1.0,,2025-02-18 00:00:00,,24/02 03/03,10/03 17/03,24/03 04/04,,,,,,,,,,,,,
JAN._FEV._L104,JAN.  FEV.,Jan-Fev,104,2026-02-05 00:00:00,1664,50.0,90.0,4500.0,Fonte PC Automatico 500w,EF500,Isaac,Casada,,Aitek,31.0,,,,,,,,,,,,,,,,,,,linha_duplicada_suspeita;
JAN._FEV._L105,JAN.  FEV.,Jan-Fev,105,2026-02-05 00:00:00,1664,50.0,90.0,4500.0,Fonte PC Automatico 500w,EF500,Isaac,Estoque,,Aitek,31.0,,,,,,,,,,,,,,,,,,,linha_duplicada_suspeita;
JAN._FEV._L106,JAN.  FEV.,Jan-Fev,106,2026-02-05 00:00:00,737,1.0,276.5,276.5,Gabinete Gamer,MATX 03,Isaac,Casada,Rep Diego BH,Grasep,1.0,,,,,,,,,,,,,,,,,,,
JAN._FEV._L107,JAN.  FEV.,Jan-Fev,107,2026-02-05 00:00:00,737,1.0,252.0,252.0,Gabinete Gamer,MATX 04,Isaac,Casada,Rep Diego BH,Grasep,1.0,,,,,,,,,,,,,,,,,,,
JAN._FEV._L108,JAN.  FEV.,Jan-Fev,108,2026-02-05 00:00:00,737,1.0,343.0,343.0,Gabinete Gamer,MATX 05,Isaac,Casada,Rep Diego BH,Grasep,1.0,,,,,,,,,,,,,,,,,,,
JAN._FEV._L109,JAN.  FEV.,Jan-Fev,109,2026-02-05 00:00:00,737,1.0,244.0,244.0,Gabinete Gamer,MATX 06,Isaac,Casada,Rep Diego BH,Grasep,1.0,,,,,,,,,,,,,,,,,,,
JAN._FEV._L110,JAN.  FEV.,Jan-Fev,110,2026-02-05 00:00:00,737,1.0,288.0,288.0,Gabinete Gamer,MATX 07,Isaac,Casada,Rep Diego BH,Grasep,1.0,,,,,,,,,,,,,,,,,,,
JAN._FEV._L111,JAN.  FEV.,Jan-Fev,111,2026-02-05 00:00:00,737,1.0,344.0,344.0,Gabinete Gamer,MATX 08,Isaac,Casada,Rep Diego BH,Grasep,1.0,,,,,,,,,,,,,,,,,,,
JAN._FEV._L112,JAN.  FEV.,Jan-Fev,112,2026-02-05 00:00:00,737,1.0,360.0,360.0,Gabinete Gamer,MATX 09,Isaac,Casada,Rep Diego BH,Grasep,1.0,,,,,,,,,,,,,,,,,,,
JAN._FEV._L113,JAN.  FEV.,Jan-Fev,113,2026-02-05 00:00:00,770625,20.0,1538.7254,30774.508,Placa Mae Gigabyte X870 EAGLE 9Mx87eg7-00 g11,31166/1,Isaac,Casada,,DUEX,31.0,,,,2026-03-08 00:00:00,2026-04-07 00:00:00,2026-05-07 00:00:00,,,,,,,,,,,,,
JAN._FEV._L114,JAN.  FEV.,Jan-Fev,114,2026-02-05 00:00:00,1658,10.0,414.0,4140.0,Placa de Video,Delta RX550,Guilherme,Casada,,Luatek,31.0,,2026-02-05 00:00:00,,,,,,,,,,,,,,,,,
JAN._FEV._L115,JAN.  FEV.,Jan-Fev,115,2026-02-05 00:00:00,4492,300.0,32.0,9600.0,Fonte de Alimentaçõão para PC,KP-517,Diego,Casada,,Knup,1.0,,,,,,,,,,,,,,,,,,,
JAN._FEV._L116,JAN.  FEV.,Jan-Fev,116,2026-02-05 00:00:00,,8.0,999.9,7999.2,Multifuncional Epson Ecotank L3250,40402,Cesar,Casada,Mamuth,Pauta,1.0,,,,,,,,,,,,,,,,,,,
JAN._FEV._L117,JAN.  FEV.,Jan-Fev,117,2026-02-05 00:00:00,737,1.0,276.5,276.5,MATX03,,DIEGO,CASADA,,GRASEP,1.0,,,,,,,,,,,,,,,,,,,
JAN._FEV._L118,JAN.  FEV.,Jan-Fev,118,2026-02-05 00:00:00,737,1.0,252.0,252.0,MATX04,,DIEGO,CASADA,,GRASEP,1.0,,,,,,,,,,,,,,,,,,,
JAN._FEV._L119,JAN.  FEV.,Jan-Fev,119,2026-02-05 00:00:00,737,1.0,343.0,343.0,ATX05,,DIEGO,CASADA,,GRASEP,1.0,,,,,,,,,,,,,,,,,,,
JAN._FEV._L120,JAN.  FEV.,Jan-Fev,120,2026-02-05 00:00:00,737,1.0,244.0,244.0,MATX06,,DIEGO,CASADA,,GRASEP,1.0,,,,,,,,,,,,,,,,,,,
JAN._FEV._L121,JAN.  FEV.,Jan-Fev,121,2026-02-05 00:00:00,737,1.0,288.0,288.0,MATX07,,DIEGO,CASADA,,GRASEP,1.0,,,,,,,,,,,,,,,,,,,
JAN._FEV._L122,JAN.  FEV.,Jan-Fev,122,2026-02-05 00:00:00,737,1.0,344.0,344.0,ATX08,,DIEGO,CASADA,,GRASEP,1.0,,,,,,,,,,,,,,,,,,,
JAN._FEV._L123,JAN.  FEV.,Jan-Fev,123,2026-02-05 00:00:00,737,1.0,360.0,360.0,ATX09,,DIEGO,CASADA,,GRASEP,1.0,,,,,,,,,,,,,,,,,,,
JAN._FEV._L124,JAN.  FEV.,Jan-Fev,124,2026-02-06 00:00:00,756,6.0,1602.0,9612.0,Computador All In One,D-AI 16,Yhan,Casada,,,31.0,,,,,,,,,,,,,,,,,,,
JAN._FEV._L125,JAN.  FEV.,Jan-Fev,125,2026-02-06 00:00:00,,50.0,,,Monitor 19',AXPRO,Yhan,Casada,,Haoquing,,,,,,,,,,,,,,,,,,,,preco_ausente;
JAN._FEV._L126,JAN.  FEV.,Jan-Fev,126,2026-02-06 00:00:00,,120.0,4.35,522.0,"Alcool Isopropilico 99,8% 100 ml",1134,Yhan,Estoque,,Implastec,1.0,,2026-02-18 00:00:00,,,,,,,,,,,,,,,,,
JAN._FEV._L127,JAN.  FEV.,Jan-Fev,127,2026-02-06 00:00:00,,72.0,6.13,441.36,"Alcool Isopropilico 99,8% 250 ml",1135,Yhan,Estoque,,Implastec,1.0,,2026-02-18 00:00:00,,,,,,,,,,,,,,,,,
JAN._FEV._L128,JAN.  FEV.,Jan-Fev,128,2026-02-06 00:00:00,,50.0,11.41,570.5,"Alcool Isopropilico 99,8% 500 ml",1611,Yhan,Estoque,,Implastec,1.0,,2026-02-18 00:00:00,,,,,,,,,,,,,,,,,
JAN._FEV._L129,JAN.  FEV.,Jan-Fev,129,2026-02-06 00:00:00,,60.0,8.49,509.4,Limpa Telas 60Ml com Flanela,145,Yhan,Estoque,,Implastec,1.0,,2026-02-18 00:00:00,,,,,,,,,,,,,,,,,
JAN._FEV._L130,JAN.  FEV.,Jan-Fev,130,2026-02-06 00:00:00,766,2.0,1491.0,2982.0,Computador All In One,D-AI13,Yhan,Casada,,Grasep,5.0,,,,,,,,,,,,,,,,,,,
JAN._FEV._L131,JAN.  FEV.,Jan-Fev,131,2026-02-06 00:00:00,4638,400.0,80.0,32000.0,Placa Mae Controladora,B75,Yhan,Casada,,Knup,31.0,,,,,,,,,,,,,,,,,,,
JAN._FEV._L132,JAN.  FEV.,Jan-Fev,132,2026-02-06 00:00:00,756,6.0,1602.0,9612.0,Computador All In One,D-AI16,Yhan,Casada,,Grasep,5.0,,,,,,,,,,,,,,,,,,,
JAN._FEV._L133,JAN.  FEV.,Jan-Fev,133,2026-02-06 00:00:00,,2.0,2380.0,4760.0,iPad A16 128g Azul,,Patricia,Casada,,,31.0,,,,,,,,,,,,,,,,,,,
JAN._FEV._L134,JAN.  FEV.,Jan-Fev,134,2026-02-06 00:00:00,115517,20.0,18.37,367.4,TONER COMPATIVEL HP CB435A,LHCB435(4),Neto,Casada,,,1.0,2026-02-06 00:00:00,,,,,,,,,,,,,,,,,,
JAN._FEV._L135,JAN.  FEV.,Jan-Fev,135,2026-02-06 00:00:00,3654,120.0,12.6,1512.0,Antena-3M,MTA-3011,Isaac,Casada,,Tomate,1.0,,,,,,,,,,,,,,,,,,,
JAN._FEV._L136,JAN.  FEV.,Jan-Fev,136,2026-02-06 00:00:00,,251.0,,,Monitor 19',AXPRO,Guilherme,Estoque,,Haoquing,31.0,2026-02-06 00:00:00,,,,,,,,,,,,,,,,,,preco_ausente;
JAN._FEV._L137,JAN.  FEV.,Jan-Fev,137,2026-02-06 00:00:00,,100.0,,,Monitor 24',AXPRO,Guilherme,Estoque,,Haoquing,31.0,2026-02-06 00:00:00,,,,,,,,,,,,,,,,,,preco_ausente;
JAN._FEV._L138,JAN.  FEV.,Jan-Fev,138,2026-02-06 00:00:00,,60.0,,,Monitor 20',AXPRO,Guilherme,Casada,,Haoquing,31.0,2026-02-06 00:00:00,,,,,,,,,,,,,,,,,,preco_ausente;
JAN._FEV._L139,JAN.  FEV.,Jan-Fev,139,2026-02-06 00:00:00,4639,20.0,235.0,4700.0,Placa Mae CHIPSET Lan100/1000Mb,H110,Guilherme,Casada,,Knup,31.0,,,,,,,,,,,,,,,,,,,
JAN._FEV._L140,JAN.  FEV.,Jan-Fev,140,2026-02-06 00:00:00,4216331,6.0,1058.63,6351.78,"MONITOR DELL PRO PLUS CSG 23.8"" P2425H 210-BMGK-CP114",,César,Casada,Com nota MAMUTH,Agis,1.0,,2026-02-24 00:00:00,,2026-03-09 00:00:00,,,,,,,,,,,,,,,
JAN._FEV._L141,JAN.  FEV.,Jan-Fev,141,2026-02-09 00:00:00,799,6.0,1602.0,9612.0,Computador All In One,D-AI16,Yhan,Casada,,Grasep,5.0,,,,,,,,,,,,,,,,,,,
JAN._FEV._L142,JAN.  FEV.,Jan-Fev,142,2026-02-09 00:00:00,,3.0,7950.0,23850.0,17 promax 256gb azul,,Patricia,Casada,,,31.0,,,,,,,,,,,,,,,,,,,
JAN._FEV._L143,JAN.  FEV.,Jan-Fev,143,2026-02-09 00:00:00,1567,5000.0,0.43,2150.0,"Modulo 6014 STAR 1,5W 6500k Cristal 1,5w 3-LED 170º Braco Frio 12v",1409,Neto,Estoque,NINJA PLACE com RE,Shop Mix LED,1.0,,2026-02-09 00:00:00,,,,,,,,,,,,,,,,,
JAN._FEV._L144,JAN.  FEV.,Jan-Fev,144,2026-02-09 00:00:00,2746,1.0,388.8,388.8,Bomba de Agua 21v,BOM-8721,Janaina,ShowRoom,,Bonvink,31.0,,,,,,,,,,,,,,,,,,,
JAN._FEV._L145,JAN.  FEV.,Jan-Fev,145,2026-02-09 00:00:00,2747,1.0,1399.9,1399.9,Kit  com 10 Ferramentas 21v,BOM-9763,Janaina,ShowRoom,,Bonvink,31.0,,,,,,,,,,,,,,,,,,,
JAN._FEV._L146,JAN.  FEV.,Jan-Fev,146,2026-02-09 00:00:00,906728,25.0,49.9,1247.5,HD Desk SATA3 500GB SEAGATE,31815,Isaac,Estoque,,PowerPC,1.0,,,,,,,,,,,,,,,,,,,
JAN._FEV._L147,JAN.  FEV.,Jan-Fev,147,2026-02-09 00:00:00,906728,106.0,49.9,5289.4,HD Desk SATA3 500GB SEAGATE,37350,Isaac,Estoque,,PowerPC,1.0,,,,,,,,,,,,,,,,,,,
JAN._FEV._L148,JAN.  FEV.,Jan-Fev,148,2026-02-09 00:00:00,906728,50.0,49.9,2495.0,HD Desk SATA3 500GB SEAGATE,37552,Isaac,Estoque,,PowerPC,1.0,,,,,,,,,,,,,,,,,,,
JAN._FEV._L149,JAN.  FEV.,Jan-Fev,149,2026-02-09 00:00:00,906728,25.0,49.9,1247.5,HD Desk SATA3 500GB SEAGATE,55089,Isaac,Estoque,,PowerPC,1.0,,,,,,,,,,,,,,,,,,,
JAN._FEV._L150,JAN.  FEV.,Jan-Fev,150,2026-02-09 00:00:00,906728,17.0,49.9,848.3,HD Desk SATA3 500GB SEAGATE,28626,Isaac,Estoque,,PowerPC,1.0,,,,,,,,,,,,,,,,,,,
JAN._FEV._L151,JAN.  FEV.,Jan-Fev,151,2026-02-09 00:00:00,906728,27.0,49.9,1347.3,HD Desk SATA3 500GB SEAGATE,31226,Isaac,Estoque,,PowerPC,1.0,,,,2026-03-11 00:00:00,2026-04-10 00:00:00,2026-05-10 00:00:00,,,,,,,,,,,,,
JAN._FEV._L152,JAN.  FEV.,Jan-Fev,152,2026-02-09 00:00:00,6,500.0,46.99,23495.0,HD SEAGATE 500GB,200000000006,Isaac,Casada,,JavaComp,1.0,,,,,,,,,,,,,,,,,,,
JAN._FEV._L153,JAN.  FEV.,Jan-Fev,153,2026-02-09 00:00:00,,300.0,23.0,6900.0,I3 4130,,Isaac,Casada,,Vecchi,1.0,,,,,,,,,,,,,,,,,,,
JAN._FEV._L154,JAN.  FEV.,Jan-Fev,154,2026-02-09 00:00:00,,1033.0,84.0,86772.0,I5 3470,,Isaac,Casada,,Vecchi,1.0,,,,,,,,,,,,,,,,,,,
JAN._FEV._L155,JAN.  FEV.,Jan-Fev,155,2026-02-09 00:00:00,,63.0,84.0,5292.0,I5 3550,,Isaac,Casada,,Vecchi,1.0,,,,,,,,,,,,,,,,,,,
JAN._FEV._L156,JAN.  FEV.,Jan-Fev,156,2026-02-09 00:00:00,,387.0,84.0,32508.0,I5 3570,,Isaac,Casada,,Vecchi,1.0,,,,,,,,,,,,,,,,,,,
JAN._FEV._L157,JAN.  FEV.,Jan-Fev,157,2026-02-09 00:00:00,,200.0,395.0,79000.0,8gb DDR4,,Isaac,Estoque,,Vecchi,1.0,,,,,,,,,,,,,,,,,,,
JAN._FEV._L158,JAN.  FEV.,Jan-Fev,158,2026-02-09 00:00:00,31476,300.0,82.32,24696.0,PROCESSADOR INTEL I5 4570 OEM,I54570OE,Isaac,,,WAccess,1.0,,,,,,,,,,,,,,,,,,,
JAN._FEV._L159,JAN.  FEV.,Jan-Fev,159,2026-02-09 00:00:00,4749,20.0,260.0,5200.0,Placa Mae Conroladora,B250,Guilherme,Casada,,Knup,31.0,,,,,,,,,,,,,,,,,,,
JAN._FEV._L160,JAN.  FEV.,Jan-Fev,160,2026-02-09 00:00:00,4749,20.0,305.0,6100.0,Placa Mae Conroladora,H610,Guilherme,Casada,,Knup,31.0,,,,,,,,,,,,,,,,,,,
JAN._FEV._L161,JAN.  FEV.,Jan-Fev,161,2026-02-09 00:00:00,4804,20.0,234.0,4680.0,Placa Mae Conroladora,H110,Guilherme,Casada,,Knup,31.0,,,,,,,,,,,,,,,,,,,
JAN._FEV._L162,JAN.  FEV.,Jan-Fev,162,2026-02-09 00:00:00,4804,20.0,260.0,5200.0,Placa Mae Conroladora,B250,Guilherme,Casada,,Knup,31.0,,,,,,,,,,,,,,,,,,,
JAN._FEV._L163,JAN.  FEV.,Jan-Fev,163,2026-02-09 00:00:00,120614,6.0,12061.0,72366.0,Notebook Avell ION A70 ULTRA 7 155H RTX 5060 Black 180Hz 32 GB,-,Cesar,Licitação - Mamuth,,Avell,1.0,,2026-02-24 00:00:00,,,,,,,,,,,,,,,,,
JAN._FEV._L164,JAN.  FEV.,Jan-Fev,164,2026-02-10 00:00:00,18361015,200.0,3.12,624.0,Controle Remoto,KA-2927,Yhan,Casada,,Kapbom,1.0,,2026-02-10 00:00:00,,,,,,,,,,,,,,,,,
JAN._FEV._L165,JAN.  FEV.,Jan-Fev,165,2026-02-10 00:00:00,,7950.0,2.0,15900.0,17 promax 256gb branco,,Patricia,Casada,,Bonvink,1.0,,,,,,,,,,,,,,,,,,,
JAN._FEV._L166,JAN.  FEV.,Jan-Fev,166,2026-02-10 00:00:00,4951,50.0,67.5,3375.0,Smartwatch,RG-W88,Isaac,Casada,,Knup,1.0,,,,,,,,,,,,,,,,,,,
JAN._FEV._L167,JAN.  FEV.,Jan-Fev,167,2026-02-10 00:00:00,4999,20.0,300.0,6000.0,Placa mae Controlador,H510,Guilherme,Casada,,Knup,31.0,,,,,,,,,,,,,,,,,,,
JAN._FEV._L168,JAN.  FEV.,Jan-Fev,168,2026-02-10 00:00:00,4998,40.0,17.1,684.0,Mouse Pad ,KP-S09/Preto,Diego representante,Casada,,Knup,1.0,,,,,,,,,,,,,,,,,,,
JAN._FEV._L169,JAN.  FEV.,Jan-Fev,169,2026-02-11 00:00:00,5120,1.0,55.0,55.0,Camera de Seguranca ,KP-CA127,Yhan,Casada,,Knup,31.0,,,,,,,,,,,,,,,,,,,
JAN._FEV._L170,JAN.  FEV.,Jan-Fev,170,2026-02-11 00:00:00,5120,1.0,185.0,185.0,Camera de Seguranca ,LB-CA250,Yhan,Casada,,Knup,31.0,,,,,,,,,,,,,,,,,,,
JAN._FEV._L171,JAN.  FEV.,Jan-Fev,171,2026-02-11 00:00:00,5120,1.0,165.0,165.0,Camera de Seguranca ,KP-CA209,Yhan,Casada,,Knup,31.0,,,,,,,,,,,,,,,,,,,
JAN._FEV._L172,JAN.  FEV.,Jan-Fev,172,2026-02-11 00:00:00,,4.0,1239.45,4957.8,Mem DDR5 16GB 6400MHZ ADATA BANCO,,Isaac,Casada,,Visão VIP,31.0,,,,,,,,,,,,,,,,,,,
JAN._FEV._L173,JAN.  FEV.,Jan-Fev,173,2026-02-11 00:00:00,,4.0,1239.45,4957.8,Mem DDR5 16GB 6400MHZ ADATA PRETO,,Isaac,Casada,,Visão VIP,31.0,,,,,,,,,,,,,,,,,,,
JAN._FEV._L174,JAN.  FEV.,Jan-Fev,174,2026-02-11 00:00:00,,1.0,1303.46,1303.46,Mem DDR5 16GB 6400MHZ ADATA PRETO/CINZA,,Isaac,Casada,,Visão VIP,31.0,,,,,,,,,,,,,,,,,,,
JAN._FEV._L175,JAN.  FEV.,Jan-Fev,175,2026-02-11 00:00:00,,2.0,1268.54,2537.08,Mem DDR5 16GB 6400MHZ Crucial pro - branco,,Isaac,Casada,,Visão VIP,31.0,,,,,,,,,,,,,,,,,,,
JAN._FEV._L176,JAN.  FEV.,Jan-Fev,176,2026-02-11 00:00:00,,4.0,1315.09,5260.36,Mem DDR5 16GB 6400MHZ Kingston PRETO,,Isaac,Casada,,Visão VIP,31.0,,,,,,,,,,,,,,,,,,,
JAN._FEV._L177,JAN.  FEV.,Jan-Fev,177,2026-02-11 00:00:00,,4.0,1315.09,5260.36,Mem DDR5 16GB 6800MHZ Kingston  RGB PRETO,,Isaac,Casada,,Visão VIP,31.0,,,,,,,,,,,,,,,,,,,
JAN._FEV._L178,JAN.  FEV.,Jan-Fev,178,2026-02-11 00:00:00,,4.0,1286.0,5144.0,Mem DDR5 16GB 6800MHZ Kingston  RGB PRETO,,Isaac,Casada,,Visão VIP,31.0,,,,,,,,,,,,,,,,,,,
JAN._FEV._L179,JAN.  FEV.,Jan-Fev,179,2026-02-11 00:00:00,,2.0,1303.46,2606.92,Mem DDR5 16GB 7200MHZ Kingston  PRATA/PRETO,,Isaac,Casada,,Visão VIP,31.0,,,,,,,,,,,,,,,,,,,
JAN._FEV._L180,JAN.  FEV.,Jan-Fev,180,2026-02-11 00:00:00,,2.0,1303.46,2606.92,Mem DDR5 16GB 7600MHZ Kingston  RGB PRATA/PRETO,,Isaac,Casada,,Visão VIP,31.0,,,,,,,,,,,,,,,,,,,
JAN._FEV._L181,JAN.  FEV.,Jan-Fev,181,2026-02-11 00:00:00,,9.0,1297.64,11678.76,Mem DDR5 16GB 6400MHZ ADATA Lancer Blade RGBPRETO,,Isaac,Casada,,Visão VIP,31.0,,,,,,,,,,,,,,,,,,,
JAN._FEV._L182,JAN.  FEV.,Jan-Fev,182,2026-02-11 00:00:00,,50.0,152.0,7600.0,Monitor AX Pró 20',,Guilherme,Casada,,Haoqing,31.0,,,,,,,,,,,,,,,,,,,
JAN._FEV._L183,JAN.  FEV.,Jan-Fev,183,2026-02-11 00:00:00,,70.0,150.0,10500.0,Monitor HQ 19',,Guilherme,Casada,,Haoqing,31.0,,,,,,,,,,,,,,,,,,,
JAN._FEV._L184,JAN.  FEV.,Jan-Fev,184,2026-02-11 00:00:00,5119,100.0,9.9,990.0,Cooler p Processador CPU,VR349,Guilherme,Casada,,Knup,31.0,,,,,,,,,,,,,,,,,,,
JAN._FEV._L185,JAN.  FEV.,Jan-Fev,185,2026-02-11 00:00:00,,200.0,399.0,79800.0,DDR48Gb 3200,,Gley,Licitação,,Vecchi,31.0,,,,,,,,,,,,,,,,,,,
JAN._FEV._L186,JAN.  FEV.,Jan-Fev,186,2026-02-11 00:00:00,,200.0,600.0,120000.0,DDR4 16gb 3200,,Diego,Casada,,Joice,31.0,,,,,,,,,,,,,,,,,,,
JAN._FEV._L187,JAN.  FEV.,Jan-Fev,187,2026-02-11 00:00:00,,50.0,600.0,30000.0,DDR4 16gb 3200,,Diego,Casada,,Joice,31.0,,,,,,,,,,,,,,,,,,,
JAN._FEV._L188,JAN.  FEV.,Jan-Fev,188,2026-02-11 00:00:00,828,16.0,70.4,1126.4,Coluna de pedestal para Monitor,D-J01-1,Diego,,,,,,,,,,,,,,,,,,,,,,,
JAN._FEV._L189,JAN.  FEV.,Jan-Fev,189,2026-02-11 00:00:00,5130,30.0,14.85,445.5,Teclado para Computador,KP-TE148,Diego,Casada,,Knup,31.0,,,,,,,,,,,,,,,,,,,
JAN._FEV._L190,JAN.  FEV.,Jan-Fev,190,2026-02-11 00:00:00,5130,50.0,18.9,945.0,Caixa de Som Multimidea,KP-RO800,Diego,Casada,,Knup,31.0,,,,,,,,,,,,,,,,,,,
JAN._FEV._L191,JAN.  FEV.,Jan-Fev,191,2026-02-11 00:00:00,104787,1.0,485.0,485.0,Tele de Proteção TRIP 180x180,9ecort-003,Cesar,Licitação,Mamuth,Cesar,1.0,,,,,,,,,,,,,,,,,,,
JAN._FEV._L192,JAN.  FEV.,Jan-Fev,192,2026-02-11 00:00:00,1876,20.0,765.0,15300.0,Placa de Video Delta 8gb DDR5,RX580,Diego,Casada,,Aitek,31.0,,,,,,,,,,,,,,,,,,,
JAN._FEV._L193,JAN.  FEV.,Jan-Fev,193,2026-02-11 00:00:00,5130,30.0,14.85,445.5,Teclado p Computador,KP-TE148,Diego,Casada,,Knup,31.0,,,,,,,,,,,,,,,,,,,
JAN._FEV._L194,JAN.  FEV.,Jan-Fev,194,2026-02-11 00:00:00,5130,50.0,18.9,945.0,Caixa de Som Multimideia c 2.0 canais,KP-RO800,Diego,Casada,,Knup,31.0,,,,,,,,,,,,,,,,,,,
JAN._FEV._L195,JAN.  FEV.,Jan-Fev,195,2026-02-11 00:00:00,,135.0,399.0,53865.0,DDR4 2666 8gb,,Gley,Licitação,,Vecchi,31.0,,,2026-02-11 00:00:00,,,,,,,,,,,,,,,,
JAN._FEV._L196,JAN.  FEV.,Jan-Fev,196,2026-02-11 00:00:00,852,16.0,60.4,966.4,ZJ01-1,,DIEGO,CASADA,,GRASEP,31.0,,,,,,,,,,,,,,,,,,,
JAN._FEV._L197,JAN.  FEV.,Jan-Fev,197,2026-02-11 00:00:00,852,16.0,10.0,160.0,ZJ01-2,,DIEGO,CASADA,,GRASEP,31.0,,,,,,,,,,,,,,,,,,,
JAN._FEV._L198,JAN.  FEV.,Jan-Fev,198,2026-02-11 00:00:00,848,1.0,1512.0,1512.0,COMPUTADOR ALL IN ONE I5-7200U/8GB DDR4/SSD 512GB,AI08,YHAN,,SHOWROOM,GRASEP,,,2026-03-20 00:00:00,,,,,,,,,,,,,,,,,
JAN._FEV._L199,JAN.  FEV.,Jan-Fev,199,2026-02-11 00:00:00,848,1.0,2520.0,2520.0,COMPUTADOR ALL IN ONE.,A24I512,YHAN,,SHOWROOM,GRASEP,,,2026-03-20 00:00:00,,,,,,,,,,,,,,,,,
JAN._FEV._L200,JAN.  FEV.,Jan-Fev,200,2026-02-11 00:00:00,848,1.0,2702.0,2702.0,COMPUTADOR ALL IN ONE.,A27I512,YHAN,,SHOWROOM,GRASEP,,,2026-03-20 00:00:00,,,,,,,,,,,,,,,,,
JAN._FEV._L201,JAN.  FEV.,Jan-Fev,201,2026-02-11 00:00:00,848,1.0,1876.0,1876.0,COMPUTADOR ALL IN ONE.,A27I508,YHAN,,SHOWROOM,GRASEP,,,2026-03-20 00:00:00,,,,,,,,,,,,,,,,,
JAN._FEV._L202,JAN.  FEV.,Jan-Fev,202,2026-02-12 00:00:00,5163,300.0,1.8,540.0,Cabo USB 2.0A p/ Impressora,KP-5001,Guilherme,Casada,,Knup,31.0,,,,,,,,,,,,,,,,,,,
JAN._FEV._L203,JAN.  FEV.,Jan-Fev,203,2026-02-12 00:00:00,4153,10.0,54.0,540.0,Extensor HDMI 60m,MHD-1101,Isaac,Casada,,Tomate,1.0,,,,,,,,,,,,,,,,,,,
JAN._FEV._L204,JAN.  FEV.,Jan-Fev,204,2026-02-12 00:00:00,4153,40.0,54.0,2160.0,Extensor HDMI 60m,MHD-1101,Isaac,Estoque,,Tomate,1.0,,,,,,,,,,,,,,,,,,,
JAN._FEV._L205,JAN.  FEV.,Jan-Fev,205,2026-02-12 00:00:00,4153,30.0,19.8,594.0,Extensor CGA,MTV-704,Isaac,Casada,,Tomate,1.0,,,,,,,,,,,,,,,,,,,
JAN._FEV._L206,JAN.  FEV.,Jan-Fev,206,2026-02-12 00:00:00,4153,70.0,19.8,1386.0,Extensor CGA,MTV-704,Isaac,Estoque,,Tomate,1.0,,,,,,,,,,,,,,,,,,,
JAN._FEV._L207,JAN.  FEV.,Jan-Fev,207,2026-02-12 00:00:00,,500.0,112.0,56000.0,Memoria 8gb DDR3,,Janiana,Estoque,,Bird Tech,31.0,,,,,,,,,,,,,,,,,,,
JAN._FEV._L208,JAN.  FEV.,Jan-Fev,208,2026-02-12 00:00:00,9667,200.0,60.0,12000.0,BAT UNIP 12v 9 OAH,,Neto,Casada,,SZ Servicos Comercio,1.0,,,,,,,,,,,,,,,,,,,
JAN._FEV._L209,JAN.  FEV.,Jan-Fev,209,2026-02-12 00:00:00,9668,50.0,40.0,2000.0,"BAT UNIPOWER 12V 7,0E (UP1270E) R",,Neto,Casada,,SZ Servicos Comercio,1.0,,2026-02-13 00:00:00,,,,,,,,,,,,,,,,,
JAN._FEV._L210,JAN.  FEV.,Jan-Fev,210,2026-02-12 00:00:00,9668,700.0,60.0,42000.0,"BAT UNIP 12V 9,0AH UP1290",,Neto,Casada,,SZ Servicos Comercio,1.0,,2026-02-13 00:00:00,,,,,,,,,,,,,,,,,
JAN._FEV._L211,JAN.  FEV.,Jan-Fev,211,2026-02-12 00:00:00,9668,50.0,85.0,4250.0,BAT UNIPOWER 12V 12AH,,Neto,Casada,,SZ Servicos Comercio,1.0,,2026-02-13 00:00:00,,,,,,,,,,,,,,,,,
JAN._FEV._L212,JAN.  FEV.,Jan-Fev,212,2026-02-12 00:00:00,277,6.0,299.0,1794.0,SSD 480 GB FTX 550/470mb/s 2.5,,Isaac,Estoque,,INFOSAFARI,31.0,,,,,,,,,,,,,,,,,,,
JAN._FEV._L213,JAN.  FEV.,Jan-Fev,213,2026-02-12 00:00:00,277,25.0,299.0,7475.0,SSD 480Gb Delta ,,Isaac,Estoque,,INFOSAFARI,31.0,,,,,,,,,,,,,,,,,,,
JAN._FEV._L214,JAN.  FEV.,Jan-Fev,214,2026-02-12 00:00:00,277,30.0,299.0,8970.0,SSD 480gb Macrovip MV,,Isaac,Estoque,,INFOSAFARI,31.0,,,,,,,,,,,,,,,,,,,
JAN._FEV._L215,JAN.  FEV.,Jan-Fev,215,2026-02-12 00:00:00,6214,40.0,39.99,1599.6,Chave fenda Eletrica 47 pcs,,Guilherme,Casada,,Bonvink,31.0,,,,,,,,,,,,,,,,,,,
JAN._FEV._L216,JAN.  FEV.,Jan-Fev,216,2026-02-12 00:00:00,5170,200.0,315.0,63000.0,SSD M.2 512GB nvme SATA,KP-HD816,Guilherme,Casada,,,31.0,,,,,,,,,,,,,,,,,,,
JAN._FEV._L217,JAN.  FEV.,Jan-Fev,217,2026-02-12 00:00:00,6153,10.0,139.9,1399.0,KIT DE PARAFUSADEIRA 21V COM TELA LCD,BOM-9972,Patricia,CASADA,-,,,,2026-03-19 00:00:00,,,,,,,,,,,,,,,,,
JAN._FEV._L218,JAN.  FEV.,Jan-Fev,218,2026-02-12 00:00:00,5887,10.0,139.9,1399.0,KIT DE PARAFUSADEIRA 21V COM TELA LCD,BOM-9972,Patricia,CASADA,-,,,,,,,,,,,,,,,,,,,,,
JAN._FEV._L219,JAN.  FEV.,Jan-Fev,219,2026-02-12 00:00:00,851,1.0,972.0,972.0,CAIXA DE SOM PORTATIL BLUETOOTH/USB ,D-XK102,Patricia,CASADA,SHOWROOM,GRASEP,31.0,,2026-03-20 00:00:00,,,,,,,,,,,,,,,,,
JAN._FEV._L220,JAN.  FEV.,Jan-Fev,220,2026-02-13 00:00:00,,30.0,,,Monitro AXPro 24',,Isaac,Casada,,Haoquing,31.0,,,,,,,,,,,,,,,,,,,preco_ausente;
JAN._FEV._L221,JAN.  FEV.,Jan-Fev,221,2026-02-13 00:00:00,,300.0,,,Monitro AXPro 20',,Guilherme,Estoque,,Haoquing,31.0,,2026-03-20 00:00:00,,,,,,,,,,,,,,,,,preco_ausente;
JAN._FEV._L222,JAN.  FEV.,Jan-Fev,222,2026-02-13 00:00:00,,70.0,,,Monitro HQ 19',,Guilherme,Casada,,Haoquing,31.0,,,,,,,,,,,,,,,,,,,preco_ausente;
JAN._FEV._L223,JAN.  FEV.,Jan-Fev,223,2026-02-13 00:00:00,,20.0,,,Plca Mae,H110,Guilherme,Casada,,Haoquing,31.0,,,,,,,,,,,,,,,,,,,preco_ausente;
JAN._FEV._L224,JAN.  FEV.,Jan-Fev,224,2026-02-13 00:00:00,,250.0,390.0,97500.0,SSD m.2 NVME 512gb Delta,,Isaac,Casada,,RD Gamer,31.0,,2026-02-19 00:00:00,2026-02-18 00:00:00,,,,,,,,,,,,,,,,
JAN._FEV._L225,JAN.  FEV.,Jan-Fev,225,2026-02-18 00:00:00,,70.0,152.0,10640.0,Monitor 20,,Yhan,Casada,,Haoking,31.0,,,,,,,,,,,,,,,,,,,
JAN._FEV._L226,JAN.  FEV.,Jan-Fev,226,2026-02-18 00:00:00,,30.0,215.0,6450.0,Monitor 24,,Isaac,Casada,,Haoking,31.0,,,,,,,,,,,,,,,,,,,
JAN._FEV._L227,JAN.  FEV.,Jan-Fev,227,2026-02-19 00:00:00,5170,200.0,315.0,63000.0,ssd M.2 512GB nvme SATA,KP-HD816,Guilherme,Casada,,Knup,31.0,,2026-02-19 00:00:00,,,,,,,,,,,,,,,,,
JAN._FEV._L228,JAN.  FEV.,Jan-Fev,228,2026-02-19 00:00:00,2035,50.0,945.0,47250.0,HD 8TB,AHD-P80,Isaac,Casada,,Aitek,1.0,,,,,,,,,,,,,,,,,,,
JAN._FEV._L229,JAN.  FEV.,Jan-Fev,229,2026-02-19 00:00:00,6555,100.0,15.99,1599.0,Corrente de Motossera,BOM-5626,Gustavo,,,,,,,,,,,,,,,,,,,,,,,
JAN._FEV._L230,JAN.  FEV.,Jan-Fev,230,2026-02-19 00:00:00,6555,100.0,18.99,1899.0,Corrente de Motossera,BOM-5629,Gustavo,,,,,,,,,,,,,,,,,,,,,,,
JAN._FEV._L231,JAN.  FEV.,Jan-Fev,231,2026-02-19 00:00:00,6559,100.0,3.99,399.0,Corrente de Motossera,BOM-5620,Gustavo,,,,,,,,,,,,,,,,,,,,,,,
JAN._FEV._L232,JAN.  FEV.,Jan-Fev,232,2026-02-19 00:00:00,,1.0,8750.0,8750.0,17 PRO MAX 512 JP/LARANJA,,Patricia,Casada,,,31.0,,,,,,,,,,,,,,,,,,,
JAN._FEV._L233,JAN.  FEV.,Jan-Fev,233,2026-02-19 00:00:00,,15.0,600.0,9000.0,Ddr4 16g3200,,Yhan,Casada,,Joice,31.0,,,,,,,,,,,,,,,,,,,
JAN._FEV._L234,JAN.  FEV.,Jan-Fev,234,2026-02-19 00:00:00,,1.0,1590.0,,X7 5d 12 512 s,,Patricia,Casada,,,31.0,,,,,,,,,,,,,,,,,,,
JAN._FEV._L235,JAN.  FEV.,Jan-Fev,235,2026-02-19 00:00:00,4318,50.0,14.85,742.5,MTA-3005,,ISAAC,CASADA,,TOMATE,1.0,,,,,,,,,,,,,,,,,,,
JAN._FEV._L236,JAN.  FEV.,Jan-Fev,236,2026-02-19 00:00:00,6692,400.0,15.99,6396.0,BOM-5626,,GUSTAVO,NINJA,,BONVINK,1.0,,,,,,,,,,,,,,,,,,,
JAN._FEV._L237,JAN.  FEV.,Jan-Fev,237,2026-02-19 00:00:00,6692,400.0,18.99,7596.0,BOM-5629,,GUSTAVO,NINJA,,BONVINK,1.0,,,,,,,,,,,,,,,,,,,
JAN._FEV._L238,JAN.  FEV.,Jan-Fev,238,2026-02-19 00:00:00,6694,2.0,319.9,639.8,BOM-9573,,ISAAC,,,BONVINK,1.0,,,,,,,,,,,,,,,,,,,
JAN._FEV._L239,JAN.  FEV.,Jan-Fev,239,2026-02-19 00:00:00,6694,4.0,219.9,879.6,BOM-9647,,ISAAC,,,BONVINK,1.0,,,,,,,,,,,,,,,,,,,
JAN._FEV._L240,JAN.  FEV.,Jan-Fev,240,2026-02-20 00:00:00,,320.0,100.0,32000.0,DDR4 4GB,Adata,Diego,Casada,,ThaigoMateus,31.0,,,,,,,,,,,,,,,,,,,
JAN._FEV._L241,JAN.  FEV.,Jan-Fev,241,2026-02-20 00:00:00,2106,60.0,247.5,14850.0,AHD-P20,,ISAAC,CASADA,,AITEK,1.0,,,,,,,,,,,,,,,,,,,
JAN._FEV._L242,JAN.  FEV.,Jan-Fev,242,2026-02-20 00:00:00,2106,20.0,432.0,8640.0,AHD-P40,,ISAAC,CASADA,,AITEK,1.0,,,,,,,,,,,,,,,,,,,
JAN._FEV._L243,JAN.  FEV.,Jan-Fev,243,2026-02-20 00:00:00,900,4.0,1602.0,6408.0,AI16,,YHAN,CASADA,,GRASEP,5.0,,,,,,,,,,,,,,,,,,,
JAN._FEV._L244,JAN.  FEV.,Jan-Fev,244,2026-02-20 00:00:00,5730,100.0,8.37,837.0,HUB USB-C 3.0 COM 4 PORTAS,LE-0168,YHAN,CASADA,-,IT-BLUE,1.0,,,,,,,,,,,,,,,,,,,
JAN._FEV._L245,JAN.  FEV.,Jan-Fev,245,2026-02-23 00:00:00,4647,20.0,36.0,720.0,AK-1023,,ISAAC,CASADA,,TOMATE,1.0,,,,,,,,,,,,,,,,,,,
JAN._FEV._L246,JAN.  FEV.,Jan-Fev,246,2026-02-23 00:00:00,4731,100.0,17.55,1755.0,SRQ-008,,ISAAC,CASADA,,TOMATE,1.0,,,,,,,,,,,,,,,,,,,
JAN._FEV._L247,JAN.  FEV.,Jan-Fev,247,2026-02-23 00:00:00,4731,12.0,81.0,972.0,MAZ-119A PIPOQUEIRA,,ISAAC,CASADA,,TOMATE,1.0,,,,,,,,,,,,,,,,,,,
JAN._FEV._L248,JAN.  FEV.,Jan-Fev,248,2026-02-23 00:00:00,4731,12.0,81.0,972.0,MAZ-119B PIPOQUEIRA,,ISAAC,CASADA,,TOMATE,1.0,,,,,,,,,,,,,,,,,,,
JAN._FEV._L249,JAN.  FEV.,Jan-Fev,249,2026-02-23 00:00:00,4731,20.0,67.5,1350.0,MSE-2900B,,ISAAC,CASADA,,TOMATE,1.0,,,,,,,,,,,,,,,,,,,
JAN._FEV._L250,JAN.  FEV.,Jan-Fev,250,2026-02-23 00:00:00,4731,100.0,16.2,1620.0,SRQ-020,,ISAAC,CASADA,,TOMATE,1.0,,,,,,,,,,,,,,,,,,,
JAN._FEV._L251,JAN.  FEV.,Jan-Fev,251,2026-02-23 00:00:00,4729,120.0,12.6,1512.0,MTA-3011,,ISAAC,CASADA,,TOMATE,1.0,,,,,,,,,,,,,,,,,,,
JAN._FEV._L252,JAN.  FEV.,Jan-Fev,252,2026-02-23 00:00:00,4729,20.0,67.5,1350.0,MT-1026,,ISAAC,CASADA,,TOMATE,1.0,,,,,,,,,,,,,,,,,,,
JAN._FEV._L253,JAN.  FEV.,Jan-Fev,253,2026-02-23 00:00:00,4729,48.0,72.0,3456.0,MAT-A03,,ISAAC,CASADA,,TOMATE,1.0,,,,,,,,,,,,,,,,,,,
JAN._FEV._L254,JAN.  FEV.,Jan-Fev,254,2026-02-23 00:00:00,4729,10.0,359.1,3591.0,MXG-1002B,,ISAAC,CASADA,,TOMATE,1.0,,,,,,,,,,,,,,,,,,,
JAN._FEV._L255,JAN.  FEV.,Jan-Fev,255,2026-02-23 00:00:00,4729,10.0,359.1,3591.0,MXG-2002B,,ISAAC,CASADA,,TOMATE,1.0,,,,,,,,,,,,,,,,,,,
JAN._FEV._L256,JAN.  FEV.,Jan-Fev,256,2026-02-23 00:00:00,7165,120.0,17.9,2148.0,BOM-5002,,YHAN,CASADA,,BONVINK,31.0,,,,,,,,,,,,,,,,,,,
JAN._FEV._L257,JAN.  FEV.,Jan-Fev,257,2026-02-23 00:00:00,7165,40.0,13.9,556.0,BOM-5658,,YHAN,CASADA,,BONVINK,31.0,,,,,,,,,,,,,,,,,,,
JAN._FEV._L258,JAN.  FEV.,Jan-Fev,258,2026-02-23 00:00:00,7165,10.0,139.9,1399.0,BOM-9501,,YHAN,CASADA,,BONVINK,31.0,,,,,,,,,,,,,,,,,,,
JAN._FEV._L259,JAN.  FEV.,Jan-Fev,259,2026-02-23 00:00:00,7165,300.0,12.9,3870.0,BOM-7510,,YHAN,CASADA,,BONVINK,31.0,,,,,,,,,,,,,,,,,,,
JAN._FEV._L260,JAN.  FEV.,Jan-Fev,260,2026-02-23 00:00:00,7166,80.0,34.9,2792.0,BOM-3210,,YHAN,CASADA,,BONVINK,31.0,,,,,,,,,,,,,,,,,,,
JAN._FEV._L261,JAN.  FEV.,Jan-Fev,261,2026-02-23 00:00:00,7166,20.0,79.9,1598.0,BOM-9563,,YHAN,CASADA,,BONVINK,31.0,,,,,,,,,,,,,,,,,,,
JAN._FEV._L262,JAN.  FEV.,Jan-Fev,262,2026-02-23 00:00:00,7166,10.0,148.8,1488.0,BOM-9605,,YHAN,CASADA,,BONVINK,31.0,,,,,,,,,,,,,,,,,,,
JAN._FEV._L263,JAN.  FEV.,Jan-Fev,263,2026-02-23 00:00:00,7166,20.0,33.9,678.0,BOM-7613,,YHAN,CASADA,,BONVINK,31.0,,,,,,,,,,,,,,,,,,,
JAN._FEV._L264,JAN.  FEV.,Jan-Fev,264,2026-02-24 00:00:00,,15.0,600.0,9000.0,DDR4 16GB 3200 kINGTONS,,YHAN,Casada,,Joice,31.0,,,,,,,,,,,,,,,,,,,
JAN._FEV._L265,JAN.  FEV.,Jan-Fev,265,2026-02-24 00:00:00,76944,600.0,100.0,60000.0,MEM8GGBDDR3,,GUILHERME,CASADA,,,31.0,,,,,,,,,,,,,,,,,,,
JAN._FEV._L266,JAN.  FEV.,Jan-Fev,266,2026-02-24 00:00:00,1070,10.0,799.0,7990.0,226570,,NETO,ESTOQUE,,NINJA,1.0,,,,,,,,,,,,,,,,,,,
JAN._FEV._L267,JAN.  FEV.,Jan-Fev,267,2026-02-24 00:00:00,4981,4.0,108.0,432.0,BOBINA TÉRMICA 80*80MM*80M,MPT-P8080,Patricia,CASADA,-,TOMATE,1.0,,,,,,,,,,,,,,,,,,,
JAN._FEV._L268,JAN.  FEV.,Jan-Fev,268,2026-02-25 00:00:00,NF 3366096,3600.0,13.63,49068.0,PENDRIVE TWIST PRETO 8GB,PD587,GUILHERME,CASADA,,MULTILASER,1.0,,2026-03-09 00:00:00,,,,,,,,,,,,,,,,,
JAN._FEV._L269,JAN.  FEV.,Jan-Fev,269,2026-02-25 00:00:00,NF 3375939,4320.0,15.56,67219.2,PENDRIVE TWIST PRETO 16GB,PD588,GUILHERME,CASADA,,MULTILASER,1.0,,2026-03-09 00:00:00,,,,,,,,,,,,,,,,,
JAN._FEV._L270,JAN.  FEV.,Jan-Fev,270,2026-02-26 00:00:00,2425,3.0,342.0,1026.0,MACACO HIDRAULICO 2T 30CM,AMH-2030,ISAAC,CASADA,-,AITEK,31.0,,,,,,,,,,,,,,,,,,,
JAN._FEV._L271,JAN.  FEV.,Jan-Fev,271,2026-02-26 00:00:00,2425,10.0,342.0,3420.0,KIT CINTA PARA CARGA,ACI-425,ISAAC,CASADA,-,AITEK,31.0,,,,,,,,,,,,,,,,,,,
JAN._FEV._L272,JAN.  FEV.,Jan-Fev,272,2026-02-26 00:00:00,7753,60.0,38.9,2334.0,ALICATE DECAPADOR ,BOM-1715,ISAAC,CASADA,-,BOMVINK,1.0,,2026-03-06 00:00:00,,,,,,,,,,,,,,,,,
JAN._FEV._L273,JAN.  FEV.,Jan-Fev,273,2026-02-26 00:00:00,7753,24.0,26.9,645.6,KIT JOGO DE CHAVES CATRACA SOQUETE 46PCS,BOM-3905,ISAAC,CASADA,-,BOMVINK,1.0,,2026-03-06 00:00:00,,,,,,,,,,,,,,,,,
JAN._FEV._L274,JAN.  FEV.,Jan-Fev,274,2026-02-26 00:00:00,7753,100.0,6.99,699.0,KIT 5 SOQUETES CANHAO MAGNETICO 3/8*65MM,BOM-5012,ISAAC,CASADA,-,BOMVINK,1.0,,2026-03-06 00:00:00,,,,,,,,,,,,,,,,,
JAN._FEV._L275,JAN.  FEV.,Jan-Fev,275,2026-02-26 00:00:00,7753,10.0,139.9,1399.0,MINI MOTOSSERRA PORTATIL A BATERIA 6 POLEGATAS,BOM-9102,ISAAC,CASADA,-,BOMVINK,1.0,,2026-03-06 00:00:00,,,,,,,,,,,,,,,,,
JAN._FEV._L276,JAN.  FEV.,Jan-Fev,276,2026-02-26 00:00:00,7753,200.0,15.99,3198.0,LANTERNA DE CABECA COM COB,BOM-4002,ISAAC,CASADA,-,BOMVINK,1.0,,2026-03-06 00:00:00,,,,,,,,,,,,,,,,,
JAN._FEV._L277,JAN.  FEV.,Jan-Fev,277,2026-02-26 00:00:00,7754,80.0,16.99,1359.2,NIVELADOR A LASER PROFISSIONAL TRENA,BOM-6201,ISAAC,CASADA,-,BOMVINK,1.0,,2026-03-06 00:00:00,,,,,,,,,,,,,,,,,
JAN._FEV._L278,JAN.  FEV.,Jan-Fev,278,2026-02-26 00:00:00,7754,10.0,129.9,1299.0,NIVEL A LASER COM 2 LINHAS ,BOM-6210,ISAAC,CASADA,-,BOMVINK,1.0,,2026-03-06 00:00:00,,,,,,,,,,,,,,,,,
JAN._FEV._L279,JAN.  FEV.,Jan-Fev,279,2026-02-26 00:00:00,7754,96.0,8.99,863.04,TRENA EMBORRACHADA PONTA MAGNETICA 7.5M,BOM-6505,ISAAC,CASADA,-,BOMVINK,1.0,,2026-03-06 00:00:00,,,,,,,,,,,,,,,,,
JAN._FEV._L280,JAN.  FEV.,Jan-Fev,280,2026-02-26 00:00:00,7754,2.0,349.9,699.8,MOTOSERRA A GASOLINA,BOM-9204,ISAAC,CASADA,-,BOMVINK,1.0,,2026-03-06 00:00:00,,,,,,,,,,,,,,,,,
JAN._FEV._L281,JAN.  FEV.,Jan-Fev,281,2026-02-26 00:00:00,7754,2.0,399.9,799.8,MOTOSERRA A GASOLINA 40CC 16POLEGADAS,BOM-9209,ISAAC,CASADA,-,BOMVINK,1.0,,2026-03-06 00:00:00,,,,,,,,,,,,,,,,,
JAN._FEV._L282,JAN.  FEV.,Jan-Fev,282,2026-02-26 00:00:00,7754,10.0,99.9,999.0,ESMERILHADEIRA ANGULAR 850W 220V,BOM-9552,ISAAC,CASADA,-,BOMVINK,1.0,,2026-03-06 00:00:00,,,,,,,,,,,,,,,,,
JAN._FEV._L283,JAN.  FEV.,Jan-Fev,283,2026-02-26 00:00:00,7754,6.0,139.9,839.4,SERRA MARMORE 1200W 220V,BOM-9550,ISAAC,CASADA,-,BOMVINK,1.0,,2026-03-06 00:00:00,,,,,,,,,,,,,,,,,
JAN._FEV._L284,JAN.  FEV.,Jan-Fev,284,2026-02-26 00:00:00,7754,10.0,119.9,1199.0,PARAFUSADEIRA BATERIA 21V,BOM-9970,ISAAC,CASADA,-,BOMVINK,1.0,,2026-03-06 00:00:00,,,,,,,,,,,,,,,,,
JAN._FEV._L285,JAN.  FEV.,Jan-Fev,285,2026-02-26 00:00:00,7754,20.0,69.9,1398.0,PARAFUSADEIRA BATERIA 12V,BOM-9960,ISAAC,CASADA,-,BOMVINK,1.0,,2026-03-06 00:00:00,,,,,,,,,,,,,,,,,
JAN._FEV._L286,JAN.  FEV.,Jan-Fev,286,2026-02-26 00:00:00,7754,80.0,17.99,1439.2,ASPIRADOR PORTATIL ,BOM-7003,ISAAC,CASADA,-,BOMVINK,1.0,,2026-03-06 00:00:00,,,,,,,,,,,,,,,,,
JAN._FEV._L287,JAN.  FEV.,Jan-Fev,287,2026-02-26 00:00:00,7754,60.0,13.9,834.0,LAMPADA DE EMERGENCIA 30 LEDS,BOM-4501,ISAAC,CASADA,-,BOMVINK,1.0,,2026-03-06 00:00:00,,,,,,,,,,,,,,,,,
JAN._FEV._L288,JAN.  FEV.,Jan-Fev,288,2026-02-26 00:00:00,7755,1.0,139.9,139.9,MACACO HIDRAULICO TIPO JACARE 2T,BOM-1541,ISAAC,CASADA,-,BOMVINK,1.0,,2026-03-06 00:00:00,,,,,,,,,,,,,,,,,
JAN._FEV._L289,JAN.  FEV.,Jan-Fev,289,2026-02-26 00:00:00,7755,60.0,14.8,888.0,KIT CHAVES ISOLADAS PARA ELETRICISTA,BOM-3110,ISAAC,CASADA,-,BOMVINK,1.0,,2026-03-06 00:00:00,,,,,,,,,,,,,,,,,
JAN._FEV._L290,JAN.  FEV.,Jan-Fev,290,2026-02-26 00:00:00,7755,60.0,23.9,1434.0,JOGO DE CHAVE FIXA 8A 19MM - 6PCS,BOM-3202,ISAAC,CASADA,-,BOMVINK,1.0,,2026-03-06 00:00:00,,,,,,,,,,,,,,,,,
JAN._FEV._L291,JAN.  FEV.,Jan-Fev,291,2026-02-26 00:00:00,7755,40.0,66.9,2676.0,ALICATE AMPERIMETRO DIGITAL,BOM-6010,ISAAC,CASADA,-,BOMVINK,1.0,,2026-03-06 00:00:00,,,,,,,,,,,,,,,,,
JAN._FEV._L292,JAN.  FEV.,Jan-Fev,292,2026-02-26 00:00:00,7755,50.0,52.9,2645.0,MICRO SCANER PARA CABO DE REDE E TELEFONIA,BOM-6404,ISAAC,CASADA,-,BOMVINK,1.0,,2026-03-06 00:00:00,,,,,,,,,,,,,,,,,
JAN._FEV._L293,JAN.  FEV.,Jan-Fev,293,2026-02-26 00:00:00,7755,96.0,8.99,863.04,TRENA EMBORRACHADA PONTA MAGNETICA 7.5M,BOM-6505,ISAAC,CASADA,-,BOMVINK,1.0,,2026-03-06 00:00:00,,,,,,,,,,,,,,,,,
JAN._FEV._L294,JAN.  FEV.,Jan-Fev,294,2026-02-26 00:00:00,7755,50.0,14.9,745.0,PISTOLA DE COLA QUENTE 40W,BOM-9511,ISAAC,CASADA,-,BOMVINK,1.0,,2026-03-06 00:00:00,,,,,,,,,,,,,,,,,
JAN._FEV._L295,JAN.  FEV.,Jan-Fev,295,2026-02-26 00:00:00,7756,100.0,13.99,1399.0,JOGO DE 3 BROCA ESCALONADA ,BOM-5020,ISAAC,CASADA,-,BOMVINK,1.0,,2026-03-06 00:00:00,,,,,,,,,,,,,,,,,
JAN._FEV._L296,JAN.  FEV.,Jan-Fev,296,2026-02-26 00:00:00,7756,200.0,15.99,3198.0,LANTERNA DE CABECA COM COB,BOM-4002,ISAAC,CASADA,-,BOMVINK,1.0,,2026-03-06 00:00:00,,,,,,,,,,,,,,,,,
JAN._FEV._L297,JAN.  FEV.,Jan-Fev,297,2026-02-26 00:00:00,6545,32.0,23.994,767.808,CABO CFTV CAT6 30M,LE-317,YHAN,CASADA,-,IT-BLUE,31.0,,2026-03-10 00:00:00,,,,,,,,,,,,,,,,,
JAN._FEV._L298,JAN.  FEV.,Jan-Fev,298,2026-02-26 00:00:00,6545,100.0,6.045,604.5,CABO C/ MALHA HDTV VERSION 1.4,LE-6612-3M,YHAN,CASADA,-,IT-BLUE,31.0,,2026-03-10 00:00:00,,,,,,,,,,,,,,,,,
JAN._FEV._L299,JAN.  FEV.,Jan-Fev,299,2026-02-26 00:00:00,6545,50.0,10.695,534.75,CABO HDMI 180 GRAUS,LE-6625-5M,YHAN,CASADA,-,IT-BLUE,31.0,,2026-03-10 00:00:00,,,,,,,,,,,,,,,,,
JAN._FEV._L300,JAN.  FEV.,Jan-Fev,300,2026-02-26 00:00:00,6545,200.0,5.301,1060.2,FONE DE OUVIDO,LE-0213,YHAN,CASADA,-,IT-BLUE,31.0,,2026-03-10 00:00:00,,,,,,,,,,,,,,,,,
JAN._FEV._L301,JAN.  FEV.,Jan-Fev,301,2026-02-26 00:00:00,6545,50.0,34.41,1720.5,FONE DE OUVIDO,LE-2406,YHAN,CASADA,-,IT-BLUE,31.0,,2026-03-10 00:00:00,,,,,,,,,,,,,,,,,
JAN._FEV._L302,JAN.  FEV.,Jan-Fev,302,2026-02-26 00:00:00,6545,100.0,9.765,976.5,CONVERSOR HDMI 2AV,LE-4113,YHAN,CASADA,-,IT-BLUE,31.0,,2026-03-10 00:00:00,,,,,,,,,,,,,,,,,
JAN._FEV._L303,JAN.  FEV.,Jan-Fev,303,2026-02-26 00:00:00,6545,200.0,8.835,1767.0,ADAPTADOR DISPLAY PARA VGA,LE-4117,YHAN,CASADA,-,IT-BLUE,31.0,,2026-03-10 00:00:00,,,,,,,,,,,,,,,,,
JAN._FEV._L304,JAN.  FEV.,Jan-Fev,304,2026-02-26 00:00:00,6545,200.0,3.069,613.8,CONTROLE REMOTO TV BOX,LE-4790,YHAN,CASADA,-,IT-BLUE,31.0,,2026-03-10 00:00:00,,,,,,,,,,,,,,,,,
JAN._FEV._L305,JAN.  FEV.,Jan-Fev,305,2026-02-26 00:00:00,6545,200.0,5.115,1023.0,CONTROLE REMOTO UNIVERSAL LCD C/ REDES SOCIAS,LE-7740,YHAN,CASADA,-,IT-BLUE,31.0,,2026-03-10 00:00:00,,,,,,,,,,,,,,,,,
JAN._FEV._L306,JAN.  FEV.,Jan-Fev,306,2026-02-27 00:00:00,30,160.0,200.0,32000.0,HD 1TB WD PURPLE,,ISAAC,CASADA,-,JAVACOMP,31.0,,,,20/03 - 27/03,03/04 - 10/04,17/04 - 28/04,,,,,,,,,,,,,
JAN._FEV._L307,JAN.  FEV.,Jan-Fev,307,2026-02-27 00:00:00,30,155.0,399.0,61845.0,HD 2TB WD PURPLE,,ISAAC,CASADA,-,JAVACOMP,31.0,,2026-03-11 00:00:00,,,,,,,,,,,,,,,,,
JAN._FEV._L308,JAN.  FEV.,Jan-Fev,308,2026-02-27 00:00:00,4969,6.0,185.0,1110.0,ZD108-220,-,ISAAC,CASADA,-,LUATEK,31.0,,,,,,,,,,,,,,,,,,,
JAN._FEV._L309,JAN.  FEV.,Jan-Fev,309,2026-02-27 00:00:00,4969,4.0,155.0,620.0,ZD110,-,ISAAC,CASADA,-,LUATEK,31.0,,,,,,,,,,,,,,,,,,,
JAN._FEV._L310,JAN.  FEV.,Jan-Fev,310,2026-02-27 00:00:00,4969,4.0,98.0,392.0,ZD119-110,-,ISAAC,CASADA,-,LUATEK,31.0,,,,,,,,,,,,,,,,,,,
JAN._FEV._L311,JAN.  FEV.,Jan-Fev,311,2026-02-27 00:00:00,4969,10.0,70.0,700.0,ZD113-110,-,ISAAC,CASADA,-,LUATEK,31.0,,,,,,,,,,,,,,,,,,,
JAN._FEV._L312,JAN.  FEV.,Jan-Fev,312,2026-02-27 00:00:00,2487,30.0,342.0,10260.0,PLACA MAE LGA1151 H610 SSD M.2,H610M2K,Patricia,CASADA,-,AITEK,1.0,,2026-03-20 00:00:00,,,,,,,,,,,,,,,,,
JAN._FEV._L313,JAN.  FEV.,Jan-Fev,313,2026-02-27 00:00:00,6657,100.0,12.56,1256.0,CABO CFTV CAT6 15M,LE-315,YHAN,CASADA,-,IT-BLUE,31.0,,,,,,,,,,,,,,,,,,,
JAN._FEV._L314,JAN.  FEV.,Jan-Fev,314,2026-02-27 00:00:00,99688,100.0,591.0587,59105.87,MONITOR 27 FLAT QHD DXPRO27A52RM 180HZ DUEX,29006,ISAAC,ESTOQUE,-,DUEX,1.0,,2026-02-13 00:00:00,,,,,,,,,,,,,,,,,
JAN._FEV._L315,JAN.  FEV.,Jan-Fev,315,2026-02-27 00:00:00,-,400.0,33.5,13400.0,BAT UNIP 12V ALARME,-,DIEGO,CASADA,-,UCB (UNIPOWER),31.0,,,,,,,,,,,,,,,,,,,
JAN._FEV._L316,JAN.  FEV.,Jan-Fev,316,2026-02-27 00:00:00,31579,53.0,84.0,4452.0,PROCESSADOR INTEL I5 3550 OEM,53550,GUSTAVO,NINJA,-,W.A ACCESS,31.0,,,,,,,,,,,,,,,,,,,
JAN._FEV._L317,JAN.  FEV.,Jan-Fev,317,2026-02-27 00:00:00,31579,169.0,84.0,14196.0,PROCESSADOR INTEL I5 3570 OEM,3570 B,GUSTAVO,NINJA,-,W.A ACCESS,31.0,,,,,,,,,,,,,,,,,,,
JAN._FEV._L318,JAN.  FEV.,Jan-Fev,318,2026-02-27 00:00:00,31579,19.0,84.0,1596.0,PROCESSADOR INTEL 3570K OEM,53570K,GUSTAVO,NINJA,-,W.A ACCESS,31.0,,,,,,,,,,,,,,,,,,,
JAN._FEV._L319,JAN.  FEV.,Jan-Fev,319,2026-02-27 00:00:00,31579,80.0,146.5,11720.0,PROCESSADOR INTEL I5 6500 OEM,55GER,GUSTAVO,NINJA,-,W.A ACCESS,31.0,,,,,,,,,,,,,,,,,,,
JAN._FEV._L320,JAN.  FEV.,Jan-Fev,320,2026-02-27 00:00:00,31579,130.0,146.5,19045.0,PROCESSADOR INTEL 6600 OEM,6600,GUSTAVO,NINJA,-,W.A ACCESS,31.0,,,,,,,,,,,,,,,,,,,
JAN._FEV._L321,JAN.  FEV.,Jan-Fev,321,2026-03-03 00:00:00,-,124.0,510.0,63240.0,,,ISAAC,CASADA,-,Victorino Info Comercial Ltda,31.0,,,,,,,,,,,,,,,,,,,descricao_ausente;
JAN._FEV._L322,JAN.  FEV.,Jan-Fev,322,2026-03-03 00:00:00,-,1.0,50.0,50.0,,,ISAAC,CASADA,-,Victorino Info Comercial Ltda,31.0,,,,,,,,,,,,,,,,,,,descricao_ausente;
JAN._FEV._L323,JAN.  FEV.,Jan-Fev,323,2026-02-19 00:00:00,7546-0,60.0,125.0,7500.0,PLACA MAE DESK H61 REVENGER H61-PRO (C/ 1 NGFF),1003947,,,,E2X COMERCIAL,,,,,,,,,,,,,,,,,,,,
JAN._FEV._L324,JAN.  FEV.,Jan-Fev,324,2026-03-02 00:00:00,7610-0,100.0,99.9,9990.0,PLACA MAE DESK H61 REVENGER H61-PRO (C/ 1 NGFF),1003947,,,,E2X COMERCIAL,,,,,,,,,,,,,,,,,,,,
JAN._FEV._L325,JAN.  FEV.,Jan-Fev,325,2026-02-19 00:00:00,7547-0,5.0,720.0,3600.0,UD1. PC OFFICE (CORE I5-5TH/8GB/SSD256) C/ FONTE ,1005209,,,,E2X COMERCIAL,,,,,,,,,,,,,,,,,,,,
MARÇO_ABRIL_L8,MARÇO  ABRIL,Mar-Abr,8,2026-03-02 00:00:00,909033,500.0,155.0,77500.0,MONITOR LED 19',57966,YHAN,CASADA,-,POWERPC,1.0,,,,2026-04-01 00:00:00,2026-05-01 00:00:00,,,,,,,,,,,,,,
MARÇO_ABRIL_L9,MARÇO  ABRIL,Mar-Abr,9,2026-03-02 00:00:00,2544,40.0,64.8,2592.0,COOLER GABINETE KIT DE 3PCS,C263P,YHAN,CASADA,-,DELTA,1.0,,,,,,,,,,,,,,,,,,,
MARÇO_ABRIL_L10,MARÇO  ABRIL,Mar-Abr,10,2026-03-02 00:00:00,2544,20.0,34.2,684.0,FONE OUVIDO 40 MM 7.1,F7140,YHAN,CASADA,-,DELTA,1.0,,,,,,,,,,,,,,,,,,,
MARÇO_ABRIL_L11,MARÇO  ABRIL,Mar-Abr,11,2026-03-02 00:00:00,2561,20.0,180.0,3600.0,GABINETE PRETO MATX,AGP-M3316OCP,GUILHERME,CASADA,-,AITEK,31.0,,2026-03-02 00:00:00,,,,,,,,,,,,,,,,,
MARÇO_ABRIL_L12,MARÇO  ABRIL,Mar-Abr,12,2026-03-02 00:00:00,77522,20.0,325.0,6500.0,PLACA MAE GIGABYTE A520M,A520KV2,GUILHERME,CASADA,-,PC EXPRESS,31.0,,2026-03-02 00:00:00,,,,,,,,,,,,,,,,,
MARÇO_ABRIL_L13,MARÇO  ABRIL,Mar-Abr,13,2026-03-02 00:00:00,8119,18.0,435.0,7830.0,I5-9500,I5-9500,ISAAC,CASADA,-,CPU MASTER,31.0,,2026-03-05 00:00:00,,,,,,,,,,,,,,,,,
MARÇO_ABRIL_L14,MARÇO  ABRIL,Mar-Abr,14,2026-03-02 00:00:00,2565,414.0,108.0,44712.0,R5 230 2GB DDR3,-,ISAAC,CASADA,-,DELTA,1.0,,,,,,,,,,,,,,,,,,,
MARÇO_ABRIL_L15,MARÇO  ABRIL,Mar-Abr,15,2026-03-02 00:00:00,2566,400.0,324.0,129600.0,PLACA MAE H510 11/10 GEN M.2,H510M2K,ISAAC,CASADA,-,DELTA,1.0,,2026-03-05 00:00:00,,,,,,,,,,,,,,,,,
MARÇO_ABRIL_L16,MARÇO  ABRIL,Mar-Abr,16,2026-03-02 00:00:00,-,7000.0,2.3,16100.0,BATERIA LITHIUM BOTÃO,CR2032-5,NETO,ESTOQUE,-,ALFACELL,31.0,,2026-03-17 00:00:00,,,,,,,,,,,,,,,,,
MARÇO_ABRIL_L17,MARÇO  ABRIL,Mar-Abr,17,2026-03-03 00:00:00,2582,400.0,88.0,35200.0,PLACA MAE LGA155 H61,H61,GUILHERME,CASADA,-,AITEK,31.0,,2026-03-03 00:00:00,,,,,,,,,,,,,,,,,
MARÇO_ABRIL_L18,MARÇO  ABRIL,Mar-Abr,18,2026-03-03 00:00:00,2582,800.0,168.0,134400.0,PLACA MAE LGA155 H61,H61347,chat,CASADA,-,AITEK,31.0,,2026-03-03 00:00:00,,,,,,,,,,,,,,,,,
MARÇO_ABRIL_L19,MARÇO  ABRIL,Mar-Abr,19,2026-03-03 00:00:00,10024,100.0,24.8,2480.0,CARREGADOR PORTATIL,KA-951,GUILHERME,CASADA,-,KAPBOM,31.0,,2026-03-03 00:00:00,,,,,,,,,,,,,,,,,
MARÇO_ABRIL_L20,MARÇO  ABRIL,Mar-Abr,20,2026-03-03 00:00:00,909333,1000.0,2.95,2950.0,CABO DE FORÇA,44561,YHAN,ESTOQUE,-,POWERPC,1.0,,2026-03-12 00:00:00,,2026-04-02 00:00:00,2026-05-02 00:00:00,,,,,,,,,,,,,,
MARÇO_ABRIL_L21,MARÇO  ABRIL,Mar-Abr,21,2026-03-03 00:00:00,219129,200.0,89.81,17962.0,PLACA MAE LGA156 ,H55,YHAN,CASADA,-,HAYOM,31.0,,2026-03-12 00:00:00,,2026-03-04 00:00:00,,,,,,,,,,,,,,,
MARÇO_ABRIL_L22,MARÇO  ABRIL,Mar-Abr,22,2026-03-03 00:00:00,6979,200.0,8.835,1767.0,CARREGADOR VEICULAR LE291FC,291FC,ISAAC,CASADA,-,IT BLUE,31.0,,2026-03-03 00:00:00,,,,,,,,,,,,,,,,,
MARÇO_ABRIL_L23,MARÇO  ABRIL,Mar-Abr,23,2026-03-03 00:00:00,6979,200.0,6.975,1395.0,CARREGADOR VEICULAR LE530,LE-530,ISAAC,CASADA,-,IT BLUE,31.0,,2026-03-03 00:00:00,,,,,,,,,,,,,,,,,
MARÇO_ABRIL_L24,MARÇO  ABRIL,Mar-Abr,24,2026-03-03 00:00:00,-,1.0,8000.0,8000.0,IPHONE 17 PM 256 AZUL,-,PATRICIA,CASADA,-,-,31.0,,,,,,,,,,,,,,,,,,,
MARÇO_ABRIL_L25,MARÇO  ABRIL,Mar-Abr,25,2026-03-03 00:00:00,-,1.0,3500.0,3500.0,IPHONE 15 128 PRETO,-,PATRICIA,CASADA,-,-,31.0,,,,,,,,,,,,,,,,,,,
MARÇO_ABRIL_L26,MARÇO  ABRIL,Mar-Abr,26,2026-03-03 00:00:00,620262669665,1500.0,118.9,178350.0,8GB DDR3 1600 INFINITY MEMORY,-,YHAN,CASADA,-,CDI MINAS,31.0,,,2026-03-31 00:00:00,,,,,,,,,,,,,,,,
MARÇO_ABRIL_L27,MARÇO  ABRIL,Mar-Abr,27,2026-03-03 00:00:00,2580,10.0,243.0,2430.0,FECHADURA SMART,ALPHA-201,GUILHERME,CASADA,-,AITEK,31.0,,2026-03-03 00:00:00,,,,,,,,,,,,,,,,,
MARÇO_ABRIL_L28,MARÇO  ABRIL,Mar-Abr,28,2026-03-03 00:00:00,2581,12.0,198.0,2376.0,CAMERA SOLAR 2LENTE,SIGMA-S8122,GUILHERME,CASADA,-,AITEK,31.0,,2026-03-03 00:00:00,,,,,,,,,,,,,,,,,
MARÇO_ABRIL_L29,MARÇO  ABRIL,Mar-Abr,29,2026-03-03 00:00:00,-,124.0,510.4032,63289.9968,I5-9500,I5-9500,ISAAC,CASADA,-,Victorino Info Comercial Ltda,31.0,,2026-03-05 00:00:00,,,,,,,,,,,,,,,,,
MARÇO_ABRIL_L30,MARÇO  ABRIL,Mar-Abr,30,2026-03-03 00:00:00,8166,72.0,10.99,791.28,CONJUNTO CHAVE DE FENDA E PHILLIPS,BOM-3111,ISAAC,CASADA,-,BOMVINK,31.0,,2026-03-03 00:00:00,,,,,,,,,,,,,,,,,
MARÇO_ABRIL_L31,MARÇO  ABRIL,Mar-Abr,31,2026-03-03 00:00:00,8190,120.0,16.99,2038.8,ARANDELA SOLAR PAREDE EXTERNO LED,BOM-4203,ISAAC,CASADA,-,BOMVINK,1.0,,,,,,,,,,,,,,,,,,,
MARÇO_ABRIL_L32,MARÇO  ABRIL,Mar-Abr,32,2026-03-04 00:00:00,5594,1.0,43.2,43.2,LUZ DE PREENCHIMENTO PARA FOTOS,MLG-187,PATRICIA,CASADA,-,TOMATE,1.0,,2026-03-12 00:00:00,,,,,,,,,,,,,,,,,
MARÇO_ABRIL_L33,MARÇO  ABRIL,Mar-Abr,33,2026-03-04 00:00:00,5594,29.0,43.2,1252.8,LUZ DE PREENCHIMENTO PARA FOTOS,MLG-187,PATRICIA,ESTOQUE,-,TOMATE,1.0,,2026-03-12 00:00:00,,,,,,,,,,,,,,,,,
MARÇO_ABRIL_L34,MARÇO  ABRIL,Mar-Abr,34,2026-03-04 00:00:00,5594,1.0,63.0,63.0,RING LIGHT LUZ DE PREENCHIMENTO,MLG-195,PATRICIA,CASADA,-,TOMATE,1.0,,2026-03-12 00:00:00,,,,,,,,,,,,,,,,,
MARÇO_ABRIL_L35,MARÇO  ABRIL,Mar-Abr,35,2026-03-04 00:00:00,5594,19.0,63.0,1197.0,RING LIGHT LUZ DE PREENCHIMENTO,MLG-195,PATRICIA,ESTOQUE,-,TOMATE,1.0,,2026-03-12 00:00:00,,,,,,,,,,,,,,,,,
MARÇO_ABRIL_L36,MARÇO  ABRIL,Mar-Abr,36,2026-03-04 00:00:00,5594,20.0,6.3,126.0,ADAPTADOR HDMI PARA VGA,MTV-712,PATRICIA,CASADA,-,TOMATE,1.0,,2026-03-12 00:00:00,,,,,,,,,,,,,,,,,
MARÇO_ABRIL_L37,MARÇO  ABRIL,Mar-Abr,37,2026-03-04 00:00:00,5594,180.0,6.3,1134.0,ADAPTADOR HDMI PARA VGA,MTV-712,PATRICIA,ESTOQUE,-,TOMATE,1.0,,2026-03-12 00:00:00,,,,,,,,,,,,,,,,,
MARÇO_ABRIL_L38,MARÇO  ABRIL,Mar-Abr,38,2026-03-04 00:00:00,5594,2.0,8.01,16.02,CONVERSOR EXTENSOR HDMI - 30 MTS.,MHD-1103,PATRICIA,CASADA,-,TOMATE,1.0,,2026-03-12 00:00:00,,,,,,,,,,,,,,,,,
MARÇO_ABRIL_L39,MARÇO  ABRIL,Mar-Abr,39,2026-03-04 00:00:00,5594,298.0,8.01,2386.98,CONVERSOR EXTENSOR HDMI - 30 MTS.,MHD-1103,PATRICIA,ESTOQUE,-,TOMATE,1.0,,2026-03-12 00:00:00,,,,,,,,,,,,,,,,,
MARÇO_ABRIL_L40,MARÇO  ABRIL,Mar-Abr,40,2026-03-04 00:00:00,5594,1.0,43.11,43.11,CONTROLE GAMER COM FIO,LON-C001,PATRICIA,CASADA,-,TOMATE,1.0,,2026-03-11 00:00:00,,,,,,,,,,,,,,,,,
MARÇO_ABRIL_L41,MARÇO  ABRIL,Mar-Abr,41,2026-03-04 00:00:00,5594,39.0,43.11,1681.29,CONTROLE GAMER COM FIO,LON-C001,PATRICIA,ESTOQUE,-,TOMATE,1.0,,2026-03-11 00:00:00,,,,,,,,,,,,,,,,,
MARÇO_ABRIL_L42,MARÇO  ABRIL,Mar-Abr,42,2026-03-04 00:00:00,5594,1.0,47.7,47.7,EQUIPAMENTO PARA PRODUÇÃO DE VÍDEOS,MTG-3333,PATRICIA,CASADA,-,TOMATE,1.0,,2026-03-11 00:00:00,,,,,,,,,,,,,,,,,
MARÇO_ABRIL_L43,MARÇO  ABRIL,Mar-Abr,43,2026-03-04 00:00:00,5594,59.0,47.7,2814.3,EQUIPAMENTO PARA PRODUÇÃO DE VÍDEOS,MTG-3333,PATRICIA,ESTOQUE,-,TOMATE,1.0,,2026-03-11 00:00:00,,,,,,,,,,,,,,,,,
MARÇO_ABRIL_L44,MARÇO  ABRIL,Mar-Abr,44,2026-03-04 00:00:00,5594,1.0,26.1,26.1,SUPORTE KIT DE GRAVAÇAO,MTG-2222,PATRICIA,CASADA,-,TOMATE,1.0,,2026-03-12 00:00:00,,,,,,,,,,,,,,,,,
MARÇO_ABRIL_L45,MARÇO  ABRIL,Mar-Abr,45,2026-03-04 00:00:00,5594,59.0,26.1,1539.9,SUPORTE KIT DE GRAVAÇAO,MTG-2222,PATRICIA,ESTOQUE,-,TOMATE,1.0,,2026-03-12 00:00:00,,,,,,,,,,,,,,,,,
MARÇO_ABRIL_L46,MARÇO  ABRIL,Mar-Abr,46,2026-03-04 00:00:00,5594,1.0,18.45,18.45,CALCULADORA PORTATIL,AK-J039,PATRICIA,CASADA,-,TOMATE,1.0,,2026-03-11 00:00:00,,,,,,,,,,,,,,,,,
MARÇO_ABRIL_L47,MARÇO  ABRIL,Mar-Abr,47,2026-03-04 00:00:00,5594,79.0,18.45,1457.55,CALCULADORA PORTATIL,AK-J039,PATRICIA,ESTOQUE,-,TOMATE,1.0,,2026-03-11 00:00:00,,,,,,,,,,,,,,,,,
MARÇO_ABRIL_L48,MARÇO  ABRIL,Mar-Abr,48,2026-03-04 00:00:00,2680,1.0,25.2,25.2,DISSIPADOR DE CALOR PARA NVME M.2,CN510,PATRICIA,CASADA,-,DELTA,1.0,,2026-03-11 00:00:00,,,,,,,,,,,,,,,,,
MARÇO_ABRIL_L49,MARÇO  ABRIL,Mar-Abr,49,2026-03-04 00:00:00,2680,53.0,25.2,1335.6,DISSIPADOR DE CALOR PARA NVME M.2,CN510,PATRICIA,ESTOQUE,-,DELTA,1.0,,2026-03-11 00:00:00,,,,,,,,,,,,,,,,,
MARÇO_ABRIL_L50,MARÇO  ABRIL,Mar-Abr,50,2026-03-04 00:00:00,2680,1.0,58.5,58.5,BARRA DE LED PARA MONITOR,AC3065,PATRICIA,CASADA,-,DELTA,1.0,,2026-03-11 00:00:00,,,,,,,,,,,,,,,,,
MARÇO_ABRIL_L51,MARÇO  ABRIL,Mar-Abr,51,2026-03-04 00:00:00,2680,19.0,58.5,1111.5,BARRA DE LED PARA MONITOR,AC3065,PATRICIA,ESTOQUE,-,DELTA,1.0,,2026-03-11 00:00:00,,,,,,,,,,,,,,,,,
MARÇO_ABRIL_L52,MARÇO  ABRIL,Mar-Abr,52,2026-03-04 00:00:00,2316,25.0,32.4,810.0,FONE DE OUVIDO ,FN648,PATRICIA,CASADA,-,ONISTEK,1.0,,2026-03-11 00:00:00,,,,,,,,,,,,,,,,,
MARÇO_ABRIL_L53,MARÇO  ABRIL,Mar-Abr,53,2026-03-04 00:00:00,8321,5.0,339.9,1699.5,CHAVE DE IMPACTO 21V 580NM,BOM-9964,YHAN,CASADA,-,BOMVINK,31.0,,2026-03-04 00:00:00,,,,,,,,,,,,,,,,,
MARÇO_ABRIL_L54,MARÇO  ABRIL,Mar-Abr,54,2026-03-04 00:00:00,8321,80.0,13.99,1119.2,LAMPADA DE PAREDE SOLAR COM FILAMENTO,BOM-4209,YHAN,CASADA,-,BOMVINK,31.0,,2026-03-04 00:00:00,,,,,,,,,,,,,,,,,
MARÇO_ABRIL_L55,MARÇO  ABRIL,Mar-Abr,55,2026-03-04 00:00:00,8321,4.0,289.9,1159.6,MARTELO PERFURADOR E ROMPEDOR 110V,BOM-9595,YHAN,CASADA,-,BOMVINK,31.0,,2026-03-04 00:00:00,,,,,,,,,,,,,,,,,
MARÇO_ABRIL_L56,MARÇO  ABRIL,Mar-Abr,56,2026-03-04 00:00:00,8321,20.0,119.9,2398.0,PARAFUSADEIRA BATERIA 21V,BOM-9970,YHAN,CASADA,-,BOMVINK,31.0,,2026-03-04 00:00:00,,,,,,,,,,,,,,,,,
MARÇO_ABRIL_L57,MARÇO  ABRIL,Mar-Abr,57,2026-03-04 00:00:00,8323,2.0,349.9,699.8,SOPRADOR A GASOLINA 26CC,BOM-9206,YHAN,CASADA,-,BOMVINK,31.0,,2026-03-04 00:00:00,,,,,,,,,,,,,,,,,
MARÇO_ABRIL_L58,MARÇO  ABRIL,Mar-Abr,58,2026-03-04 00:00:00,8323,9.0,289.9,2609.1,KIT JOGO DE CHAVES CATRACA SOQ. 24PCS,BOM-3911,YHAN,CASADA,-,BOMVINK,31.0,,2026-03-04 00:00:00,,,,,,,,,,,,,,,,,
MARÇO_ABRIL_L59,MARÇO  ABRIL,Mar-Abr,59,2026-03-04 00:00:00,10026,100.0,20.0,2000.0,CARREGADOR PORTATIL,KA-952,GUILHERME,CASADA,-,KAPBOM,31.0,,2026-03-04 00:00:00,,,,,,,,,,,,,,,,,
MARÇO_ABRIL_L60,MARÇO  ABRIL,Mar-Abr,60,2026-03-04 00:00:00,909454,500.0,113.9,56950.0,PLACA MAE 1150 BPC-H81 M.2,69343,YHAN,CASADA,-,POWERPC,1.0,,,,2026-04-03 00:00:00,2026-05-03 00:00:00,,,,,,,,,,,,,,
MARÇO_ABRIL_L61,MARÇO  ABRIL,Mar-Abr,61,2026-03-04 00:00:00,31608,61.0,66.49,4055.89,PROCESSADOR INTEL I5 2400 OEM,52400S,GUSTAVO,NINJA,-,W.A ACCESS,1.0,,,,,,,,,,,,,,,,,,,
MARÇO_ABRIL_L62,MARÇO  ABRIL,Mar-Abr,62,2026-03-04 00:00:00,248434,3.0,90.0,270.0,LICENÇA ESD OFFICE PRO 2021,1006072,GLEY,LICITAÇÃO,-,AFOX,31.0,,,,,,,,,,,,,,,,,,,
MARÇO_ABRIL_L63,MARÇO  ABRIL,Mar-Abr,63,2026-03-05 00:00:00,2751,100.0,52.2,5220.0,SWITCH 8 PORTAS 1000MBPS,ATS-108G,YHAN,CASADA,-,AITEK,1.0,,2026-03-12 00:00:00,,,,,,,,,,,,,,,,,
MARÇO_ABRIL_L64,MARÇO  ABRIL,Mar-Abr,64,2026-03-05 00:00:00,8633,1.0,309.9,309.9,LAVADOURA DE ALTA PRESSAO 220V,BOM-7010,PATRICIA,CASADA,-,BOMVINK,1.0,,,,,,,,,,,,,,,,,,,
MARÇO_ABRIL_L65,MARÇO  ABRIL,Mar-Abr,65,2026-03-05 00:00:00,8634,1.0,309.9,309.9,LAVADOURA DE ALTA PRESSAO 220V,BOM-7010,PATRICIA,CASADA,-,BOMVINK,1.0,,2026-03-17 00:00:00,,,,,,,,,,,,,,,,,
MARÇO_ABRIL_L66,MARÇO  ABRIL,Mar-Abr,66,2026-03-05 00:00:00,8632,380.0,39.9,15162.0,LUMINARIA JARDIM COM PLACA SOLAR,BOM-4601,GUSTAVO,NINJA,-,BOMVINK,1.0,,2026-03-17 00:00:00,,,,,,,,,,,,,,,,,
MARÇO_ABRIL_L67,MARÇO  ABRIL,Mar-Abr,67,2026-03-05 00:00:00,909575,300.0,325.0,97500.0,PLACA MAE 1200 BPC-H510 M.2,53003,GLEY,LICITAÇÃO,-,POWERPC,1.0,,,,2026-04-04 00:00:00,2026-05-04 00:00:00,,,,,,,,,,,,,,
MARÇO_ABRIL_L68,MARÇO  ABRIL,Mar-Abr,68,2026-03-05 00:00:00,909587,500.0,113.9,56950.0,PLACA MAE 1150 BPC-H81 M.2,69343,GUSTAVO,NINJA,-,POWERPC,1.0,,,,2026-04-04 00:00:00,2026-05-04 00:00:00,,,,,,,,,,,,,,
MARÇO_ABRIL_L69,MARÇO  ABRIL,Mar-Abr,69,2026-03-05 00:00:00,-,15.0,40.0,600.0, DDR3 4GB 1600 NOTE,-,YHAN,CASADA,-,JOICE,31.0,,,,,,,,,,,,,,,,,,,
MARÇO_ABRIL_L70,MARÇO  ABRIL,Mar-Abr,70,2026-03-05 00:00:00,-,15.0,135.0,2025.0,DDR4 4GB 2400 PC,-,YHAN,CASADA,-,JOICE,31.0,,,,,,,,,,,,,,,,,,,
MARÇO_ABRIL_L71,MARÇO  ABRIL,Mar-Abr,71,2026-03-05 00:00:00,-,5.0,660.0,3300.0,DDR4 16GB 3200 PC   | HyperX,-,YHAN,CASADA,-,-,1.0,,,,,,,,,,,,,,,,,,,
MARÇO_ABRIL_L72,MARÇO  ABRIL,Mar-Abr,72,2026-03-05 00:00:00,-,30.0,400.0,12000.0,SSD 480 WD GREEN,-,ISAAC,CASADA,-,-,1.0,,2026-03-10 00:00:00,,,,,,,,,,,,,,,,,
MARÇO_ABRIL_L73,MARÇO  ABRIL,Mar-Abr,73,2026-03-06 00:00:00,1110,300.0,27.0,8100.0,CARTAO MEMORIA MICRO SD 32G,D-TF32,ISAAC,CASADA,-,GRASEP,1.0,,,,,,,,,,,,,,,,,,,
MARÇO_ABRIL_L74,MARÇO  ABRIL,Mar-Abr,74,2026-03-06 00:00:00,1123,4.0,1044.0,4176.0,MONITOR LED 34',D-GR340,GUILHERME,CASADA,-,GRASEP,31.0,,2026-03-06 00:00:00,,,,,,,,,,,,,,,,,
MARÇO_ABRIL_L75,MARÇO  ABRIL,Mar-Abr,75,2026-03-06 00:00:00,909789,1000.0,113.9,113900.0,PLACA MAE 1150 BPC-H81 M.2,69343,YHAN,CASADA,-,POWERPC,1.0,,2026-03-16 00:00:00,,2026-04-05 00:00:00,2026-05-05 00:00:00,,,,,,,,,,,,,,
MARÇO_ABRIL_L76,MARÇO  ABRIL,Mar-Abr,76,2026-03-06 00:00:00,236914,120.0,57.65,6918.0,EXTENSOR CONVERSOR FIBRA OPTICA RJ45,4884,ISAAC,CASADA,-,EXBOM (MCT),1.0,,,,,,,,,,,,,,,,,,,linha_duplicada_suspeita;
MARÇO_ABRIL_L77,MARÇO  ABRIL,Mar-Abr,77,2026-03-06 00:00:00,236914,120.0,57.65,6918.0,EXTENSOR CONVERSOR FIBRA OPTICA RJ45,4884,ISAAC,ESTOQUE,-,EXBOM (MCT),1.0,,,,,,,,,,,,,,,,,,,linha_duplicada_suspeita;
MARÇO_ABRIL_L78,MARÇO  ABRIL,Mar-Abr,78,2026-03-06 00:00:00,-,100.0,660.0,66000.0,MEMORIA DDR4 16GB,-,ISAAC,CASADA,-,-,1.0,,,,,,,,,,,,,,,,,,,
MARÇO_ABRIL_L79,MARÇO  ABRIL,Mar-Abr,79,2026-03-06 00:00:00,-,200.0,320.0,64000.0,MEMORIA DDR4 8G2666,-,ISAAC,CASADA,-,-,1.0,,,,,,,,,,,,,,,,,,,
MARÇO_ABRIL_L80,MARÇO  ABRIL,Mar-Abr,80,2026-03-06 00:00:00,-,300.0,152.0,45600.0,MONITOR AX20',-,YHAN,ESTOQUE,-,HAOQING,1.0,,,,,,,,,,,,,,,,,,,linha_duplicada_suspeita;
MARÇO_ABRIL_L81,MARÇO  ABRIL,Mar-Abr,81,2026-03-06 00:00:00,-,1000.0,85.0,85000.0,PLACA MAE H61,-,YHAN,ESTOQUE,-,HAOQING,1.0,,2026-03-10 00:00:00,,,,,,,,,,,,,,,,,
MARÇO_ABRIL_L82,MARÇO  ABRIL,Mar-Abr,82,2026-03-06 00:00:00,2811,500.0,121.5,60750.0,DDR3 8GB 1600,1608P,GUILHERME,CASADA,-,DELTA,31.0,,2026-03-12 00:00:00,,,,,,,,,,,,,,,,,linha_duplicada_suspeita;
MARÇO_ABRIL_L83,MARÇO  ABRIL,Mar-Abr,83,2026-03-06 00:00:00,2811,500.0,121.5,60750.0,DDR3 8GB 1600,1608P,GUILHERME,ESTOQUE,-,DELTA,31.0,,,,,,,,,,,,,,,,,,,linha_duplicada_suspeita;
MARÇO_ABRIL_L84,MARÇO  ABRIL,Mar-Abr,84,2026-03-06 00:00:00,1138,32.0,260.0,8320.0,MONITOR LED RESOLUÇÃO 1920*1080 TELA23.8,MN005,GUILHERME,CASADA,-,GRASEP,31.0,,2026-03-17 00:00:00,,,,,,,,,,,,,,,,,
MARÇO_ABRIL_L85,MARÇO  ABRIL,Mar-Abr,85,2026-03-06 00:00:00,1138,368.0,260.0,95680.0,MONITOR LED RESOLUÇÃO 1920*1080 TELA23.8,MN005,GUILHERME,ESTOQUE,-,GRASEP,31.0,,,,,,,,,,,,,,,,,,,
MARÇO_ABRIL_L86,MARÇO  ABRIL,Mar-Abr,86,2026-03-06 00:00:00,509,35.0,79.8,2793.0,HD 2TB WD PURPLE,116,ISAAC,ESTOQUE,-,JAVACOMP,1.0,,2026-03-17 00:00:00,,,,,,,,,,,,,,,,,
MARÇO_ABRIL_L87,MARÇO  ABRIL,Mar-Abr,87,2026-03-06 00:00:00,87424,10.0,1207.71,12077.1,CADEIRA GAMER LUNARI FEARLESS PRETO,71079,NETO,-,-,ELEMENT,1.0,,2026-03-26 00:00:00,,,,,,,,,,,,,,,,,
MARÇO_ABRIL_L88,MARÇO  ABRIL,Mar-Abr,88,2026-03-09 00:00:00,-,1.0,5350.0,5350.0,IPHONE 16 PRO 128GB,-,PATRICIA,CASADA,-,-,31.0,,,,,,,,,,,,,,,,,,,
MARÇO_ABRIL_L89,MARÇO  ABRIL,Mar-Abr,89,2026-03-09 00:00:00,-,2.0,8100.0,16200.0,IPHONE 17 PM AZUL,-,PATRICIA,CASADA,-,-,31.0,,,,,,,,,,,,,,,,,,,
MARÇO_ABRIL_L90,MARÇO  ABRIL,Mar-Abr,90,2026-03-09 00:00:00,-,50.0,650.0,32500.0,MEMORIA 4GB DDR4,-,DIEGO,CASADA,-,-,31.0,,,,,,,,,,,,,,,,,,,
MARÇO_ABRIL_L91,MARÇO  ABRIL,Mar-Abr,91,2026-03-09 00:00:00,3376325,1680.0,15.56,26140.8,PENDRIVE TWIST PRETO 16GB,PD588,GUILHERME,CASADA,-,MULTILASER,31.0,,,,,,,,,,,,,,,,,,,
MARÇO_ABRIL_L92,MARÇO  ABRIL,Mar-Abr,92,2026-03-09 00:00:00,3376325,3600.0,22.63,81468.0,PENDRIVE TWIST PRETO 64GB,PD590,GUILHERME,CASADA,-,MULTILASER,31.0,,,,,,,,,,,,,,,,,,,
MARÇO_ABRIL_L93,MARÇO  ABRIL,Mar-Abr,93,2026-03-09 00:00:00,8940,48.0,7.9,379.2,ARCO SERRA 12',BOM-1522,YHAN,CASADA,-,BOMVINK,31.0,,2026-03-11 00:00:00,,,,,,,,,,,,,,,,,
MARÇO_ABRIL_L94,MARÇO  ABRIL,Mar-Abr,94,2026-03-09 00:00:00,8940,40.0,38.9,1556.0,KIT 6-4 ALICATE CRIMPAR BOX C/ 1250 TERM.,BOM-3705,YHAN,CASADA,-,BOMVINK,31.0,,2026-03-11 00:00:00,,,,,,,,,,,,,,,,,
MARÇO_ABRIL_L95,MARÇO  ABRIL,Mar-Abr,95,2026-03-09 00:00:00,8940,60.0,15.99,959.4,JOGO DE 5 BROCAS SDS PARA CONCRETO,BOM-5059,YHAN,CASADA,-,BOMVINK,31.0,,2026-03-11 00:00:00,,,,,,,,,,,,,,,,,
MARÇO_ABRIL_L96,MARÇO  ABRIL,Mar-Abr,96,2026-03-09 00:00:00,8940,200.0,3.9,780.0,KIT 12PCS LAPIS DE CARPINTEIRO,BOM-5925,YHAN,CASADA,-,BOMVINK,31.0,,2026-03-11 00:00:00,,,,,,,,,,,,,,,,,
MARÇO_ABRIL_L97,MARÇO  ABRIL,Mar-Abr,97,2026-03-09 00:00:00,8940,30.0,26.9,807.0,NIVEL MANUAL MAGNETICO COM REGUA 100CME 3 BOLHAS,BOM-6530,YHAN,CASADA,-,BOMVINK,31.0,,2026-03-11 00:00:00,,,,,,,,,,,,,,,,,
MARÇO_ABRIL_L98,MARÇO  ABRIL,Mar-Abr,98,2026-03-09 00:00:00,8940,72.0,10.9,784.8,ALICATE UNIVERSAL 8 POLEGADAS,BOM-1603,YHAN,CASADA,-,BOMVINK,31.0,,2026-03-11 00:00:00,,,,,,,,,,,,,,,,,
MARÇO_ABRIL_L99,MARÇO  ABRIL,Mar-Abr,99,2026-03-09 00:00:00,8940,50.0,20.99,1049.5,ALICATE PRENSA TERMINAIS TIPO PROFISSIONAL,BOM-1710,YHAN,CASADA,-,BOMVINK,31.0,,2026-03-11 00:00:00,,,,,,,,,,,,,,,,,
MARÇO_ABRIL_L100,MARÇO  ABRIL,Mar-Abr,100,2026-03-09 00:00:00,8940,60.0,11.99,719.4,JOGO DE ESCOVAS ACO CIRCULAR HASTE C/ 6PCS,BOM-5656,YHAN,CASADA,-,BOMVINK,31.0,,2026-03-11 00:00:00,,,,,,,,,,,,,,,,,
MARÇO_ABRIL_L101,MARÇO  ABRIL,Mar-Abr,101,2026-03-09 00:00:00,8940,100.0,6.9,690.0,JOGO DE SOQUETES MAGNETICOS 5PCS,BOM-5022,YHAN,CASADA,-,BOMVINK,31.0,,2026-03-11 00:00:00,,,,,,,,,,,,,,,,,
MARÇO_ABRIL_L102,MARÇO  ABRIL,Mar-Abr,102,2026-03-09 00:00:00,8940,60.0,7.9,474.0,NIVEL MANUAL COM REGUA DE 50CM E 3 BOLHAS,BOM-6521,YHAN,CASADA,-,BOMVINK,31.0,,2026-03-11 00:00:00,,,,,,,,,,,,,,,,,
MARÇO_ABRIL_L103,MARÇO  ABRIL,Mar-Abr,103,2026-03-09 00:00:00,8940,120.0,6.9,828.0,TRENA EMBORRACHADA PONTA MAGNETICA 5M,BOM-6504,YHAN,CASADA,-,BOMVINK,31.0,,2026-03-11 00:00:00,,,,,,,,,,,,,,,,,
MARÇO_ABRIL_L104,MARÇO  ABRIL,Mar-Abr,104,2026-03-09 00:00:00,8940,100.0,8.99,899.0,MACARICO PORTIL CULINARIA 1300C,BOM-1540,YHAN,CASADA,-,BOMVINK,31.0,,2026-03-11 00:00:00,,,,,,,,,,,,,,,,,
MARÇO_ABRIL_L105,MARÇO  ABRIL,Mar-Abr,105,2026-03-09 00:00:00,78291,20.0,26.0,520.0,COMBO GAMER START - MOUSE E TECLADO,015-0052,GUILHERME,CASADA,-,SANTANA,31.0,,2026-03-11 00:00:00,,,,,,,,,,,,,,,,,
MARÇO_ABRIL_L106,MARÇO  ABRIL,Mar-Abr,106,2026-03-09 00:00:00,78291,5980.0,26.0,155480.0,COMBO GAMER START - MOUSE E TECLADO,015-0052,GUILHERME,ESTOQUE,-,SANTANA,31.0,,2026-03-11 00:00:00,,,,,,,,,,,,,,,,,
MARÇO_ABRIL_L107,MARÇO  ABRIL,Mar-Abr,107,2026-03-09 00:00:00,78291,2000.0,6.0,12000.0,MOUSE WIRELESS 2.4GHZ OFFICE,015-0080,GUILHERME,ESTOQUE,-,SANTANA,31.0,,,,,,,,,,,,,,,,,,,
MARÇO_ABRIL_L108,MARÇO  ABRIL,Mar-Abr,108,2026-03-09 00:00:00,58257,97.0,5.1759,502.0623,PASTA DE NOTEBOOK,DNB-9,PATRICIA,ESTOQUE,-,HWJ,1.0,,2026-03-16 00:00:00,,,,,,,,,,,,,,,,,
MARÇO_ABRIL_L109,MARÇO  ABRIL,Mar-Abr,109,2026-03-09 00:00:00,58257,3.0,5.1759,15.5277,PASTA DE NOTEBOOK,DNB-9,PATRICIA,CASADA,-,HWJ,1.0,,2026-03-16 00:00:00,,,,,,,,,,,,,,,,,
MARÇO_ABRIL_L110,MARÇO  ABRIL,Mar-Abr,110,2026-03-09 00:00:00,58257,97.0,8.4593,820.5521,BOLSA PASTA DE NOTEBOOK COM ALÇA,DNB-4803,PATRICIA,ESTOQUE,-,HWJ,1.0,,2026-03-16 00:00:00,,,,,,,,,,,,,,,,,
MARÇO_ABRIL_L111,MARÇO  ABRIL,Mar-Abr,111,2026-03-09 00:00:00,58257,3.0,8.4593,25.3779,BOLSA PASTA DE NOTEBOOK COM ALÇA,DNB-4803,PATRICIA,CASADA,-,HWJ,1.0,,2026-03-16 00:00:00,,,,,,,,,,,,,,,,,
MARÇO_ABRIL_L112,MARÇO  ABRIL,Mar-Abr,112,2026-03-09 00:00:00,58257,97.0,5.5484,538.1948,PASTA PARA NOTEBOOK,DNB-4815,PATRICIA,ESTOQUE,-,HWJ,1.0,,2026-03-16 00:00:00,,,,,,,,,,,,,,,,,
MARÇO_ABRIL_L113,MARÇO  ABRIL,Mar-Abr,113,2026-03-09 00:00:00,58257,3.0,5.5484,16.6452,PASTA PARA NOTEBOOK,DNB-4815,PATRICIA,CASADA,-,HWJ,1.0,,2026-03-16 00:00:00,,,,,,,,,,,,,,,,,
MARÇO_ABRIL_L114,MARÇO  ABRIL,Mar-Abr,114,2026-03-09 00:00:00,58257,98.0,2.1671,212.3758,PASTA NOTEBOOK EXECUTIVO,DNB-22,PATRICIA,ESTOQUE,-,HWJ,1.0,,2026-03-16 00:00:00,,,,,,,,,,,,,,,,,
MARÇO_ABRIL_L115,MARÇO  ABRIL,Mar-Abr,115,2026-03-09 00:00:00,58257,2.0,2.1671,4.3342,PASTA NOTEBOOK EXECUTIVO,DNB-22,PATRICIA,CASADA,-,HWJ,1.0,,2026-03-16 00:00:00,,,,,,,,,,,,,,,,,
MARÇO_ABRIL_L116,MARÇO  ABRIL,Mar-Abr,116,2026-03-10 00:00:00,2968,64.0,135.0,8640.0,SWITCH 8+2+1,ATS-1082,ISAAC,ESTOQUE,-,AITEK,1.0,,,,,,,,,,,,,,,,,,,
MARÇO_ABRIL_L117,MARÇO  ABRIL,Mar-Abr,117,2026-03-10 00:00:00,2968,32.0,405.0,12960.0,SWITCH 16+2+1,ATS-1182,ISAAC,CASADA,-,AITEK,1.0,,,,,,,,,,,,,,,,,,,
MARÇO_ABRIL_L118,MARÇO  ABRIL,Mar-Abr,118,2026-03-10 00:00:00,2967,100.0,45.0,4500.0,PENDRIVE 128GB,P1128,GLEY,LICITAÇÃO,-,AITEK,1.0,,,,,,,,,,,,,,,,,,,
MARÇO_ABRIL_L119,MARÇO  ABRIL,Mar-Abr,119,2026-03-10 00:00:00,-,4.0,650.0,2600.0,DDR4 16GB 3200,-,DIEGO,CASADA,-,JOICE,1.0,,,,,,,,,,,,,,,,,,,
MARÇO_ABRIL_L120,MARÇO  ABRIL,Mar-Abr,120,2026-03-10 00:00:00,910098,100.0,127.95,12795.0,PROC DESK INTEL 1150 I5-4590,67811,GUSTAVO,NINJA,-,POWERPC,1.0,,,,2026-04-09 00:00:00,2026-05-09 00:00:00,,,,,,,,,,,,,,
MARÇO_ABRIL_L121,MARÇO  ABRIL,Mar-Abr,121,2026-03-10 00:00:00,2980,6.0,774.0,4644.0,PLACA DE VIDEO RX580 8GB DDR5,RX580RGB,GUILHERME,CASADA,-,AITEK,31.0,,2026-03-10 00:00:00,,,,,,,,,,,,,,,,,
MARÇO_ABRIL_L122,MARÇO  ABRIL,Mar-Abr,122,2026-03-10 00:00:00,2980,10.0,738.0,7380.0,PLACA DE VIDEO RX580 8GB DDR5,RX580,GUILHERME,CASADA,-,AITEK,31.0,,2026-03-10 00:00:00,,,,,,,,,,,,,,,,,
MARÇO_ABRIL_L123,MARÇO  ABRIL,Mar-Abr,123,2026-03-10 00:00:00,2984,20.0,342.0,6840.0,PLACA MAE LGA1151 H610 M.2 SSD,H610M2K,GUILHERME,CASADA,-,AITEK,31.0,,2026-03-10 00:00:00,,,,,,,,,,,,,,,,,
MARÇO_ABRIL_L124,MARÇO  ABRIL,Mar-Abr,124,2026-03-10 00:00:00,2985,20.0,738.0,14760.0,PLACA VIDEO RX580 8GB DDR5,RX580,YHAN,CASADA,-,AITEK,1.0,,,,,,,,,,,,,,,,,,,
MARÇO_ABRIL_L125,MARÇO  ABRIL,Mar-Abr,125,2026-03-10 00:00:00,2970,20.0,61.2,1224.0,SUPORTE FONE PRETO COM HUB USB3.0,S331,YHAN,CASADA,-,AITEK,1.0,,,,,,,,,,,,,,,,,,,
MARÇO_ABRIL_L126,MARÇO  ABRIL,Mar-Abr,126,2026-03-10 00:00:00,1202,5.0,360.0,1800.0,GABINETE GAMER ,ATX09,GUILHERME,CASADA,-,GRASEP,31.0,,2026-03-10 00:00:00,,,,,,,,,,,,,,,,,
MARÇO_ABRIL_L127,MARÇO  ABRIL,Mar-Abr,127,2026-03-10 00:00:00,1202,5.0,285.0,1425.0,GABINETE GAMER ,MATX10,GUILHERME,CASADA,-,GRASEP,31.0,,2026-03-10 00:00:00,,,,,,,,,,,,,,,,,
MARÇO_ABRIL_L128,MARÇO  ABRIL,Mar-Abr,128,2026-03-10 00:00:00,1202,5.0,290.0,1450.0,GABINETE GAMER ,MATX07,GUILHERME,CASADA,-,GRASEP,31.0,,,,,,,,,,,,,,,,,,,
MARÇO_ABRIL_L129,MARÇO  ABRIL,Mar-Abr,129,2026-03-10 00:00:00,-,100.0,345.0,34500.0,SSD 480GB OEM,-,GUILHERME,CASADA,-,THIAGO VECHI,31.0,,2026-03-12 00:00:00,,,,,,,,,,,,,,,,,
MARÇO_ABRIL_L130,MARÇO  ABRIL,Mar-Abr,130,2026-03-10 00:00:00,6050,100.0,25.95,2595.0,CONTROLE SEM FIO,MAY-004A,GUSTAVO,NINJA,-,TOMATE,1.0,,,,,,,,,,,,,,,,,,,
MARÇO_ABRIL_L131,MARÇO  ABRIL,Mar-Abr,131,2026-03-10 00:00:00,-,233.0,110.0,25630.0,SSD 120GB HAYOM,-,YHAN,ESTOQUE,-,GABIZ,31.0,,,,,,,,,,,,,,,,,,,
MARÇO_ABRIL_L132,MARÇO  ABRIL,Mar-Abr,132,2026-03-10 00:00:00,-,1000.0,17.0,17000.0,ADAPTADOR WIFI 600MPBS BANDA DUPLA,MM-WX18,ISAAC,ESTOQUE,-,MINIMEN,1.0,,2026-03-16 00:00:00,,,,,,,,,,,,,,,,,
MARÇO_ABRIL_L133,MARÇO  ABRIL,Mar-Abr,133,2026-03-10 00:00:00,-,296.0,17.0,5032.0,ADAPTADOR WIFI 600MPBS BANDA DUPLA,MM-WX18,ISAAC,ESTOQUE,-,MINIMEN,1.0,,2026-03-16 00:00:00,,,,,,,,,,,,,,,,,
MARÇO_ABRIL_L134,MARÇO  ABRIL,Mar-Abr,134,2026-03-10 00:00:00,31651,40.0,85.0,3400.0,PROCESSADOR INTEL I5 3570 OEM,3570,ISAAC,CASADA,-,W.A ACCESS,1.0,,,,,,,,,,,,,,,,,,,
MARÇO_ABRIL_L135,MARÇO  ABRIL,Mar-Abr,135,2026-03-10 00:00:00,31651,23.0,85.0,1955.0,PROCESSADOR INTEL I5 3570 OEM,3570,ISAAC,ESTOQUE,-,W.A ACCESS,31.0,,,,,,,,,,,,,,,,,,,
MARÇO_ABRIL_L136,MARÇO  ABRIL,Mar-Abr,136,2026-03-10 00:00:00,4294,10.0,90.0,900.0,LICENÇA ESD OFFICE PRO 2021 ,1006072,GLEY,LICITAÇÃO,-,AFOX COMERCIO,1.0,,,,,,,,,,,,,,,,,,,
MARÇO_ABRIL_L137,MARÇO  ABRIL,Mar-Abr,137,2026-03-11 00:00:00,-,100.0,20.0,2000.0,"PASTA TERMICA PRATA 1G EM SERINGA PCT/10 ( 3,05 W/MK )",PS01,YHAN,ESTOQUE,-,DEX,1.0,,2026-03-25 00:00:00,,,,,,,,,,,,,,,,,
MARÇO_ABRIL_L138,MARÇO  ABRIL,Mar-Abr,138,2026-03-11 00:00:00,-,120.0,32.0,3840.0,"PASTA TERMICA PRATA 5G EM SERINGA C/PAZINHA PCT/10 ( 3,05 W/MK )",PS05,YHAN,ESTOQUE,-,DEX,1.0,,2026-03-25 00:00:00,,,,,,,,,,,,,,,,,
MARÇO_ABRIL_L139,MARÇO  ABRIL,Mar-Abr,139,2026-03-11 00:00:00,-,90.0,45.0,4050.0,"PASTA TERMICA PRATA 10G EM SERINGA C/PAZINHA PCT/10 ( 3,05 W/MK )",PS06,YHAN,ESTOQUE,-,DEX,1.0,,2026-03-25 00:00:00,,,,,,,,,,,,,,,,,
MARÇO_ABRIL_L140,MARÇO  ABRIL,Mar-Abr,140,2026-03-11 00:00:00,-,12.0,67.0,804.0,COLLER FAN 8X8 CM PCT/10,DX-8C,YHAN,ESTOQUE,-,DEX,1.0,,2026-03-25 00:00:00,,,,,,,,,,,,,,,,,
MARÇO_ABRIL_L141,MARÇO  ABRIL,Mar-Abr,141,2026-03-11 00:00:00,-,8.0,79.0,632.0,COLLER FAN 12X12 CM PCT/10,DX-12C,YHAN,ESTOQUE,-,DEX,1.0,,2026-03-25 00:00:00,,,,,,,,,,,,,,,,,
MARÇO_ABRIL_L142,MARÇO  ABRIL,Mar-Abr,142,2026-03-11 00:00:00,-,300.0,350.0,105000.0,DDR4 8GB 3200,-,GLEY,LICITAÇÃO,-,JOICE,1.0,,,2026-03-12 00:00:00,,,,,,,,,,,,,,,,
MARÇO_ABRIL_L143,MARÇO  ABRIL,Mar-Abr,143,2026-03-11 00:00:00,-,50.0,152.0,7600.0,MONITOR AX20',-,YHAN,CASADA,-,HAOQING,1.0,,,,,,,,,,,,,,,,,,,
MARÇO_ABRIL_L144,MARÇO  ABRIL,Mar-Abr,144,2026-03-11 00:00:00,206967,10.0,18.164,181.64,CABO DE SEGURANÇA C/ CHAVE,CS-30,GLEY,LICITAÇÃO,-,COLEÇÃO,1.0,,2026-04-24 00:00:00,,,,,,,,,,,,,,,,,
MARÇO_ABRIL_L145,MARÇO  ABRIL,Mar-Abr,145,2026-03-11 00:00:00,1315,500.0,82.0,41000.0,I5 3470,3470,GUSTAVO,NINJA,-,NEXT PC,31.0,,,2026-03-13 00:00:00,,,,,,,,,,,,,,,,
MARÇO_ABRIL_L146,MARÇO  ABRIL,Mar-Abr,146,2026-03-11 00:00:00,9127,240.0,3.8,912.0,KIT DEFUSIVEIS AUTOMOTIVOS COM 10 FUSIVEIS ALICATE JACARE,BOM-5531,PATRICIA,CASADA,-,BOMVINK,31.0,,2026-03-17 00:00:00,,,,,,,,,,,,,,,,,
MARÇO_ABRIL_L147,MARÇO  ABRIL,Mar-Abr,147,2026-03-11 00:00:00,9127,20.0,37.9,758.0,KIT DE FERRAMENTAS 9PCS 1PCT-9PCS,BOM-3919,PATRICIA,CASADA,-,BOMVINK,31.0,,2026-03-17 00:00:00,,,,,,,,,,,,,,,,,
MARÇO_ABRIL_L148,MARÇO  ABRIL,Mar-Abr,148,2026-03-11 00:00:00,9127,36.0,49.9,1796.4,LANTERNA DE MAO COM MALETA FERRAMENTAS,BOM-4503,PATRICIA,CASADA,-,BOMVINK,31.0,,2026-03-17 00:00:00,,,,,,,,,,,,,,,,,
MARÇO_ABRIL_L149,MARÇO  ABRIL,Mar-Abr,149,2026-03-11 00:00:00,9127,50.0,12.99,649.5,MULTIMETRO DIGITAL ,BOM-6002,PATRICIA,CASADA,-,BOMVINK,31.0,,2026-03-17 00:00:00,,,,,,,,,,,,,,,,,
MARÇO_ABRIL_L150,MARÇO  ABRIL,Mar-Abr,150,2026-03-11 00:00:00,9127,144.0,9.99,1438.56,FITA ACRILICA DUPLA FACE 300CM,BOM-1306,PATRICIA,CASADA,-,BOMVINK,31.0,,2026-03-17 00:00:00,,,,,,,,,,,,,,,,,
MARÇO_ABRIL_L151,MARÇO  ABRIL,Mar-Abr,151,2026-03-12 00:00:00,9238,60.0,8.9,534.0,NIVEL MANUAL COM REGUA DE 60CM E 3 BOLHAS,BOM-6523,ISAAC,ESTOQUE,-,BOMVINK,1.0,,,,,,,,,,,,,,,,,,,
MARÇO_ABRIL_L152,MARÇO  ABRIL,Mar-Abr,152,2026-03-12 00:00:00,9238,60.0,6.5,390.0,NIVEL MANUAL COM REGUA DE 30 CM E 3 BOLHAS,BOM-6520,ISAAC,ESTOQUE,-,BOMVINK,1.0,,,,,,,,,,,,,,,,,,,
MARÇO_ABRIL_L153,MARÇO  ABRIL,Mar-Abr,153,2026-03-12 00:00:00,9238,60.0,25.9,1554.0,NIVEL DE MAO COM 2 BOLHAS ALUMINIO BASE MAG.,BOM-6252,ISAAC,ESTOQUE,-,BOMVINK,1.0,,,,,,,,,,,,,,,,,,,
MARÇO_ABRIL_L154,MARÇO  ABRIL,Mar-Abr,154,2026-03-12 00:00:00,9238,120.0,7.9,948.0,ESCOVA AÇO SEM CABO 4 FILEIRAS,BOM-1576,ISAAC,ESTOQUE,-,BOMVINK,1.0,,,,,,,,,,,,,,,,,,,
MARÇO_ABRIL_L155,MARÇO  ABRIL,Mar-Abr,155,2026-03-12 00:00:00,9238,50.0,23.8,1190.0,ETIQUETA MANUL,BOM-1530,ISAAC,ESTOQUE,-,BOMVINK,1.0,,,,,,,,,,,,,,,,,,,
MARÇO_ABRIL_L156,MARÇO  ABRIL,Mar-Abr,156,2026-03-12 00:00:00,910545,500.0,135.0,67500.0,MONITOR LED 19 BPC-19WE02-B PRETO,57944,YHAN,ESTOQUE,-,POWERPC,31.0,,2026-03-16 00:00:00,2026-04-11 00:00:00,2026-05-11 00:00:00,2026-06-10 00:00:00,,,,,,,,,,,,,,
MARÇO_ABRIL_L157,MARÇO  ABRIL,Mar-Abr,157,2026-03-12 00:00:00,910545,100.0,249.9,24990.0,MONITOR LED 24 WR-75 FHD 75HZ PRETO,64508,YHAN,ESTOQUE,-,POWERPC,31.0,,2026-03-16 00:00:00,2026-04-11 00:00:00,2026-05-11 00:00:00,2026-06-10 00:00:00,,,,,,,,,,,,,,
MARÇO_ABRIL_L158,MARÇO  ABRIL,Mar-Abr,158,2026-03-12 00:00:00,910545,100.0,89.9,8990.0,VGA PCI EXP. 1GB/64BITS G210,61188,YHAN,ESTOQUE,-,POWERPC,31.0,,2026-03-16 00:00:00,2026-04-11 00:00:00,2026-05-11 00:00:00,2026-06-10 00:00:00,,,,,,,,,,,,,,
MARÇO_ABRIL_L159,MARÇO  ABRIL,Mar-Abr,159,2026-03-12 00:00:00,910545,800.0,135.0,108000.0,MONITOR LED 19 BPC-19WE02-B PRETO,57944,GUILHERME,CASADA,-,POWERPC,31.0,,2026-03-16 00:00:00,,,,,,,,,,,,,,,,,
MARÇO_ABRIL_L160,MARÇO  ABRIL,Mar-Abr,160,2026-03-12 00:00:00,-,100.0,120.0,12000.0, DDR4 2400 4GB,-,DIEGO,CASADA,-,THIAGO VECHI,31.0,,2026-03-30 00:00:00,2026-03-12 00:00:00,,,,,,,,,,,,,,,,
MARÇO_ABRIL_L161,MARÇO  ABRIL,Mar-Abr,161,2026-03-12 00:00:00,1268,200.0,40.5,8100.0,CARTAO DE MEMORIA MICRO SD 64G,TF64,ISAAC,ESTOQUE,-,GRASEP,1.0,,,,,,,,,,,,,,,,,,,
MARÇO_ABRIL_L162,MARÇO  ABRIL,Mar-Abr,162,2026-03-13 00:00:00,-,1.0,6000.0,6000.0,IPHONE 16 PRO MAX PRETO,-,PATRICIA,CASADA,-,-,31.0,,,,,,,,,,,,,,,,,,,
MARÇO_ABRIL_L163,MARÇO  ABRIL,Mar-Abr,163,2026-03-13 00:00:00,-,1.0,6000.0,6000.0,IPHONE 16 PRO MAX DESERT,-,PATRICIA,CASADA,-,-,31.0,,,,,,,,,,,,,,,,,,,
MARÇO_ABRIL_L164,MARÇO  ABRIL,Mar-Abr,164,2026-03-13 00:00:00,-,30.0,47.0,1410.0,ESCOVA MODELADORA 5 EM 1 110V,MM-TP51,ISAAC,CASADA,-,MINIMEN,31.0,,2026-03-19 00:00:00,,,,,,,,,,,,,,,,,
MARÇO_ABRIL_L165,MARÇO  ABRIL,Mar-Abr,165,2026-03-13 00:00:00,-,100.0,19.0,1900.0,VENTILADOR DE MESA COM LED,MM-FSD1,ISAAC,CASADA,-,MINIMEN,31.0,,2026-03-19 00:00:00,,,,,,,,,,,,,,,,,
MARÇO_ABRIL_L166,MARÇO  ABRIL,Mar-Abr,166,2026-03-13 00:00:00,-,100.0,10.0,1000.0,MINI VENTILADOR PORTÁTIL RECARREGAVEL,MM-H2,ISAAC,CASADA,-,MINIMEN,31.0,,2026-03-19 00:00:00,,,,,,,,,,,,,,,,,
MARÇO_ABRIL_L167,MARÇO  ABRIL,Mar-Abr,167,2026-03-13 00:00:00,-,24.0,27.0,648.0,CORTADOR DE VEGETAL E FRUTAS 16PÇS,MM-QGJ,ISAAC,CASADA,-,MINIMEN,31.0,,2026-03-19 00:00:00,,,,,,,,,,,,,,,,,
MARÇO_ABRIL_L168,MARÇO  ABRIL,Mar-Abr,168,2026-03-13 00:00:00,-,40.0,32.0,1280.0,COPO TERMICO 1200ML,MN-1001,ISAAC,CASADA,-,MINIMEN,31.0,,,,,,,,,,,,,,,,,,,
MARÇO_ABRIL_L169,MARÇO  ABRIL,Mar-Abr,169,2026-03-13 00:00:00,1286,10.0,290.0,2900.0,GABINETE GAMER ,MATX10,GUILHERME,CASADA,-,GRASEP,31.0,,2026-03-17 00:00:00,,,,,,,,,,,,,,,,,
MARÇO_ABRIL_L170,MARÇO  ABRIL,Mar-Abr,170,2026-03-13 00:00:00,1008,40.0,85.0,3400.0,PLACA MAE H61,-,GUILHERME,CASADA,-,HAOQING,31.0,,,,,,,,,,,,,,,,,,,
MARÇO_ABRIL_L171,MARÇO  ABRIL,Mar-Abr,171,2026-03-13 00:00:00,1008,320.0,85.0,27200.0,PLACA MAE H61,-,GUILHERME,ESTOQUE,-,HAOQING,31.0,,,,,,,,,,,,,,,,,,,
MARÇO_ABRIL_L172,MARÇO  ABRIL,Mar-Abr,172,2026-03-13 00:00:00,1289,500.0,18.0,9000.0,CARTAO DE MEMORIA MICRO SD 16G,D-TF16,ISAAC,ESTOQUE,-,GRASEP,1.0,,2026-03-19 00:00:00,,,,,,,,,,,,,,,,,
MARÇO_ABRIL_L173,MARÇO  ABRIL,Mar-Abr,173,2026-03-13 00:00:00,1289,500.0,40.5,20250.0,CARTAO DE MEMORIA MICRO SD 64G,D-TF64,ISAAC,ESTOQUE,-,GRASEP,1.0,,2026-03-19 00:00:00,,,,,,,,,,,,,,,,,
MARÇO_ABRIL_L174,MARÇO  ABRIL,Mar-Abr,174,2026-03-13 00:00:00,1289,500.0,27.0,13500.0,CARTAO DE MEMORIA MICRO SD 32G,D-TF32,ISAAC,ESTOQUE,-,GRASEP,1.0,,2026-03-19 00:00:00,,,,,,,,,,,,,,,,,
MARÇO_ABRIL_L175,MARÇO  ABRIL,Mar-Abr,175,2026-03-13 00:00:00,1152,80.0,23.2,1856.0,FONE ESTÉREO PARA GAMER P2,KA-903,YHAN,CASADA,-,KAPBOM,1.0,,,,,,,,,,,,,,,,,,,
MARÇO_ABRIL_L176,MARÇO  ABRIL,Mar-Abr,176,2026-03-13 00:00:00,1160,100.0,7.2,720.0,CABO DP 1.8M,KA-DP-1.8M,YHAN,CASADA,-,KAPBOM,1.0,,2026-03-19 00:00:00,,,,,,,,,,,,,,,,,
MARÇO_ABRIL_L177,MARÇO  ABRIL,Mar-Abr,177,2026-03-13 00:00:00,4157021,2.0,3522.61,7045.22,"NOTEBOOK ASUS VIVOBOOK 15, INTEL CORE
I5 13A, 8GB, 256GB",NOTASU07,GLEY,LICITAÇÃO,-,2ELETRO,1.0,,,2026-03-16 00:00:00,,,,,,,,,,,,,,,,
MARÇO_ABRIL_L178,MARÇO  ABRIL,Mar-Abr,178,2026-03-13 00:00:00,700796,1500.0,204.3848,306577.2,MONITOR 23LED VGA+HDMI VX230X 60HZ VXPRO,18198,ISAAC,CASADA,-,PREXX,31.0,,,,,,,,,,,,,,,,,,,
MARÇO_ABRIL_L179,MARÇO  ABRIL,Mar-Abr,179,2026-03-13 00:00:00,700796,500.0,125.4718,62735.9,MONITOR 19 LED VGA+HDMI VX190X 60HZ VXPRO,16544,ISAAC,CASADA,-,PREXX,31.0,,,,,,,,,,,,,,,,,,,
MARÇO_ABRIL_L180,MARÇO  ABRIL,Mar-Abr,180,2026-03-13 00:00:00,517,40.0,79.8,3192.0,HD 2TB WD PURPLE,116,ISAAC,ESTOQUE,-,JAVACOMP,1.0,,2026-03-17 00:00:00,,,,,,,,,,,,,,,,,
MARÇO_ABRIL_L181,MARÇO  ABRIL,Mar-Abr,181,2026-03-13 00:00:00,-,4000.0,8.3,33200.0,COOLER INTEL,-,GUILHERME,ESTOQUE,-,HAOQING,31.0,,,,,,,,,,,,,,,,,,,
MARÇO_ABRIL_L182,MARÇO  ABRIL,Mar-Abr,182,2026-03-13 00:00:00,3133,100.0,247.5,24750.0,AHD-P20 HD 2TB,AHD-920,ISAAC,CASADA,-,DELTA,31.0,,2026-03-31 00:00:00,,,,,,,,,,,,,,,,,
MARÇO_ABRIL_L183,MARÇO  ABRIL,Mar-Abr,183,2026-03-16 00:00:00,-,1.0,8400.0,8400.0,IPHONE 17 PROMAX 256GB SILVER,-,PATRICIA,CASADA,-,-,31.0,,,,,,,,,,,,,,,,,,,
MARÇO_ABRIL_L184,MARÇO  ABRIL,Mar-Abr,184,2026-03-16 00:00:00,-,2.0,1760.0,3520.0,TAB. GALAXY 128/6/760,-,PATRICIA,CASADA,-,-,31.0,,,,,,,,,,,,,,,,,,,
MARÇO_ABRIL_L185,MARÇO  ABRIL,Mar-Abr,185,2026-03-16 00:00:00,-,1.0,630.0,630.0,R 15C 128/4,-,PATRICIA,CASADA,-,-,31.0,,,,,,,,,,,,,,,,,,,
MARÇO_ABRIL_L186,MARÇO  ABRIL,Mar-Abr,186,2026-03-16 00:00:00,910902,1500.0,71.0,106500.0,GAB. MATX -B M255 C/FONTE 230W BOX,65576,YHAN,ESTOQUE,-,POWERPC,1.0,,,,2026-04-15 00:00:00,2026-05-15 00:00:00,,,,,,,,,,,,,,
MARÇO_ABRIL_L187,MARÇO  ABRIL,Mar-Abr,187,2026-03-16 00:00:00,2339,150.0,120.0,18000.0,SSD 128GB SOLID STATE DRIVE,2300,YHAN,CASADA,-,AMANDA CRIATIVA,31.0,,,2026-03-16 00:00:00,,,,,,,,,,,,,,,,
MARÇO_ABRIL_L188,MARÇO  ABRIL,Mar-Abr,188,2026-03-16 00:00:00,9662,20.0,89.9,1798.0,ESMERILHADEIRA ANGULAR 850W 110V,BOM-9551,YHAN,CASADA,-,BOMVINK,31.0,,2026-03-17 00:00:00,,,,,,,,,,,,,,,,,
MARÇO_ABRIL_L189,MARÇO  ABRIL,Mar-Abr,189,2026-03-16 00:00:00,9662,100.0,7.99,799.0,TESOURA 3PCS,BOM-3301,YHAN,CASADA,-,BOMVINK,31.0,,2026-03-17 00:00:00,,,,,,,,,,,,,,,,,
MARÇO_ABRIL_L190,MARÇO  ABRIL,Mar-Abr,190,2026-03-16 00:00:00,9662,200.0,4.9,980.0,ABRACADEIRA DE NYLON 6MMX-300MM,BOM-5495,YHAN,CASADA,-,BOMVINK,31.0,,2026-03-17 00:00:00,,,,,,,,,,,,,,,,,
MARÇO_ABRIL_L191,MARÇO  ABRIL,Mar-Abr,191,2026-03-16 00:00:00,9662,400.0,2.5,1000.0,LAMINA PARA ESTILETE KIT 18MM-10PCS,BOM-5922,YHAN,CASADA,-,BOMVINK,31.0,,2026-03-17 00:00:00,,,,,,,,,,,,,,,,,
MARÇO_ABRIL_L192,MARÇO  ABRIL,Mar-Abr,192,2026-03-16 00:00:00,9662,50.0,68.9,3445.0,COLETOR DE PÓ FURADEIRA COM NÍVEL LASER PORTÁTIL,BOM-6214,YHAN,CASADA,-,BOMVINK,31.0,,2026-03-17 00:00:00,,,,,,,,,,,,,,,,,
MARÇO_ABRIL_L193,MARÇO  ABRIL,Mar-Abr,193,2026-03-16 00:00:00,9662,10.0,79.9,799.0,POLITRIZ ANGULAR AUTOMOTIVA 110V 600W,BOM-9575,YHAN,CASADA,-,BOMVINK,31.0,,2026-03-17 00:00:00,,,,,,,,,,,,,,,,,
MARÇO_ABRIL_L194,MARÇO  ABRIL,Mar-Abr,194,2026-03-16 00:00:00,9662,2.0,299.9,599.8,DESEMPENADEIRA ELETRICA 127V 1200W,BOM-9625,YHAN,CASADA,-,BOMVINK,31.0,,2026-03-17 00:00:00,,,,,,,,,,,,,,,,,
MARÇO_ABRIL_L195,MARÇO  ABRIL,Mar-Abr,195,2026-03-16 00:00:00,9723,1.0,249.9,249.9,MINI SOPRADOR TURBO COM FUNCAO DE ASPIRACAO,BOM-9744,OSMAR,CASADA,SHOWROOM,BOMVINK,31.0,,2026-03-19 00:00:00,,,,,,,,,,,,,,,,,
MARÇO_ABRIL_L196,MARÇO  ABRIL,Mar-Abr,196,2026-03-16 00:00:00,9723,5.0,249.9,1249.5,MINI SOPRADOR TURBO COM FUNCAO DE ASPIRACAO,BOM-9744,OSMAR,ESTOQUE,-,BOMVINK,31.0,,2026-03-19 00:00:00,,,,,,,,,,,,,,,,,
MARÇO_ABRIL_L197,MARÇO  ABRIL,Mar-Abr,197,2026-03-16 00:00:00,910974,2000.0,2.95,5900.0,CABO DE FORÇA P/ MONITOR/GABINETE,44561,DIEGO,CASADA,-,POWERPC,31.0,,,,,,,,,,,,,,,,,,,
MARÇO_ABRIL_L198,MARÇO  ABRIL,Mar-Abr,198,2026-03-16 00:00:00,910974,100.0,249.9,24990.0,MONITOR LED 24 WR-75 FHD 75HZ PRETO,64508,DIEGO,CASADA,-,POWERPC,31.0,,,,,,,,,,,,,,,,,,,
MARÇO_ABRIL_L199,MARÇO  ABRIL,Mar-Abr,199,2026-03-17 00:00:00,3267,200.0,324.0,64800.0,PLACA MAE LGA1151 H510 10/11GEN M.2 SSD,H510M2K,GUILHERME,CASADA,-,DELTA,31.0,,2026-03-17 00:00:00,,,,,,,,,,,,,,,,,
MARÇO_ABRIL_L200,MARÇO  ABRIL,Mar-Abr,200,2026-03-17 00:00:00,3286,20.0,738.0,14760.0,PLACA DE VIDEO RX580 8GB DDR5,RX580,GUILHERME,CASADA,-,DELTA,31.0,,2026-03-17 00:00:00,,,,,,,,,,,,,,,,,
MARÇO_ABRIL_L201,MARÇO  ABRIL,Mar-Abr,201,2026-03-17 00:00:00,9729,2.0,589.9,1179.8,MAQUINA DE SOLDA 220V ,BOM-9572,ISAAC,CASADA,-,BOMVINK,1.0,,,,,,,,,,,,,,,,,,,
MARÇO_ABRIL_L202,MARÇO  ABRIL,Mar-Abr,202,2026-03-17 00:00:00,9735,5.0,259.9,1299.5,FURADEIRA DE IMPACTO 21V 100 N.M,BOM-9975,ISAAC,CASADA,-,BOMVINK,1.0,,2026-03-19 00:00:00,,,,,,,,,,,,,,,,,
MARÇO_ABRIL_L203,MARÇO  ABRIL,Mar-Abr,203,2026-03-17 00:00:00,9743,1.0,529.9,529.9,CORTADOR DE PISO AZULEJO PORCELANATO 120CM,BOM-1529,OSMAR,CASADA,SHOWROOM,BOMVINK,1.0,,2026-03-31 00:00:00,,,,,,,,,,,,,,,,,
MARÇO_ABRIL_L204,MARÇO  ABRIL,Mar-Abr,204,2026-03-17 00:00:00,9750,240.0,25.99,6237.6,LANTERNA DE CABECA COM RECARREGAVEL USB,BOM-4011,GUSTAVO,NINJA,-,BOMVINK,1.0,,,,,,,,,,,,,,,,,,,
MARÇO_ABRIL_L205,MARÇO  ABRIL,Mar-Abr,205,2026-03-17 00:00:00,8796,200.0,9.486,1897.2,CABO CFTV CAT6 10M,LE-314,GUSTAVO,NINJA,-,IT BLUE,1.0,,,,,,,,,,,,,,,,,,,
MARÇO_ABRIL_L206,MARÇO  ABRIL,Mar-Abr,206,2026-03-17 00:00:00,-,2.0,3500.0,7000.0,IPHONE 14 PRO 128G (CPO) ROXO,-,YHAN,CASADA,-,-,31.0,,,,,,,,,,,,,,,,,,,
MARÇO_ABRIL_L207,MARÇO  ABRIL,Mar-Abr,207,2026-03-17 00:00:00,1332,1.0,2906.4,2906.4,MAQUINA AUTOMATICA PARA PROCESSAMENTO DE DADOS,A24E99-05,YHAN,CASADA,SHOWROOM,,,,,,,,,,,,,,,,,,,,,
MARÇO_ABRIL_L208,MARÇO  ABRIL,Mar-Abr,208,2026-03-17 00:00:00,1332,1.0,3528.0,3528.0,MAQUINA AUTOMATICA PARA PROCESSAMENTO DE DADOS,A24E99-07,YHAN,CASADA,SHOWROOM,,,,2026-03-20 00:00:00,,,,,,,,,,,,,,,,,
MARÇO_ABRIL_L209,MARÇO  ABRIL,Mar-Abr,209,2026-03-17 00:00:00,3307,100.0,85.5,8550.0,FONTE PC AUTOMATICO 500W,EF500,YHAN,CASADA,-,AITEK,1.0,,2026-03-19 00:00:00,,,,,,,,,,,,,,,,,
MARÇO_ABRIL_L210,MARÇO  ABRIL,Mar-Abr,210,2026-03-17 00:00:00,-,5.0,330.0,1650.0,SSD  WD GREEN 250G,-,YHAN,CASADA,-,-,31.0,,2026-03-20 00:00:00,,,,,,,,,,,,,,,,,
MARÇO_ABRIL_L211,MARÇO  ABRIL,Mar-Abr,211,2026-03-17 00:00:00,-,4.0,350.0,1400.0,SSD KINGSTON 240G,-,YHAN,CASADA,-,-,31.0,,2026-03-20 00:00:00,,,,,,,,,,,,,,,,,
MARÇO_ABRIL_L212,MARÇO  ABRIL,Mar-Abr,212,2026-03-17 00:00:00,-,3.0,520.0,1560.0,SSD KINGSTON 480G,-,YHAN,CASADA,-,-,31.0,,2026-03-20 00:00:00,,,,,,,,,,,,,,,,,
MARÇO_ABRIL_L213,MARÇO  ABRIL,Mar-Abr,213,2026-03-17 00:00:00,-,2.0,820.0,1640.0,SSD KINGSTON 960G,-,YHAN,CASADA,-,-,31.0,,2026-03-20 00:00:00,,,,,,,,,,,,,,,,,
MARÇO_ABRIL_L214,MARÇO  ABRIL,Mar-Abr,214,2026-03-17 00:00:00,-,2.0,560.0,1120.0,SSD KINGSTON NV3 500G,-,YHAN,CASADA,-,-,31.0,,2026-03-20 00:00:00,,,,,,,,,,,,,,,,,
MARÇO_ABRIL_L215,MARÇO  ABRIL,Mar-Abr,215,2026-03-17 00:00:00,-,2.0,825.0,1650.0,SSD KINGSTON NV3 1TB,-,YHAN,CASADA,-,-,31.0,,2026-03-20 00:00:00,,,,,,,,,,,,,,,,,
MARÇO_ABRIL_L216,MARÇO  ABRIL,Mar-Abr,216,2026-03-17 00:00:00,403734,4.0,1069.2,4276.8,REGISTRADOR ELETRÔNICO DE PONTO - CONTROL ID,REP/671/BIO,CESAR,LICITAÇÃO,-,CONTROL ID MG,1.0,,2026-04-10 00:00:00,,2026-04-14 00:00:00,2026-05-12 00:00:00,,,,,,,,,,,,,,
MARÇO_ABRIL_L217,MARÇO  ABRIL,Mar-Abr,217,2026-03-17 00:00:00,8803,600.0,7.905,4743.0,CONTROLE AF 433,LE-7001,ISAAC,CASADA,-,-,31.0,,2026-03-18 00:00:00,,,,,,,,,,,,,,,,,
MARÇO_ABRIL_L218,MARÇO  ABRIL,Mar-Abr,218,2026-03-18 00:00:00,207475,6.0,69.248,415.488,ESTAB ES-500VA BM 115V BEM LIGADO CLK,-,GLEY,LICITAÇÃO,-,COLEÇÃO,1.0,,,,,,,,,,,,,,,,,,,
MARÇO_ABRIL_L219,MARÇO  ABRIL,Mar-Abr,219,2026-03-18 00:00:00,-,100.0,152.0,15200.0,MONITOR AX20',-,GUILHERME,CASADA,-,HAOQING,31.0,,,,,,,,,,,,,,,,,,,
MARÇO_ABRIL_L220,MARÇO  ABRIL,Mar-Abr,220,2026-03-18 00:00:00,-,160.0,85.0,13600.0,PLACA MAE H61,-,GUILHERME,CASADA,-,HAOQING,31.0,,,,,,,,,,,,,,,,,,,
MARÇO_ABRIL_L221,MARÇO  ABRIL,Mar-Abr,221,2026-03-18 00:00:00,-,30.0,620.0,18600.0,DDR4 16GB PC 3200MHZ KINGSTON,-,YHAN,CASADA,-,JOICE,31.0,,2026-03-19 00:00:00,2026-03-18 00:00:00,,,,,,,,,,,,,,,,
MARÇO_ABRIL_L222,MARÇO  ABRIL,Mar-Abr,222,2026-03-18 00:00:00,9958,144.0,5.9,849.6,SOQUETE 9PCS CANHAO MAGNETICO 5MM AO 13MM,BOM-5509,OSMAR,CASADA,PEDIDO JOAO BATISTA,BOMVINK,1.0,,2026-03-23 00:00:00,,,,,,,,,,,,,,,,,
MARÇO_ABRIL_L223,MARÇO  ABRIL,Mar-Abr,223,2026-03-18 00:00:00,9958,240.0,3.99,957.6,KIT 4PCS GARRA JACARE 30A,BOM-5582,OSMAR,CASADA,PEDIDO JOAO BATISTA,BOMVINK,1.0,,2026-03-23 00:00:00,,,,,,,,,,,,,,,,,
MARÇO_ABRIL_L224,MARÇO  ABRIL,Mar-Abr,224,2026-03-18 00:00:00,9958,480.0,1.5,720.0,FECHO DE TRINCO EM ACO INOXIDAVEL 4',BOM-5914,OSMAR,CASADA,PEDIDO JOAO BATISTA,BOMVINK,1.0,,2026-03-23 00:00:00,,,,,,,,,,,,,,,,,
MARÇO_ABRIL_L225,MARÇO  ABRIL,Mar-Abr,225,2026-03-18 00:00:00,9958,480.0,1.5,720.0,FECHO DE TRINCO EM ACO INOXIDAVEL 5',BOM-5915,OSMAR,CASADA,PEDIDO JOAO BATISTA,BOMVINK,1.0,,2026-03-23 00:00:00,,,,,,,,,,,,,,,,,
MARÇO_ABRIL_L226,MARÇO  ABRIL,Mar-Abr,226,2026-03-18 00:00:00,9958,600.0,1.5,900.0,FECHO DE TRINCO EM ACO INOXIDAVEL 2' 2PCS,BOM-5912,OSMAR,CASADA,PEDIDO JOAO BATISTA,BOMVINK,1.0,,2026-03-23 00:00:00,,,,,,,,,,,,,,,,,
MARÇO_ABRIL_L227,MARÇO  ABRIL,Mar-Abr,227,2026-03-18 00:00:00,9958,120.0,3.99,478.8,EXTENSOR ELASTICO GANCHO 2M,BOM-7505,OSMAR,CASADA,PEDIDO JOAO BATISTA,BOMVINK,1.0,,2026-03-23 00:00:00,,,,,,,,,,,,,,,,,
MARÇO_ABRIL_L228,MARÇO  ABRIL,Mar-Abr,228,2026-03-18 00:00:00,9958,24.0,29.9,717.6,KIT 2PCS CATRACA CINTA DE AMARRACAO 2.5CM*4.5M 700KGS,BOM-7431,OSMAR,CASADA,PEDIDO JOAO BATISTA,BOMVINK,1.0,,2026-03-23 00:00:00,,,,,,,,,,,,,,,,,
MARÇO_ABRIL_L229,MARÇO  ABRIL,Mar-Abr,229,2026-03-18 00:00:00,9958,240.0,3.5,840.0,TRINCO FERROLHO CHATO,BOM-2705,OSMAR,CASADA,PEDIDO JOAO BATISTA,BOMVINK,1.0,,2026-03-23 00:00:00,,,,,,,,,,,,,,,,,
MARÇO_ABRIL_L230,MARÇO  ABRIL,Mar-Abr,230,2026-03-18 00:00:00,9958,100.0,16.9,1690.0,KIT 4 RODIZIO 2 GIRATORIOS 2 FIXAS GEL RODINHA,BOM-2765,OSMAR,CASADA,PEDIDO JOAO BATISTA,BOMVINK,1.0,,2026-03-23 00:00:00,,,,,,,,,,,,,,,,,
MARÇO_ABRIL_L231,MARÇO  ABRIL,Mar-Abr,231,2026-03-18 00:00:00,9958,250.0,3.9,975.0,SUPORTE DE POLIMENTO COM ROSCA M14 115,BOM-5123,OSMAR,CASADA,PEDIDO JOAO BATISTA,BOMVINK,1.0,,2026-03-23 00:00:00,,,,,,,,,,,,,,,,,
MARÇO_ABRIL_L232,MARÇO  ABRIL,Mar-Abr,232,2026-03-19 00:00:00,-,150.0,329.0,49350.0,DDR4 8GB.,-,DIEGO,CASADA,-,-,31.0,,2026-03-24 00:00:00,,,,,,,,,,,,,,,,,
MARÇO_ABRIL_L233,MARÇO  ABRIL,Mar-Abr,233,2026-03-19 00:00:00,10095,1.0,799.9,799.9,MARTELETE DEMOLIDOR 220V 2000W,BOM-9636,ISAAC,CASADA,-,BOMVINK,1.0,,2026-03-23 00:00:00,,,,,,,,,,,,,,,,,
MARÇO_ABRIL_L234,MARÇO  ABRIL,Mar-Abr,234,2026-03-19 00:00:00,10095,5.0,299.9,1499.5,KIT MARTELETE 21V-10BATERIAS,BOM-9716,ISAAC,CASADA,-,BOMVINK,1.0,,2026-03-23 00:00:00,,,,,,,,,,,,,,,,,
MARÇO_ABRIL_L235,MARÇO  ABRIL,Mar-Abr,235,2026-03-19 00:00:00,10094,144.0,10.9,1569.6,TESOURA DE COZINHA MULTIFU-NACIONAL C/ CAPA MAGNETICA,BOM-1058,ISAAC,CASADA,-,BOMVINK,31.0,,2026-03-23 00:00:00,,,,,,,,,,,,,,,,,
MARÇO_ABRIL_L236,MARÇO  ABRIL,Mar-Abr,236,2026-03-19 00:00:00,10094,100.0,10.9,1090.0,TESOURA PARA CORTE DE CABELO 6',BOM-1065,ISAAC,CASADA,-,BOMVINK,31.0,,2026-03-23 00:00:00,,,,,,,,,,,,,,,,,
MARÇO_ABRIL_L237,MARÇO  ABRIL,Mar-Abr,237,2026-03-19 00:00:00,10094,72.0,9.9,712.8,FITA ADESIVA PARA DEMARCACAO E SINALIZACAO ,BOM-1304,ISAAC,CASADA,-,BOMVINK,31.0,,2026-03-23 00:00:00,,,,,,,,,,,,,,,,,
MARÇO_ABRIL_L238,MARÇO  ABRIL,Mar-Abr,238,2026-03-19 00:00:00,10094,72.0,6.99,503.28,FITA DE SINALIZAÇAO EM PVC,BOM-1323,ISAAC,CASADA,-,BOMVINK,31.0,,2026-03-23 00:00:00,,,,,,,,,,,,,,,,,
MARÇO_ABRIL_L239,MARÇO  ABRIL,Mar-Abr,239,2026-03-19 00:00:00,10094,288.0,3.5,1008.0,KIT FITA ISOLANTE 1.7*500CM*3PCS,BOM-1303,ISAAC,CASADA,-,BOMVINK,31.0,,2026-03-23 00:00:00,,,,,,,,,,,,,,,,,
MARÇO_ABRIL_L240,MARÇO  ABRIL,Mar-Abr,240,2026-03-19 00:00:00,10094,60.0,12.99,779.4,SERROTE CABO 22',BOM-1532,ISAAC,CASADA,-,BOMVINK,31.0,,2026-03-23 00:00:00,,,,,,,,,,,,,,,,,
MARÇO_ABRIL_L241,MARÇO  ABRIL,Mar-Abr,241,2026-03-19 00:00:00,10094,1.0,139.9,139.9,MACACO HIDRAULICO TIPO JACARE 2T,BOM-1541,ISAAC,CASADA,-,BOMVINK,31.0,,2026-03-23 00:00:00,,,,,,,,,,,,,,,,,
MARÇO_ABRIL_L242,MARÇO  ABRIL,Mar-Abr,242,2026-03-19 00:00:00,10094,72.0,8.9,640.8,ALICATE DE CORTE 6',BOM-1602,ISAAC,CASADA,-,BOMVINK,31.0,,2026-03-23 00:00:00,,,,,,,,,,,,,,,,,
MARÇO_ABRIL_L243,MARÇO  ABRIL,Mar-Abr,243,2026-03-19 00:00:00,10094,72.0,10.9,784.8,ALICATE UNIVERSAL 8 POLEGADAS,BOM-1603,ISAAC,CASADA,-,BOMVINK,31.0,,2026-03-23 00:00:00,,,,,,,,,,,,,,,,,
MARÇO_ABRIL_L244,MARÇO  ABRIL,Mar-Abr,244,2026-03-19 00:00:00,10094,72.0,10.99,791.28,CONJUNTO CHAVE DE FENDA E PHILLIPS,BOM-3111,ISAAC,CASADA,-,BOMVINK,31.0,,2026-03-23 00:00:00,,,,,,,,,,,,,,,,,
MARÇO_ABRIL_L245,MARÇO  ABRIL,Mar-Abr,245,2026-03-19 00:00:00,3460,60.0,34.2,2052.0,FONE DE OUVIDO 50MM,F5116,GLEY,LICITAÇÃO,-,DELTA,1.0,,,,,,,,,,,,,,,,,,,
MARÇO_ABRIL_L246,MARÇO  ABRIL,Mar-Abr,246,2026-03-19 00:00:00,9136,100.0,22.134,2213.4,RADIO REPRODUTOR DE SOM,LE-662,YHAN,CASADA,-,IT BLUE,31.0,,,,,,,,,,,,,,,,,,,
MARÇO_ABRIL_L247,MARÇO  ABRIL,Mar-Abr,247,2026-03-19 00:00:00,9136,300.0,5.115,1534.5,CABO VGA=VGA 1.8M,LE-12,YHAN,CASADA,-,IT BLUE,31.0,,,,,,,,,,,,,,,,,,,
MARÇO_ABRIL_L248,MARÇO  ABRIL,Mar-Abr,248,2026-03-19 00:00:00,9136,200.0,5.394,1078.8,CABO CFTV CAT6 3M,LE-312,YHAN,CASADA,-,IT BLUE,31.0,,,,,,,,,,,,,,,,,,,
MARÇO_ABRIL_L249,MARÇO  ABRIL,Mar-Abr,249,2026-03-19 00:00:00,9136,50.0,34.41,1720.5,FONE DE OUVIDO.,LE-2406,YHAN,CASADA,-,IT BLUE,31.0,,,,,,,,,,,,,,,,,,,
MARÇO_ABRIL_L250,MARÇO  ABRIL,Mar-Abr,250,2026-03-19 00:00:00,9136,50.0,41.85,2092.5,FONE DE OUVIDO.,LE-2447,YHAN,CASADA,-,IT BLUE,31.0,,,,,,,,,,,,,,,,,,,
MARÇO_ABRIL_L251,MARÇO  ABRIL,Mar-Abr,251,2026-03-19 00:00:00,9136,400.0,2.976,1190.4,CABO PARA IMPRESSORA 1.8M,LE-902,YHAN,CASADA,-,IT BLUE,31.0,,,,,,,,,,,,,,,,,,,
MARÇO_ABRIL_L252,MARÇO  ABRIL,Mar-Abr,252,2026-03-19 00:00:00,9136,200.0,5.859,1171.8,FONE DE OUVIDO,LE-0263,YHAN,CASADA,-,IT BLUE,31.0,,,,,,,,,,,,,,,,,,,
MARÇO_ABRIL_L253,MARÇO  ABRIL,Mar-Abr,253,2026-03-19 00:00:00,9136,200.0,6.324,1264.8,FONE DE OUVIDO,LE-0268,YHAN,CASADA,-,IT BLUE,31.0,,,,,,,,,,,,,,,,,,,
MARÇO_ABRIL_L254,MARÇO  ABRIL,Mar-Abr,254,2026-03-19 00:00:00,9136,100.0,8.37,837.0,SUPORTE UNIVERSAL PARA CELULAR,LE-020,YHAN,CASADA,-,IT BLUE,31.0,,,,,,,,,,,,,,,,,,,
MARÇO_ABRIL_L255,MARÇO  ABRIL,Mar-Abr,255,2026-03-19 00:00:00,9136,100.0,7.719,771.9,SUPORTE UNIVERSAL PARA CELULAR,LE-023,YHAN,CASADA,-,IT BLUE,31.0,,,,,,,,,,,,,,,,,,,
MARÇO_ABRIL_L256,MARÇO  ABRIL,Mar-Abr,256,2026-03-19 00:00:00,9136,100.0,12.555,1255.5,SUPORTE UNIVERSAL PARA CELULAR,LE-121,YHAN,CASADA,-,IT BLUE,31.0,,,,,,,,,,,,,,,,,,,
MARÇO_ABRIL_L257,MARÇO  ABRIL,Mar-Abr,257,2026-03-19 00:00:00,9136,50.0,13.485,674.25,SUPORTE UNIVERSAL PARA CELULAR,LE-106,YHAN,CASADA,-,IT BLUE,31.0,,,,,,,,,,,,,,,,,,,
MARÇO_ABRIL_L258,MARÇO  ABRIL,Mar-Abr,258,2026-03-19 00:00:00,9136,20.0,41.85,837.0,CABO C/ MALHA HDTV VERSION 1.4 20M,LE-6612,YHAN,CASADA,-,IT BLUE,31.0,,,,,,,,,,,,,,,,,,,
MARÇO_ABRIL_L259,MARÇO  ABRIL,Mar-Abr,259,2026-03-19 00:00:00,-,30.0,225.0,6750.0,SSD 256GB KEEPDATA,-,YHAN,ESTOQUE,-,THIAGO VECHI,31.0,,2026-03-23 00:00:00,,,,,,,,,,,,,,,,,
MARÇO_ABRIL_L260,MARÇO  ABRIL,Mar-Abr,260,2026-03-19 00:00:00,-,150.0,239.0,35850.0,SSD256GB MARKVISION,-,YHAN,ESTOQUE,-,THIAGO VECHI,31.0,,2026-03-23 00:00:00,,,,,,,,,,,,,,,,,
MARÇO_ABRIL_L261,MARÇO  ABRIL,Mar-Abr,261,2026-03-20 00:00:00,-,300.0,300.0,90000.0,MONITOR AX20',-,GUILHERME,CASADA,-,HAOQING,31.0,,,,,,,,,,,,,,,,,,,
MARÇO_ABRIL_L262,MARÇO  ABRIL,Mar-Abr,262,2026-03-20 00:00:00,10157,5.0,179.9,899.5,FURADEIRA E MARTELETE COM IMPACTO 800W 220V,BOM-9558,ISAAC,CASADA,SP,BOMVINK,31.0,,2026-03-24 00:00:00,,,,,,,,,,,,,,,,,
MARÇO_ABRIL_L263,MARÇO  ABRIL,Mar-Abr,263,2026-03-20 00:00:00,10157,48.0,16.99,815.52,TORNEIRA CROMADA DE PAREDE CROMADA ,BOM-2012,ISAAC,CASADA,SP,BOMVINK,31.0,,2026-03-24 00:00:00,,,,,,,,,,,,,,,,,
MARÇO_ABRIL_L264,MARÇO  ABRIL,Mar-Abr,264,2026-03-20 00:00:00,10157,100.0,6.99,699.0,TORNEIRA DE TANQUE CROMADA COM BICO DE PLASTICO,BOM-2062,ISAAC,CASADA,SP,BOMVINK,31.0,,2026-03-24 00:00:00,,,,,,,,,,,,,,,,,
MARÇO_ABRIL_L265,MARÇO  ABRIL,Mar-Abr,265,2026-03-20 00:00:00,3512,40.0,342.0,13680.0,PLACA MAE LGA1151 H610 M.2 SSD,H610M2K,GUILHERME,CASADA,-,DELTA,31.0,,,,,,,,,,,,,,,,,,,
MARÇO_ABRIL_L266,MARÇO  ABRIL,Mar-Abr,266,2026-03-20 00:00:00,31702,10.0,170.0,1700.0,I5 7600 OEM,576KBK,YHAN,CASADA,-,W.A ACCESS,31.0,,2026-03-25 00:00:00,,,,,,,,,,,,,,,,,
MARÇO_ABRIL_L267,MARÇO  ABRIL,Mar-Abr,267,2026-03-20 00:00:00,31702,40.0,170.0,6800.0,I5 7600 OEM,576KBK,YHAN,ESTOQUE,-,W.A ACCESS,31.0,,2026-03-25 00:00:00,,,,,,,,,,,,,,,,,
MARÇO_ABRIL_L268,MARÇO  ABRIL,Mar-Abr,268,2026-03-20 00:00:00,9173,30.0,73.47,2204.1,CAMERAS WIFI 2MP,SC-B24,ISAAC,CASADA,SP,IT BLUE,31.0,,,,,,,,,,,,,,,,,,,
MARÇO_ABRIL_L269,MARÇO  ABRIL,Mar-Abr,269,2026-03-20 00:00:00,7086,4.0,88.2,352.8,ESGUICHO PINTURA ELETRICA 110V,LWJ-ZD119,ISAAC,CASADA,SP,LUATEK,31.0,,2026-03-24 00:00:00,,,,,,,,,,,,,,,,,
MARÇO_ABRIL_L270,MARÇO  ABRIL,Mar-Abr,270,2026-03-20 00:00:00,-,2.0,1464.34,2928.68,NOBREAK SMS PRO 1800VA/1260W,43742,GLEY,LICITAÇÃO,-,TERRA ROXA,31.0,,,,,,,,,,,,,,,,,,,
MARÇO_ABRIL_L271,MARÇO  ABRIL,Mar-Abr,271,2026-03-20 00:00:00,1400,16.0,28.0,448.0,JOGO DE TALHERES INOX 20PCS,KA-5512,ISAAC,CASADA,SP,KAPBOM,31.0,,2026-03-24 00:00:00,,,,,,,,,,,,,,,,,
MARÇO_ABRIL_L272,MARÇO  ABRIL,Mar-Abr,272,2026-03-20 00:00:00,-,2.0,2512.0,5024.0,I7 14700 - 33MB,73832,CESAR,LICITAÇÃO,-,MAZER,1.0,,2026-03-25 00:00:00,,,,,,,,,,,,,,,,,
MARÇO_ABRIL_L273,MARÇO  ABRIL,Mar-Abr,273,2026-03-20 00:00:00,7027,1.0,800.1,800.1,TRICICLO ELETRICO,MPE-P6503A,NETO,CASADA,-,TOMATE,1.0,,,,,,,,,,,,,,,,,,,
MARÇO_ABRIL_L274,MARÇO  ABRIL,Mar-Abr,274,2026-03-20 00:00:00,7027,1.0,800.1,800.1,TRICICLO ELETRICO,MPE-P6504A,NETO,CASADA,-,TOMATE,1.0,,,,,,,,,,,,,,,,,,,
MARÇO_ABRIL_L275,MARÇO  ABRIL,Mar-Abr,275,2026-03-20 00:00:00,7027,1.0,800.1,800.1,TRICICLO ELETRICO,MPE-P6505,NETO,CASADA,-,TOMATE,1.0,,,,,,,,,,,,,,,,,,,
MARÇO_ABRIL_L276,MARÇO  ABRIL,Mar-Abr,276,2026-03-20 00:00:00,7027,1.0,800.1,800.1,TRICICLO ELETRICO,MPE-P6506,NETO,CASADA,-,TOMATE,1.0,,,,,,,,,,,,,,,,,,,
MARÇO_ABRIL_L277,MARÇO  ABRIL,Mar-Abr,277,2026-03-20 00:00:00,7027,1.0,800.1,800.1,TRICICLO ELETRICO,MPE-P6507,NETO,CASADA,-,TOMATE,1.0,,,,,,,,,,,,,,,,,,,
MARÇO_ABRIL_L278,MARÇO  ABRIL,Mar-Abr,278,2026-03-20 00:00:00,7027,1.0,800.1,800.1,TRICICLO ELETRICO,MPE-P6508A,NETO,CASADA,-,TOMATE,1.0,,,,,,,,,,,,,,,,,,,
MARÇO_ABRIL_L279,MARÇO  ABRIL,Mar-Abr,279,2026-03-20 00:00:00,7027,1.0,1070.1,1070.1,TRICICLO ELETRICO,MPE-P8007,NETO,CASADA,-,TOMATE,1.0,,,,,,,,,,,,,,,,,,,
MARÇO_ABRIL_L280,MARÇO  ABRIL,Mar-Abr,280,2026-03-20 00:00:00,7027,1.0,1070.1,1070.1,TRICICLO ELETRICO,MPE-P8010A,NETO,CASADA,-,TOMATE,1.0,,,,,,,,,,,,,,,,,,,
MARÇO_ABRIL_L281,MARÇO  ABRIL,Mar-Abr,281,2026-03-23 00:00:00,10332,1000.0,12.99,12990.0,CORRENTE DE MOTOSSERRA,BOM-5625,GUSTAVO,NINJA,-,BOMVINK,1.0,,,,,,,,,,,,,,,,,,,
MARÇO_ABRIL_L282,MARÇO  ABRIL,Mar-Abr,282,2026-03-23 00:00:00,10332,500.0,13.99,6995.0,CORRENTE DE MOTOSSERRA,BOM-5628,GUSTAVO,NINJA,-,BOMVINK,1.0,,,,,,,,,,,,,,,,,,,
MARÇO_ABRIL_L283,MARÇO  ABRIL,Mar-Abr,283,2026-03-23 00:00:00,3632,60.0,189.0,11340.0,FONTE DE ALIMENTAÇÃO BRONZE 80PLUS 650W,F750,CESAR,LICITAÇÃO,-,DELTA,1.0,,,,,,,,,,,,,,,,,,,
MARÇO_ABRIL_L284,MARÇO  ABRIL,Mar-Abr,284,2026-03-23 00:00:00,-,15.0,130.0,1950.0,OFFICE 2019 PRO PLUS CARTÃO,-,CESAR,LICITAÇÃO,-,GABIZ,31.0,,,2026-03-23 00:00:00,,,,,,,,,,,,,,,,
MARÇO_ABRIL_L285,MARÇO  ABRIL,Mar-Abr,285,2026-03-23 00:00:00,10419,18.0,288.8888,5199.9984,NOBREAK.,-,GLEY,LICITAÇÃO,-,CR ENERGIA,31.0,,,2026-03-23 00:00:00,,,,,,,,,,,,,,,,
MARÇO_ABRIL_L286,MARÇO  ABRIL,Mar-Abr,286,2026-03-23 00:00:00,-,150.0,152.0,22800.0,MONITOR AX20',-,GUILHERME,CASADA,-,HAOQING,31.0,,,,,,,,,,,,,,,,,,,
MARÇO_ABRIL_L287,MARÇO  ABRIL,Mar-Abr,287,2026-03-23 00:00:00,-,2000.0,2.95,5900.0,CABO,-,DIEGO,CASADA,-,POWERPC,31.0,,,,,,,,,,,,,,,,,,,
MARÇO_ABRIL_L288,MARÇO  ABRIL,Mar-Abr,288,2026-03-23 00:00:00,1461,200.0,4.8,960.0,KAP-UH-037,KAP-UH-037,GUILHERME,CASADA,-,KAPBOM,31.0,,2026-03-24 00:00:00,,,,,,,,,,,,,,,,,
MARÇO_ABRIL_L289,MARÇO  ABRIL,Mar-Abr,289,2026-03-23 00:00:00,1461,40.0,24.0,960.0,KA-1439,KA-1439,GUILHERME,CASADA,-,KAPBOM,31.0,,2026-03-24 00:00:00,,,,,,,,,,,,,,,,,
MARÇO_ABRIL_L290,MARÇO  ABRIL,Mar-Abr,290,2026-03-23 00:00:00,1461,100.0,11.2,1120.0,KA-1109,KA-1109,GUILHERME,CASADA,-,KAPBOM,31.0,,2026-03-24 00:00:00,,,,,,,,,,,,,,,,,
MARÇO_ABRIL_L291,MARÇO  ABRIL,Mar-Abr,291,2026-03-23 00:00:00,1461,500.0,10.88,5440.0,KA-T8188,KA-T8188,GUILHERME,CASADA,-,KAPBOM,31.0,,2026-03-24 00:00:00,,,,,,,,,,,,,,,,,
MARÇO_ABRIL_L292,MARÇO  ABRIL,Mar-Abr,292,2026-03-23 00:00:00,-,100.0,180.0,18000.0,MONITOR AX22',-,GUILHERME,CASADA,-,HAOQING,31.0,,,,,,,,,,,,,,,,,,,
MARÇO_ABRIL_L293,MARÇO  ABRIL,Mar-Abr,293,2026-03-23 00:00:00,9302021446,120.0,13.5,1620.0,LIMPA CONTATOS SPRAY W-MAX 300ML/200G,-,YHAN,ESTOQUE,-,WURTH,1.0,,2026-03-31 00:00:00,,,,,,,,,,,,,,,,,
MARÇO_ABRIL_L294,MARÇO  ABRIL,Mar-Abr,294,2026-03-23 00:00:00,10420,72.0,12.9,928.8,MARTELO UNHA 500G,BOM-1002,YHAN,CASADA,-,BOMVINK,31.0,,2026-03-24 00:00:00,,,,,,,,,,,,,,,,,
MARÇO_ABRIL_L295,MARÇO  ABRIL,Mar-Abr,295,2026-03-23 00:00:00,10420,72.0,8.8,633.6,FITA AMARELA 200M,BOM-1338,YHAN,CASADA,-,BOMVINK,31.0,,2026-03-24 00:00:00,,,,,,,,,,,,,,,,,
MARÇO_ABRIL_L296,MARÇO  ABRIL,Mar-Abr,296,2026-03-23 00:00:00,10420,48.0,7.9,379.2,ARCO SERRA 12',BOM-1522,YHAN,CASADA,-,BOMVINK,31.0,,2026-03-24 00:00:00,,,,,,,,,,,,,,,,,
MARÇO_ABRIL_L297,MARÇO  ABRIL,Mar-Abr,297,2026-03-23 00:00:00,10420,50.0,11.9,595.0,ABRACADEIRA NYLON ENFORCA GATO 7.6*300M,BOM-5508,YHAN,CASADA,-,BOMVINK,31.0,,2026-03-24 00:00:00,,,,,,,,,,,,,,,,,
MARÇO_ABRIL_L298,MARÇO  ABRIL,Mar-Abr,298,2026-03-23 00:00:00,10420,60.0,9.99,599.4,TRENA FITA METRICA 30M FIBRA VIDRO FLEXIVEL,BOM-6511,YHAN,CASADA,-,BOMVINK,31.0,,2026-03-24 00:00:00,,,,,,,,,,,,,,,,,
MARÇO_ABRIL_L299,MARÇO  ABRIL,Mar-Abr,299,2026-03-23 00:00:00,10420,12.0,139.9,1678.8,SERRA MARMORE,BOM-9549,YHAN,CASADA,-,BOMVINK,31.0,,2026-03-24 00:00:00,,,,,,,,,,,,,,,,,
MARÇO_ABRIL_L300,MARÇO  ABRIL,Mar-Abr,300,2026-03-23 00:00:00,10420,5.0,339.9,1699.5,CHAVE DE IMPACTO 21V 580NM,BOM-9964,YHAN,CASADA,-,BOMVINK,31.0,,2026-03-24 00:00:00,,,,,,,,,,,,,,,,,
MARÇO_ABRIL_L301,MARÇO  ABRIL,Mar-Abr,301,2026-03-23 00:00:00,10420,2.0,379.9,759.8,MOTOSERRA A GASOLINA 58CC 20',BOM-9203,YHAN,CASADA,-,BOMVINK,31.0,,2026-03-24 00:00:00,,,,,,,,,,,,,,,,,
MARÇO_ABRIL_L302,MARÇO  ABRIL,Mar-Abr,302,2026-03-23 00:00:00,10420,4.0,379.9,1519.6,ROCADEIRA,BOM-9202,YHAN,CASADA,-,BOMVINK,31.0,,2026-03-24 00:00:00,,,,,,,,,,,,,,,,,
MARÇO_ABRIL_L303,MARÇO  ABRIL,Mar-Abr,303,2026-03-23 00:00:00,10420,5.0,139.9,699.5,JOGO DE SOQUETES 1/2POL. REVERSIVEL 37PCS,BOM-3917,YHAN,CASADA,-,BOMVINK,31.0,,2026-03-24 00:00:00,,,,,,,,,,,,,,,,,
MARÇO_ABRIL_L304,MARÇO  ABRIL,Mar-Abr,304,2026-03-23 00:00:00,10525,48.0,12.9,619.2,TRENA EMBORRACHADA PONTA MAGNETICA 10M,BOM-6506,YHAN,CASADA,-,BOMVINK,31.0,,2026-03-24 00:00:00,,,,,,,,,,,,,,,,,
MARÇO_ABRIL_L305,MARÇO  ABRIL,Mar-Abr,305,2026-03-23 00:00:00,10427,2.0,427.776,855.552,NOBREAK 1B9T - KSB 1500 BS - 1500VA ,106008,GLEY,LICITAÇÃO,-,CR ENERGIA,1.0,,,2026-03-24 00:00:00,,,,,,,,,,,,,,,,
MARÇO_ABRIL_L306,MARÇO  ABRIL,Mar-Abr,306,2026-03-23 00:00:00,10427,1.0,272.497,272.497,NOBREAK 1B6T - KSB 700 BS - 700VA ,106002,GLEY,LICITAÇÃO,-,CR ENERGIA,1.0,,,2026-03-24 00:00:00,,,,,,,,,,,,,,,,
MARÇO_ABRIL_L307,MARÇO  ABRIL,Mar-Abr,307,2026-03-23 00:00:00,1389,20.0,2350.0,47000.0,COMPUTADOR ALL IN ONE,D-AI14,GLEY,LICITAÇÃO,-,GRASEP,31.0,,,,,,,,,,,,,,,,,,,
MARÇO_ABRIL_L308,MARÇO  ABRIL,Mar-Abr,308,2026-03-23 00:00:00,237728,100.0,57.65,5765.0,EXTENSOR CONVERSOR FIBRA OPTICA RJ45 MBPS 20KM,04334,ISAAC,CASADA,-,EXBOM (MCT),31.0,,,,,,,,,,,,,,,,,,,
MARÇO_ABRIL_L309,MARÇO  ABRIL,Mar-Abr,309,2026-03-23 00:00:00,237728,440.0,57.65,25366.0,EXTENSOR CONVERSOR FIBRA OPTICA RJ45 MBPS 20KM,04334,ISAAC,ESTOQUE,-,EXBOM (MCT),31.0,,,,,,,,,,,,,,,,,,,
MARÇO_ABRIL_L310,MARÇO  ABRIL,Mar-Abr,310,2026-03-24 00:00:00,911936,500.0,135.0,67500.0,MONITOR LED 19 BPC-19WE02-B PRETO,57944,GUILHERME,CASADA,-,POWERPC,31.0,,2026-04-01 00:00:00,,2026-04-23 00:00:00,2026-05-23 00:00:00,,,,,,,,,,,,,,linha_duplicada_suspeita;
MARÇO_ABRIL_L311,MARÇO  ABRIL,Mar-Abr,311,2026-03-24 00:00:00,911936,500.0,135.0,67500.0,MONITOR LED 19 BPC-19WE02-B PRETO,57944,GUILHERME,ESTOQUE,-,POWERPC,31.0,,,,2026-04-23 00:00:00,2026-05-23 00:00:00,,,,,,,,,,,,,,linha_duplicada_suspeita;
MARÇO_ABRIL_L312,MARÇO  ABRIL,Mar-Abr,312,2026-03-24 00:00:00,911936,200.0,249.9,49980.0,MONITOR LED 24 WR-75 FHD 75HZ PRETO,64508,GUILHERME,CASADA,-,POWERPC,31.0,,2026-04-06 00:00:00,,2026-04-23 00:00:00,2026-05-23 00:00:00,,,,,,,,,,,,,,
MARÇO_ABRIL_L313,MARÇO  ABRIL,Mar-Abr,313,2026-03-24 00:00:00,1492,200.0,16.8,3360.0,CONTROLE USB P/ COMPUTADOR,KAP-2U,YHAN,CASADA,-,KAPBOM,31.0,,2026-03-24 00:00:00,,,,,,,,,,,,,,,,,
MARÇO_ABRIL_L314,MARÇO  ABRIL,Mar-Abr,314,2026-03-24 00:00:00,911962,15.0,447.0,6705.0,MONITOR LED 23.8 BPC24SADP-100 FHD 100HZ,67256,YHAN,CASADA,-,POWERPC,31.0,2026-04-01 00:00:00,,,2026-04-23 00:00:00,2026-05-23 00:00:00,,,,,,,,,,,,,,
MARÇO_ABRIL_L315,MARÇO  ABRIL,Mar-Abr,315,2026-03-24 00:00:00,911962,1000.0,87.9,87900.0,PLACA MAE PC 1155 BPC-H61-ITX-M.2-TG,68197,YHAN,ESTOQUE,-,POWERPC,31.0,2026-04-01 00:00:00,,,2026-04-23 00:00:00,2026-05-23 00:00:00,,,,,,,,,,,,,,
MARÇO_ABRIL_L316,MARÇO  ABRIL,Mar-Abr,316,2026-03-24 00:00:00,3688,7.0,180.0,1260.0,GABINETE PRETO MATX COM COOLERS,M33160CP,GUILHERME,CASADA,-,DELTA,31.0,,2026-03-24 00:00:00,,,,,,,,,,,,,,,,,
MARÇO_ABRIL_L317,MARÇO  ABRIL,Mar-Abr,317,2026-03-24 00:00:00,3688,10.0,189.0,1890.0,GABINETE BRANCO MATX COM COOLERS,M33160CB,GUILHERME,CASADA,-,DELTA,31.0,,2026-03-24 00:00:00,,,,,,,,,,,,,,,,,
MARÇO_ABRIL_L318,MARÇO  ABRIL,Mar-Abr,318,2026-03-24 00:00:00,-,6.0,215.0,1290.0,MONITOR AX24',-,GUILHERME,CASADA,-,HAOQING,31.0,,,,,,,,,,,,,,,,,,,
MARÇO_ABRIL_L319,MARÇO  ABRIL,Mar-Abr,319,2026-03-24 00:00:00,-,10.0,180.0,1800.0,MONITOR AX22',-,GUILHERME,CASADA,-,HAOQING,31.0,,,,,,,,,,,,,,,,,,,linha_duplicada_suspeita;
MARÇO_ABRIL_L320,MARÇO  ABRIL,Mar-Abr,320,2026-03-24 00:00:00,-,10.0,152.0,1520.0,MONITOR AX20',-,GUILHERME,CASADA,-,HAOQING,31.0,,,,,,,,,,,,,,,,,,,
MARÇO_ABRIL_L321,MARÇO  ABRIL,Mar-Abr,321,2026-03-24 00:00:00,-,167.0,34.0,5678.0,CPU I3 3220,-,ISAAC,CASADA,-,THIAGO VECHI,31.0,,2026-03-30 00:00:00,,,,,,,,,,,,,,,,,
MARÇO_ABRIL_L322,MARÇO  ABRIL,Mar-Abr,322,2026-03-24 00:00:00,1424,6.0,290.0,1740.0,GABINETE GAMER ,MATX07,GUILHERME,CASADA,-,GRASEP,31.0,,2026-03-24 00:00:00,,,,,,,,,,,,,,,,,
MARÇO_ABRIL_L323,MARÇO  ABRIL,Mar-Abr,323,2026-03-24 00:00:00,-,1.0,7720.0,7720.0,IPHONE 17 PROMAX 256GB LARANJA,-,PATRICIA,CASADA,-,-,31.0,,,,,,,,,,,,,,,,,,,
MARÇO_ABRIL_L324,MARÇO  ABRIL,Mar-Abr,324,2026-03-24 00:00:00,-,10.0,180.0,1800.0,MONITOR AX22',-,GUILHERME,CASADA,-,HAOQING,31.0,,,,,,,,,,,,,,,,,,,linha_duplicada_suspeita;
MARÇO_ABRIL_L325,MARÇO  ABRIL,Mar-Abr,325,2026-03-24 00:00:00,-,10.0,215.0,2150.0,MONITOR AX24',-,GUILHERME,CASADA,-,HAOQING,31.0,,,,,,,,,,,,,,,,,,,
MARÇO_ABRIL_L326,MARÇO  ABRIL,Mar-Abr,326,2026-03-24 00:00:00,-,200.0,215.0,43000.0,PLACA MAE H110,-,GUILHERME,CASADA,-,HAOQING,31.0,,2026-03-24 00:00:00,,,,,,,,,,,,,,,,,linha_duplicada_suspeita;
MARÇO_ABRIL_L327,MARÇO  ABRIL,Mar-Abr,327,2026-03-24 00:00:00,3706,60.0,1215.0,72900.0,PLACA DE VIDEO 6GB DDR6,RX5600XT,CESAR,CASADA,-,DELTA,31.0,,2026-03-27 00:00:00,,,,,,,,,,,,,,,,,
MARÇO_ABRIL_L328,MARÇO  ABRIL,Mar-Abr,328,2026-03-24 00:00:00,3706,60.0,330.0,19800.0,PLACA MÃE A520,A520M2K,CESAR,CASADA,-,DELTA,31.0,,2026-03-27 00:00:00,,,,,,,,,,,,,,,,,
MARÇO_ABRIL_L329,MARÇO  ABRIL,Mar-Abr,329,2026-03-24 00:00:00,9690,100.0,8.37,837.0,CABO RJ45 15M,LE-305,ISAAC,CASADA,-,IT BLUE,31.0,,,,,,,,,,,,,,,,,,,
MARÇO_ABRIL_L330,MARÇO  ABRIL,Mar-Abr,330,2026-03-24 00:00:00,912041,15.0,918.61,13779.15,PROC DESK AMD RYZEN 3.6GHZ CORE OEM,73027,CESAR,CASADA,-,POWERPC,31.0,,2026-03-30 00:00:00,,2026-04-23 00:00:00,2026-05-23 00:00:00,,,,,,,,,,,,,,
MARÇO_ABRIL_L331,MARÇO  ABRIL,Mar-Abr,331,2026-03-24 00:00:00,3709,40.0,342.0,13680.0,PLACA MAE H610 12/13/14GEN M.2 SSD,H610M2K,GUILHERME,CASADA,-,DELTA,31.0,,2026-03-24 00:00:00,,,,,,,,,,,,,,,,,
MARÇO_ABRIL_L332,MARÇO  ABRIL,Mar-Abr,332,2026-03-24 00:00:00,-,15.0,1250.0,18750.0,MEMÓRIA RAM KINGSTON FURY DDR 5 16GB 5600MHZ,-,GUILHERME,CASADA,-,MP COMPUTADORES,31.0,,2026-03-23 00:00:00,,,,,,,,,,,,,,,,,
MARÇO_ABRIL_L333,MARÇO  ABRIL,Mar-Abr,333,2026-03-24 00:00:00,912041,15.0,918.61,13779.15,RYZEN 5 5500GT,73027,GLEY,LICITAÇÃO,-,POWERPC,31.0,,2026-03-30 00:00:00,,,,,,,,,,,,,,,,,
MARÇO_ABRIL_L334,MARÇO  ABRIL,Mar-Abr,334,2026-03-25 00:00:00,-,100.0,120.0,12000.0,MEMÓRIA 4GB DDR4 DESK,-,DIEGO,CASADA,-,THIAGO VECHI,31.0,,,,,,,,,,,,,,,,,,,
MARÇO_ABRIL_L335,MARÇO  ABRIL,Mar-Abr,335,2026-03-25 00:00:00,-,200.0,220.0,44000.0,SSD 240 MASTER DRIVE,-,YHAN,CASADA,-,NEILSON,31.0,,2026-03-27 00:00:00,,,,,,,,,,,,,,,,,
MARÇO_ABRIL_L336,MARÇO  ABRIL,Mar-Abr,336,2026-03-25 00:00:00,-,50.0,350.0,17500.0,DDR4 8G,-,DIEGO,CASADA,-,JOICE,31.0,,2026-03-27 00:00:00,,,,,,,,,,,,,,,,,
MARÇO_ABRIL_L337,MARÇO  ABRIL,Mar-Abr,337,2026-03-25 00:00:00,-,10.0,650.0,6500.0,DDR4 16G.,-,GUILHERME,CASADA,-,JOICE,31.0,,2026-03-25 00:00:00,,,,,,,,,,,,,,,,,
MARÇO_ABRIL_L338,MARÇO  ABRIL,Mar-Abr,338,2026-03-25 00:00:00,-,20.0,620.0,12400.0,DDR4 16G.,-,GUILHERME,CASADA,-,JOICE,31.0,,2026-03-25 00:00:00,,,,,,,,,,,,,,,,,
MARÇO_ABRIL_L339,MARÇO  ABRIL,Mar-Abr,339,2026-03-25 00:00:00,213,135.0,200.0,27000.0,HD 1TB WD PURPLE,115,ISAAC,CASADA,-,JAVACOMP,31.0,,2026-03-31 00:00:00,,,,,,,,,,,,,,,,,
MARÇO_ABRIL_L340,MARÇO  ABRIL,Mar-Abr,340,2026-03-25 00:00:00,213,200.0,225.0,45000.0,HD 1TB WD PURPLE,115,ISAAC,CASADA,-,JAVACOMP,31.0,,2026-03-31 00:00:00,,,,,,,,,,,,,,,,,
MARÇO_ABRIL_L341,MARÇO  ABRIL,Mar-Abr,341,2026-03-25 00:00:00,214,130.0,399.0,51870.0,HD 2TB WD PURPLE,116,ISAAC,ESTOQUE,-,JAVACOMP,1.0,,,,,,,,,,,,,,,,,,,
MARÇO_ABRIL_L342,MARÇO  ABRIL,Mar-Abr,342,2026-03-25 00:00:00,1466,7.0,360.0,2520.0,GABINETE GAMER ,ATX09,GUILHERME,CASADA,-,GRASEP,31.0,,,,,,,,,,,,,,,,,,,
MARÇO_ABRIL_L343,MARÇO  ABRIL,Mar-Abr,343,2026-03-25 00:00:00,912215,100.0,239.97,23997.0,GAB. SLIM MATX Q5M SFF C/ FONTE 300W BOX,64940,CESAR,LICITAÇÃO,-,POWERPC,31.0,,2026-04-06 00:00:00,,2026-04-24 00:00:00,2026-05-24 00:00:00,,,,,,,,,,,,,,
MARÇO_ABRIL_L344,MARÇO  ABRIL,Mar-Abr,344,2026-03-25 00:00:00,7391,1.0,359.1,359.1,MAQUINA DE GELO 220V PRETO 12KG,MXG-2002P,PATRICIA,CASADA,-,TOMATE,31.0,,2026-03-27 00:00:00,,,,,,,,,,,,,,,,,
MARÇO_ABRIL_L345,MARÇO  ABRIL,Mar-Abr,345,2026-03-25 00:00:00,-,40.0,675.0,27000.0,CPU I5 10500,-,GLEY,LICITAÇÃO,-,THIAGO VECHI,31.0,,2026-03-30 00:00:00,,,,,,,,,,,,,,,,,
MARÇO_ABRIL_L346,MARÇO  ABRIL,Mar-Abr,346,2026-03-25 00:00:00,-,7.0,675.0,4725.0,CPU I5 10505,-,GLEY,LICITAÇÃO,,THIAGO VECHI,31.0,,2026-03-30 00:00:00,,,,,,,,,,,,,,,,,
MARÇO_ABRIL_L347,MARÇO  ABRIL,Mar-Abr,347,2026-03-25 00:00:00,-,2000.0,130.0,260000.0,MEMORIA 8/1600 DESK,-,GUILHERME,ESTOQUE,-,THIAGO VECHI,31.0,,2026-04-01 00:00:00,,,,,,,,,,,,,,,,,
MARÇO_ABRIL_L348,MARÇO  ABRIL,Mar-Abr,348,2026-03-25 00:00:00,-,42.0,350.0,14700.0,DDR4 8GB.,-,DIEGO,CASADA,-,JOICE,31.0,,2026-03-27 00:00:00,2026-03-26 00:00:00,,,,,,,,,,,,,,,,
MARÇO_ABRIL_L349,MARÇO  ABRIL,Mar-Abr,349,2026-03-25 00:00:00,-,20.0,620.0,12400.0,DDR4 16GB.,-,GUILHERME,CASADA,-,JOICE,31.0,,2026-03-26 00:00:00,2026-03-26 00:00:00,,,,,,,,,,,,,,,,
MARÇO_ABRIL_L350,MARÇO  ABRIL,Mar-Abr,350,2026-03-25 00:00:00,-,200.0,215.0,43000.0,PLACA MAE H110,-,YHAN,CASADA,-,HAOQING,31.0,,,,,,,,,,,,,,,,,,,linha_duplicada_suspeita;
MARÇO_ABRIL_L351,MARÇO  ABRIL,Mar-Abr,351,2026-03-25 00:00:00,-,150.0,9.5,1425.0,CASE 2.5 / 3.0,-,YHAN,CASADA,-,HAOQING,31.0,,2026-03-31 00:00:00,,,,,,,,,,,,,,,,,
MARÇO_ABRIL_L352,MARÇO  ABRIL,Mar-Abr,352,2026-03-26 00:00:00,10731,100.0,11.9,1190.0,ABRACADEIRA NYLON ENFORCA GATO 7.6*300M,BOM-5508,YHAN,CASADA,-,BOMVINK,31.0,,2026-03-26 00:00:00,,,,,,,,,,,,,,,,,
MARÇO_ABRIL_L353,MARÇO  ABRIL,Mar-Abr,353,2026-03-26 00:00:00,-,150.0,110.0,16500.0,DDR3 8G1600 NOT,-,YHAN,CASADA,-,JOICE,31.0,,2026-03-30 00:00:00,,,,,,,,,,,,,,,,,
MARÇO_ABRIL_L354,MARÇO  ABRIL,Mar-Abr,354,2026-03-26 00:00:00,-,10.0,650.0,6500.0,DDR4 16G3200 HYPER,-,YHAN,CASADA,-,JOICE,31.0,,2026-03-31 00:00:00,,,,,,,,,,,,,,,,,
MARÇO_ABRIL_L355,MARÇO  ABRIL,Mar-Abr,355,2026-03-26 00:00:00,912323,500.0,135.0,67500.0,MONITOR LED 19 TRS-HK19WY PRETO,57966,GUILHERME,CASADA,-,POWERPC,31.0,,2026-04-01 00:00:00,,2026-04-25 00:00:00,2026-05-25 00:00:00,,,,,,,,,,,,,,
MARÇO_ABRIL_L356,MARÇO  ABRIL,Mar-Abr,356,2026-03-26 00:00:00,-,50.0,152.0,7600.0,MONITOR AX 20',-,YHAN,CASADA,-,HAOQING,31.0,,,,,,,,,,,,,,,,,,,
MARÇO_ABRIL_L357,MARÇO  ABRIL,Mar-Abr,357,2026-03-26 00:00:00,-,200.0,152.0,30400.0,MONITOR AX 20',-,GUILHERME,CASADA,-,HAOQING,31.0,,,,,,,,,,,,,,,,,,,
MARÇO_ABRIL_L358,MARÇO  ABRIL,Mar-Abr,358,2026-03-26 00:00:00,7488,1.0,420.0,420.0,CADEIRA GAMER COR PRETO,LC-001B,PATRICIA,CASADA,-,TOMATE,31.0,,2026-03-30 00:00:00,,,,,,,,,,,,,,,,,
MARÇO_ABRIL_L359,MARÇO  ABRIL,Mar-Abr,359,2026-03-26 00:00:00,3829,20.0,297.0,5940.0,PLACA MAE A520M2K,A520M2K,YHAN,CASADA,-,DELTA,31.0,,2026-04-01 00:00:00,,,,,,,,,,,,,,,,,
MARÇO_ABRIL_L360,MARÇO  ABRIL,Mar-Abr,360,2026-03-26 00:00:00,-,100.0,335.0,33500.0,MEM. DDR4 8GB 2666 KEEPDATA/ EASY,-,YHAN,CASADA,-,JANICE,31.0,,2026-03-27 00:00:00,2026-04-02 00:00:00,,,,,,,,,,,,,,,,
MARÇO_ABRIL_L361,MARÇO  ABRIL,Mar-Abr,361,2026-03-26 00:00:00,-,100.0,220.0,22000.0,SSD 240GB KEEPDATA,-,YHAN,CASADA,-,JANICE,31.0,,2026-03-27 00:00:00,2026-04-02 00:00:00,,,,,,,,,,,,,,,,
MARÇO_ABRIL_L362,MARÇO  ABRIL,Mar-Abr,362,2026-03-27 00:00:00,7570,1.0,405.0,405.0,CADEIRA DE ESCRITORIO,MCC-P021,GLEY,LICITAÇÃO,-,TOMATE,31.0,,,,,,,,,,,,,,,,,,,
MARÇO_ABRIL_L363,MARÇO  ABRIL,Mar-Abr,363,2026-03-27 00:00:00,912451,200.0,149.9,29980.0,MONITOR LED 20' 20WR 75HZ PRETO,60856,GUILHERME,CASADA,-,POWERPC,31.0,,2026-04-06 00:00:00,,2026-04-26 00:00:00,2026-05-26 00:00:00,,,,,,,,,,,,,,
MARÇO_ABRIL_L364,MARÇO  ABRIL,Mar-Abr,364,2026-03-27 00:00:00,-,1.0,1700.0,1700.0,NOTEBOOK LENOVO I7,-,GUILHERME,ESTOQUE,-,ROBERTO,31.0,,,,,,,,,,,,,,,,,,,
MARÇO_ABRIL_L365,MARÇO  ABRIL,Mar-Abr,365,2026-03-27 00:00:00,-,200.0,152.0,30400.0,MONITOR AX20',-,GUILHERME,CASADA,-,HAOQING,31.0,,,,,,,,,,,,,,,,,,,
MARÇO_ABRIL_L366,MARÇO  ABRIL,Mar-Abr,366,2026-03-27 00:00:00,-,300.0,152.0,45600.0,MONITOR AX20',-,GUILHERME,ESTOQUE,-,HAOQING,31.0,,,,,,,,,,,,,,,,,,,linha_duplicada_suspeita;
MARÇO_ABRIL_L367,MARÇO  ABRIL,Mar-Abr,367,2026-03-27 00:00:00,-,180.0,180.0,32400.0,MONITOR AX22',-,GUILHERME,ESTOQUE,-,HAOQING,31.0,,,,,,,,,,,,,,,,,,,
MARÇO_ABRIL_L368,MARÇO  ABRIL,Mar-Abr,368,2026-03-27 00:00:00,-,100.0,215.0,21500.0,MONITOR AX24',-,GUILHERME,ESTOQUE,-,HAOQING,31.0,,,,,,,,,,,,,,,,,,,
MARÇO_ABRIL_L369,MARÇO  ABRIL,Mar-Abr,369,2026-03-27 00:00:00,-,50.0,215.0,10750.0,MONITOR AX24',-,GUILHERME,CASADA,-,HAOQING,31.0,,,,,,,,,,,,,,,,,,,
MARÇO_ABRIL_L370,MARÇO  ABRIL,Mar-Abr,370,2026-03-27 00:00:00,912499,200.0,128.66,25732.0,PROC DESK 1150 I5-4590 ,67811,GUSTAVO,LICITAÇÃO,-,POWERPC,31.0,,,,2026-04-26 00:00:00,2026-05-26 00:00:00,,,,,,,,,,,,,,
MARÇO_ABRIL_L371,MARÇO  ABRIL,Mar-Abr,371,2026-03-27 00:00:00,-,100.0,124.0,12400.0,SSD 120GB FNX,-,YHAN,CASADA,-,GABIZ,31.0,,,,,,,,,,,,,,,,,,,
MARÇO_ABRIL_L372,MARÇO  ABRIL,Mar-Abr,372,2026-03-27 00:00:00,784352,97.0,228.769,22190.593,PLACA MAE DUEX DXMBA320G A320 DDR4,26057-2,YHAN,ESTOQUE,-,DUEX,31.0,,,,,,,,,,,,,,,,,,,
MARÇO_ABRIL_L373,MARÇO  ABRIL,Mar-Abr,373,2026-03-27 00:00:00,5275,500.0,58.0,29000.0,FONTE DE ALIMENTAÇÃO PARA PC (500W),KP-522,GUILHERME,CASADA,-,KNUP,31.0,,2026-04-06 00:00:00,,,,,,,,,,,,,,,,,
MARÇO_ABRIL_L374,MARÇO  ABRIL,Mar-Abr,374,2026-03-27 00:00:00,5275,1000.0,81.0,81000.0,PLACA MAE LGA1155 REALTEK 8111E 100/1000MBPS,G-H61/S,GUILHERME,ESTOQUE,-,KNUP,31.0,,2026-04-08 00:00:00,,,,,,,,,,,,,,,,,
MARÇO_ABRIL_L375,MARÇO  ABRIL,Mar-Abr,375,2026-03-27 00:00:00,5275,20.0,1050.0,21000.0,PLACA MAE CONTROLADORA PARA COMPUTADOR DESKTOP: G-PC11400H,G-PC11400H,GUILHERME,ESTOQUE,-,KNUP,31.0,,2026-04-08 00:00:00,,,,,,,,,,,,,,,,,
MARÇO_ABRIL_L376,MARÇO  ABRIL,Mar-Abr,376,2026-03-27 00:00:00,5275,20.0,1150.0,23000.0,PLACA MAE CONTROLADORA PARA COMPUTADOR DESKTOP: G-PC11800H,G-PC11800H,GUILHERME,ESTOQUE,-,KNUP,31.0,,2026-04-08 00:00:00,,,,,,,,,,,,,,,,,
MARÇO_ABRIL_L377,MARÇO  ABRIL,Mar-Abr,377,2026-03-27 00:00:00,5275,10.0,1050.0,10500.0,PLACA MAE E PROCESSADOR I5,G-PC11500H,GUILHERME,ESTOQUE,-,KNUP,31.0,,2026-04-08 00:00:00,,,,,,,,,,,,,,,,,
MARÇO_ABRIL_L378,MARÇO  ABRIL,Mar-Abr,378,2026-03-27 00:00:00,10089,50.0,37.107,1855.35,CARREGADOR PORTATIL POWER BANK ENERGIA SOLAR 10000MAH,MAX-0539,YHAN,CASADA,-,IT BLUE,31.0,,2026-04-06 00:00:00,,,,,,,,,,,,,,,,,
MARÇO_ABRIL_L379,MARÇO  ABRIL,Mar-Abr,379,2026-03-27 00:00:00,10089,50.0,31.806,1590.3,CARREGADOR PORTATIL POWER BANK 10000MAH,MAX-0534,YHAN,CASADA,-,IT BLUE,31.0,,2026-04-06 00:00:00,,,,,,,,,,,,,,,,,
MARÇO_ABRIL_L380,MARÇO  ABRIL,Mar-Abr,380,2026-03-27 00:00:00,10089,50.0,45.942,2297.1,CARREGADOR PORTATIL POWER BANK WIRELESS 10000MAH,MAX-0556,YHAN,CASADA,-,IT BLUE,31.0,,2026-04-06 00:00:00,,,,,,,,,,,,,,,,,
MARÇO_ABRIL_L381,MARÇO  ABRIL,Mar-Abr,381,2026-03-27 00:00:00,10089,100.0,29.156,2915.6,CENTRAL ELETRICA PORTATIL 7.5W 5000,MAX-0555,YHAN,CASADA,-,IT BLUE,31.0,,2026-04-06 00:00:00,,,,,,,,,,,,,,,,,
MARÇO_ABRIL_L382,MARÇO  ABRIL,Mar-Abr,382,2026-03-27 00:00:00,10089,32.0,23.994,767.808,CABO CFTV CAT6 30M,LE-317,YHAN,CASADA,-,IT BLUE,31.0,,2026-04-06 00:00:00,,,,,,,,,,,,,,,,,
MARÇO_ABRIL_L383,MARÇO  ABRIL,Mar-Abr,383,2026-03-27 00:00:00,10089,100.0,6.696,669.6,CABO CFTV CAT6 5M,LE-313,YHAN,CASADA,-,IT BLUE,31.0,,2026-04-06 00:00:00,,,,,,,,,,,,,,,,,
MARÇO_ABRIL_L384,MARÇO  ABRIL,Mar-Abr,384,2026-03-30 00:00:00,7665,300.0,5.31,1593.0,CABO CFTV CAT6 3M,MCB-1003,GUILHERME,CASADA,-,TOMATE,31.0,,2026-03-30 00:00:00,,,,,,,,,,,,,,,,,
MARÇO_ABRIL_L385,MARÇO  ABRIL,Mar-Abr,385,2026-03-30 00:00:00,7665,100.0,18.0,1800.0,CANETA TOUCH SCREEN COM 2 PONTAS,MIP-007,GUILHERME,CASADA,-,TOMATE,31.0,,2026-03-30 00:00:00,,,,,,,,,,,,,,,,,
MARÇO_ABRIL_L386,MARÇO  ABRIL,Mar-Abr,386,2026-03-30 00:00:00,7665,44.0,32.4,1425.6,MEGAFONE,MLB-013,GUILHERME,CASADA,-,TOMATE,31.0,,2026-03-30 00:00:00,,,,,,,,,,,,,,,,,
MARÇO_ABRIL_L387,MARÇO  ABRIL,Mar-Abr,387,2026-03-30 00:00:00,7665,80.0,27.0,2160.0,MICROFONE USB,MT-021,GUILHERME,CASADA,-,TOMATE,31.0,,2026-03-30 00:00:00,,,,,,,,,,,,,,,,,
MARÇO_ABRIL_L388,MARÇO  ABRIL,Mar-Abr,388,2026-03-30 00:00:00,7665,50.0,10.8,540.0,SUPORTE MICROFONE DE MESA,MTG-025,GUILHERME,CASADA,-,TOMATE,31.0,,2026-03-30 00:00:00,,,,,,,,,,,,,,,,,
MARÇO_ABRIL_L389,MARÇO  ABRIL,Mar-Abr,389,2026-03-30 00:00:00,7665,10.0,153.0,1530.0,MESA DIGITALIZADORA,MTM-1119,GUILHERME,CASADA,-,TOMATE,31.0,,2026-03-30 00:00:00,,,,,,,,,,,,,,,,,
MARÇO_ABRIL_L390,MARÇO  ABRIL,Mar-Abr,390,2026-03-30 00:00:00,11070,5.0,219.9,1099.5,LAVADORA DE PRESSAO PORTATIL 21V,BOM-7021,ISAAC,CASADA,-,BOMVINK,1.0,,2026-04-09 00:00:00,,,,,,,,,,,,,,,,,
MARÇO_ABRIL_L391,MARÇO  ABRIL,Mar-Abr,391,2026-03-30 00:00:00,11070,6.0,269.9,1619.4,PARAFUSADEIRA MULTIFUNCIONAL 21V COM 4 CABECOTES INTER.,BOM-9749,ISAAC,CASADA,-,BOMVINK,1.0,,2026-04-09 00:00:00,,,,,,,,,,,,,,,,,
MARÇO_ABRIL_L392,MARÇO  ABRIL,Mar-Abr,392,2026-03-30 00:00:00,11070,10.0,89.9,899.0,ESMERILHADEIRA ANGULAR 850W 110V,BOM-9551,ISAAC,CASADA,-,BOMVINK,1.0,,2026-04-09 00:00:00,,,,,,,,,,,,,,,,,
MARÇO_ABRIL_L393,MARÇO  ABRIL,Mar-Abr,393,2026-03-30 00:00:00,-,1.0,7650.0,7650.0,IPHONE 17 PROMAX 256GB LARANJA,-,PATRICIA,CASADA,-,-,31.0,,,,,,,,,,,,,,,,,,,
MARÇO_ABRIL_L394,MARÇO  ABRIL,Mar-Abr,394,2026-03-30 00:00:00,-,10.0,610.0,6100.0,DDR4 16g3200 PC,-,GLEY,LICITAÇÃO,-,JOICE,31.0,,2026-04-08 00:00:00,,,,,,,,,,,,,,,,,
MARÇO_ABRIL_L395,MARÇO  ABRIL,Mar-Abr,395,2026-03-30 00:00:00,7724,4.0,405.0,1620.0,CADEIRA DE ESCRITORIO,MCC-P021,GLEY,LICITAÇÃO,-,TOMATE,31.0,,2026-04-06 00:00:00,,,,,,,,,,,,,,,,,
MARÇO_ABRIL_L396,MARÇO  ABRIL,Mar-Abr,396,2026-03-30 00:00:00,912653,1000.0,71.0,71000.0,GAB. MATX BPC-N11MATX-B M255 C/ FONTE 230W,65576,YHAN,ESTOQUE,-,POWERPC,31.0,,,,,,,,,,,,,,,,,,,
MARÇO_ABRIL_L397,MARÇO  ABRIL,Mar-Abr,397,2026-03-30 00:00:00,7738,4.0,378.0,1512.0,CADEIRA GAMER COR PRETO,LC-001B,PATRICIA,CASADA,-,TOMATE,31.0,,2026-04-06 00:00:00,,,,,,,,,,,,,,,,,
MARÇO_ABRIL_L398,MARÇO  ABRIL,Mar-Abr,398,2026-03-30 00:00:00,5363,32.0,378.0,12096.0,IMPRESSORA TERMICA ,OIA-8380,ISAAC,CASADA,-,OASIS,31.0,,2026-03-30 00:00:00,,,,,,,,,,,,,,,,,
MARÇO_ABRIL_L399,MARÇO  ABRIL,Mar-Abr,399,2026-03-30 00:00:00,5363,30.0,165.0,4950.0,PAPEL TERMICO 100*150,OIA-8400,ISAAC,CASADA,-,OASIS,31.0,,2026-03-30 00:00:00,,,,,,,,,,,,,,,,,
MARÇO_ABRIL_L400,MARÇO  ABRIL,Mar-Abr,400,2026-03-30 00:00:00,1571,6.0,424.0,2544.0,MONITOR LED 23.6',D-GR236,GUILHERME,CASADA,-,GRASEP,31.0,,,,,,,,,,,,,,,,,,,
MARÇO_ABRIL_L401,MARÇO  ABRIL,Mar-Abr,401,2026-03-30 00:00:00,1572,2.0,1922.4,3844.8,COMPUTADOR ALL IN ONE,D-AI16,OSMAR,CASADA,-,GRASEP,31.0,,2026-04-01 00:00:00,,,,,,,,,,,,,,,,,
MARÇO_ABRIL_L402,MARÇO  ABRIL,Mar-Abr,402,2026-03-30 00:00:00,5339,20.0,198.0,3960.0,FONTE DE ALIMENTAÇAO P/ PC ATX 650W,FO-MAX02,GUILHERME,CASADA,-,KNUP,31.0,,2026-03-31 00:00:00,,,,,,,,,,,,,,,,,
MARÇO_ABRIL_L403,MARÇO  ABRIL,Mar-Abr,403,2026-03-30 00:00:00,5339,20.0,216.0,4320.0,FONTE DE ALIMENTAÇAO P/ PC ATX 750W,FO-MAX03,GUILHERME,CASADA,-,KNUP,31.0,,2026-03-31 00:00:00,,,,,,,,,,,,,,,,,
MARÇO_ABRIL_L404,MARÇO  ABRIL,Mar-Abr,404,2026-03-30 00:00:00,3512586,8.0,1855.14,14841.12,PROC INTEL CORE I7-12700K 3.6GHZ 25MB LGA1700,-,CESAR,LICITAÇÃO,-,HANDYTECH,31.0,,2026-04-02 00:00:00,,,,,,,,,,,,,,,,,
MARÇO_ABRIL_L405,MARÇO  ABRIL,Mar-Abr,405,2026-03-30 00:00:00,3925,40.0,342.0,13680.0,PLACA MAE LGA1151 H610 M.2 SSD,H610M2K,GLEY,LICITAÇÃO,-,DELTA,31.0,,2026-04-02 00:00:00,,,,,,,,,,,,,,,,,
MARÇO_ABRIL_L406,MARÇO  ABRIL,Mar-Abr,406,2026-03-30 00:00:00,3925,40.0,171.0,6840.0,FONTE DE ALIMENTAÇAO PRETO PC BIVOLT ,F650 ,GLEY,LICITAÇÃO,-,DELTA,31.0,,2026-04-02 00:00:00,,,,,,,,,,,,,,,,,
MARÇO_ABRIL_L407,MARÇO  ABRIL,Mar-Abr,407,2026-03-30 00:00:00,6084,99.0,355.0,35145.0,DDR4 8GB 3200 MACROVIP,1005,GUILHERME,CASADA,-,JANICE,31.0,,2026-03-31 00:00:00,,,,,,,,,,,,,,,,,
MARÇO_ABRIL_L408,MARÇO  ABRIL,Mar-Abr,408,2026-03-30 00:00:00,6084,1.0,335.0,335.0,DDR4 8GB 2666 EASY,1103,GUILHERME,CASADA,-,JANICE,31.0,,,,,,,,,,,,,,,,,,,
MARÇO_ABRIL_L409,MARÇO  ABRIL,Mar-Abr,409,2026-03-31 00:00:00,3961,200.0,7.2,1440.0,FONTE DE ALIMENTAÇAO 12V 2A,F212,YHAN,CASADA,-,AITEK,31.0,,2026-03-31 00:00:00,,,,,,,,,,,,,,,,,
MARÇO_ABRIL_L410,MARÇO  ABRIL,Mar-Abr,410,2026-03-31 00:00:00,5449,8.0,351.54,2812.32,IMPRESSORA TERMICA ,OIA-8380,ISAAC,CASADA,-,OASIS,31.0,,2026-03-31 00:00:00,,,,,,,,,,,,,,,,,
MARÇO_ABRIL_L411,MARÇO  ABRIL,Mar-Abr,411,2026-03-31 00:00:00,-,100.0,360.0,36000.0,MEMORIA 8GB DDR4 2666 DESKTOP,-,YHAN,ESTOQUE,-,THIAGO VECHI,31.0,,,,,,,,,,,,,,,,,,,
MARÇO_ABRIL_L412,MARÇO  ABRIL,Mar-Abr,412,2026-03-31 00:00:00,0020,350.0,16.8,5880.0,CONTROLE USB P/ COMPUTADOR,KAP-2U,YHAN,CASADA,-,KAPBOM,1.0,,2026-04-08 00:00:00,,,,,,,,,,,,,,,,,
MARÇO_ABRIL_L413,MARÇO  ABRIL,Mar-Abr,413,2026-03-31 00:00:00,913260,100.0,325.0,32500.0,PLACA MAE DESK PC 1200 BPC-H510M.2,53003,GLEY,LICITAÇÃO,-,POWERPC,31.0,,,,2026-04-30 00:00:00,2026-05-30 00:00:00,,,,,,,,,,,,,,
MARÇO_ABRIL_L414,MARÇO  ABRIL,Mar-Abr,414,2026-03-31 00:00:00,-,1.0,7950.0,7950.0,IPHONE 17 PROMAX 256GB BRANCO,-,PATRICIA,CASADA,-,-,31.0,,,,,,,,,,,,,,,,,,,
MARÇO_ABRIL_L415,MARÇO  ABRIL,Mar-Abr,415,2026-03-31 00:00:00,102202,1000.0,125.4718,125471.8,MONITOR 19' LED VGA+HDMI VX190X 60HZ VXPRO,16544,ISAAC,CASADA,-,DUEX,31.0,,,,,,,,,,,,,,,,,,,
MARÇO_ABRIL_L416,MARÇO  ABRIL,Mar-Abr,416,2026-03-31 00:00:00,54077,500.0,10.484,5242.0,"FILTRO DE LINHA 04 TOMADAS PR PP CIRCULAR 3X0,75X1,00M",PT00 (61),ISAAC,ESTOQUE,-,MEGATRON,31.0,,2026-04-14 00:00:00,,,,,,,,,,,,,,,,,
MARÇO_ABRIL_L417,MARÇO  ABRIL,Mar-Abr,417,2026-03-31 00:00:00,54077,400.0,12.3447,4937.88,"FILTRO DE LINHA 04 TOMADAS BR PP CIRCULAR 3X0,75X1,00M",BR00 (249),ISAAC,ESTOQUE,-,MEGATRON,31.0,,2026-04-14 00:00:00,,,,,,,,,,,,,,,,,
MARÇO_ABRIL_L418,MARÇO  ABRIL,Mar-Abr,418,2026-03-31 00:00:00,54077,900.0,12.452,11206.8,"FILTRO DE LINHA 05 TOMADAS PR PP CIRCULAR 3X0,75X1,00M",PT00 (31),ISAAC,ESTOQUE,-,MEGATRON,31.0,,2026-04-14 00:00:00,,,,,,,,,,,,,,,,,
MARÇO_ABRIL_L419,MARÇO  ABRIL,Mar-Abr,419,2026-04-01 00:00:00,912963,1000.0,149.9,149900.0,MONITOR LED 20' 20WR 75HZ PRETO,60856,GUILHERME,CASADA,-,POWERPC,31.0,,06//04/2026,,2026-05-01 00:00:00,2026-05-31 00:00:00,,,,,,,,,,,,,,
MARÇO_ABRIL_L420,MARÇO  ABRIL,Mar-Abr,420,2026-04-01 00:00:00,1018,50.0,152.0,7600.0,MONITOR AX20',-,YHAN,CASADA,-,HAOQING,31.0,2026-04-01 00:00:00,,,,,,,,,,,,,,,,,,
MARÇO_ABRIL_L421,MARÇO  ABRIL,Mar-Abr,421,2026-04-01 00:00:00,0038,2000.0,11.0,22000.0,MINI CAIXA DE SOM DIGITAL SPEAKER PORTATIL,KA-1018,GUILHERME,CASADA,-,KAPBOM,31.0,,2026-04-01 00:00:00,,,,,,,,,,,,,,,,,
MARÇO_ABRIL_L422,MARÇO  ABRIL,Mar-Abr,422,2026-04-01 00:00:00,14436748,1.0,389.0,389.0,IMPRESSORA ELGIN TERMINCA NAO FISCAL I7 PLUS,47226,MATHEUS,USO/CONSUMO,-,PAUTA,1.0,,2026-04-06 00:00:00,,,,,,,,,,,,,,,,,
MARÇO_ABRIL_L423,MARÇO  ABRIL,Mar-Abr,423,2026-04-01 00:00:00,-,469.0,127.0,59563.0,SSD 120GB.,-,YHAN,CASADA,-,GABIZ,31.0,2026-04-07 00:00:00,,,,,,,,,,,,,,,,,,
MARÇO_ABRIL_L424,MARÇO  ABRIL,Mar-Abr,424,2026-04-01 00:00:00,44705,2.0,120.0,240.0,BOB. DML 79X040 CX30 BRANCA CUPOM FISCAL,904016908,MATHEUS,USO/CONSUMO,-,ATL,1.0,,,,,,,,,,,,,,,,,,,
MARÇO_ABRIL_L425,MARÇO  ABRIL,Mar-Abr,425,2026-04-01 00:00:00,05391,30.0,198.0,5940.0,FONTE DE ALIMENTAÇAO P/ PC 650W,FO-MAX02,YHAN,CASADA,-,KNUP,31.0,,2026-04-07 00:00:00,,,,,,,,,,,,,,,,,
MARÇO_ABRIL_L426,MARÇO  ABRIL,Mar-Abr,426,2026-04-01 00:00:00,05391,20.0,216.0,4320.0,FONTE DE ALIMENTAÇAO P/ PC 750W,FO-MAX03,YHAN,ESTOQUE,-,KNUP,31.0,,2026-04-07 00:00:00,,,,,,,,,,,,,,,,,
MARÇO_ABRIL_L427,MARÇO  ABRIL,Mar-Abr,427,2026-04-01 00:00:00,10648,24.0,268.77,6450.48,IMPRESSORA TERMICA DE ETIQUETAS 80MM,CE-O159R,ISAAC,CASADA,SP,IT BLUE,31.0,,2026-04-06 00:00:00,,,,,,,,,,,,,,,,,
MARÇO_ABRIL_L428,MARÇO  ABRIL,Mar-Abr,428,2026-04-01 00:00:00,10649,12.0,268.77,3225.24,IMPRESSORA TERMICA DE ETIQUETAS 80MM,CE-O159R,ISAAC,CASADA,SP,IT BLUE,31.0,,2026-04-06 00:00:00,,,,,,,,,,,,,,,,,
MARÇO_ABRIL_L429,MARÇO  ABRIL,Mar-Abr,429,2026-04-02 00:00:00,85005,500.0,18.0,9000.0,ADAPTADOR WIFI 600MPS USB 5GHZ,-,ISAAC,CASADA,-,F&L,31.0,,2026-04-02 00:00:00,,,,,,,,,,,,,,,,,
MARÇO_ABRIL_L430,MARÇO  ABRIL,Mar-Abr,430,2026-04-02 00:00:00,-,1.0,750.0,750.0,CABO TRANSMISSAO DE DADOS CAT6 UPT 23AWG,23400196,ISAAC,CASADA,-,FURUKAWA,31.0,,,,,,,,,,,,,,,,,,,
MARÇO_ABRIL_L431,MARÇO  ABRIL,Mar-Abr,431,2026-04-02 00:00:00,50583,30.0,335.0,10050.0,DDR4 16GB.,-,GUILHERME,CASADA,-,JANICE,31.0,,2026-04-06 00:00:00,,,,,,,,,,,,,,,,,
MARÇO_ABRIL_L432,MARÇO  ABRIL,Mar-Abr,432,2026-04-02 00:00:00,50583,50.0,335.0,16750.0,DDR4 16GB.,-,GUILHERME,ESTOQUE,-,JANICE,31.0,,2026-04-06 00:00:00,,,,,,,,,,,,,,,,,
MARÇO_ABRIL_L433,MARÇO  ABRIL,Mar-Abr,433,2026-04-02 00:00:00,4102,45.0,34.2,1539.0,FONE DE OUVIDO GAMER 7.1 SURROUND,F7140,GLEY,LICITAÇÃO,-,DELTA,31.0,,2026-04-09 00:00:00,,,,,,,,,,,,,,,,,
MARÇO_ABRIL_L434,MARÇO  ABRIL,Mar-Abr,434,2026-04-02 00:00:00,4102,15.0,34.2,513.0,FONE DE OUVIDO GAMER 7.1 SURROUND,F7140,GLEY,ESTOQUE,-,DELTA,31.0,,2026-04-09 00:00:00,,,,,,,,,,,,,,,,,
MARÇO_ABRIL_L435,MARÇO  ABRIL,Mar-Abr,435,2026-04-02 00:00:00,8103,30.0,15.3,459.0,MICROFONE CONDENSADOR OMNI,MT-022,GLEY,LICITAÇÃO,-,TOMATE,31.0,,2026-04-09 00:00:00,,,,,,,,,,,,,,,,,
MARÇO_ABRIL_L436,MARÇO  ABRIL,Mar-Abr,436,2026-04-02 00:00:00,8103,10.0,15.3,153.0,MICROFONE CONDENSADOR OMNI,MT-022,GLEY,ESTOQUE,-,TOMATE,31.0,,2026-04-09 00:00:00,,,,,,,,,,,,,,,,,
MARÇO_ABRIL_L437,MARÇO  ABRIL,Mar-Abr,437,2026-04-02 00:00:00,4110,40.0,342.0,13680.0,PLACA MAE LGA1151 H610 M.2 SSD,H610M2K,YHAN,CASADA,-,DELTA,1.0,,2026-04-13 00:00:00,,,,,,,,,,,,,,,,,
MARÇO_ABRIL_L438,MARÇO  ABRIL,Mar-Abr,438,2026-04-02 00:00:00,1619,1.0,1500.0,1500.0,NEO STANDARD GL ,-,GLEY,LICITAÇÃO,-,MUNDO DOS DRONES,31.0,,,,,,,,,,,,,,,,,,,
MARÇO_ABRIL_L439,MARÇO  ABRIL,Mar-Abr,439,2026-04-02 00:00:00,1619,1.0,8000.0,8000.0,MINI 4 PRO FLY MORE COMBO GL ,-,GLEY,LICITAÇÃO,-,MUNDO DOS DRONES,31.0,,,,,,,,,,,,,,,,,,,
MARÇO_ABRIL_L440,MARÇO  ABRIL,Mar-Abr,440,2026-04-02 00:00:00,1019,340.0,215.0,73100.0,PLACA MAE H110,-,YHAN,ESTOQUE,-,HAOQING,31.0,,,,,,,,,,,,,,,,,,,
MARÇO_ABRIL_L441,MARÇO  ABRIL,Mar-Abr,441,2026-04-02 00:00:00,1020,300.0,215.0,64500.0,MONITOR AX24',-,YHAN,ESTOQUE,-,HAOQING,31.0,,,,,,,,,,,,,,,,,,,
MARÇO_ABRIL_L442,MARÇO  ABRIL,Mar-Abr,442,2026-04-02 00:00:00,1020,200.0,180.0,36000.0,MONITOR AX22',-,YHAN,ESTOQUE,-,HAOQING,31.0,,2026-04-06 00:00:00,,,,,,,,,,,,,,,,,
MARÇO_ABRIL_L443,MARÇO  ABRIL,Mar-Abr,443,2026-04-02 00:00:00,913196,1000.0,135.0,135000.0,MONITOR LED 19 TRS-HK19WY PRETO,57966,YHAN,ESTOQUE,-,POWERPC,31.0,,2026-04-13 00:00:00,,,,,,,,,,,,,,,,,
MARÇO_ABRIL_L444,MARÇO  ABRIL,Mar-Abr,444,2026-04-02 00:00:00,913196,500.0,249.0,124500.0,MONITOR LED 24 WR-75 FHD 75HZ PRETO,64508,YHAN,ESTOQUE,-,POWERPC,31.0,,2026-04-13 00:00:00,,,,,,,,,,,,,,,,,
MARÇO_ABRIL_L445,MARÇO  ABRIL,Mar-Abr,445,2026-04-06 00:00:00,10867,60.0,48.36,2901.6,LANTERNA,LE-8314,OSMAR,CASADA,-,LELOG,31.0,,2026-04-07 00:00:00,,,,,,,,,,,,,,,,,
MARÇO_ABRIL_L446,MARÇO  ABRIL,Mar-Abr,446,2026-04-06 00:00:00,3315,30.0,36.0,1080.0,FONE DE OUVIDO,ON-FN638,OSMAR,CASADA,-,ONISTEK,31.0,,,,,,,,,,,,,,,,,,,
MARÇO_ABRIL_L447,MARÇO  ABRIL,Mar-Abr,447,2026-04-06 00:00:00,4159,3.0,423.0,1269.0,FECHADURA INTELIGENTE COM TELA,ALPHA-202,ISAAC,CASADA,-,AITEK,31.0,,2026-04-14 00:00:00,,,,,,,,,,,,,,,,,linha_duplicada_suspeita;
MARÇO_ABRIL_L448,MARÇO  ABRIL,Mar-Abr,448,2026-04-06 00:00:00,4159,3.0,423.0,1269.0,FECHADURA INTELIGENTE COM TELA,ALPHA-202,ISAAC,ESTOQUE,-,AITEK,31.0,,2026-04-14 00:00:00,,,,,,,,,,,,,,,,,linha_duplicada_suspeita;
MARÇO_ABRIL_L449,MARÇO  ABRIL,Mar-Abr,449,2026-04-06 00:00:00,0604,160.0,60.5,9680.0,ROTEADOR WIFI 2.4GHZ 1200MBPS,MM-LYQ,ISAAC,CASADA,-,MINIMEN,31.0,,2026-04-13 00:00:00,,,,,,,,,,,,,,,,,
MARÇO_ABRIL_L450,MARÇO  ABRIL,Mar-Abr,450,2026-04-06 00:00:00,-,174.0,500.0,87000.0,SSD WDGREEN 1B SATA 3,-,ISAAC,CASADA,-,JOICE,31.0,,2026-04-08 00:00:00,,,,,,,,,,,,,,,,,
MARÇO_ABRIL_L451,MARÇO  ABRIL,Mar-Abr,451,2026-04-06 00:00:00,229,40.0,225.0,9000.0,HD 1TB WD PURPLE,115,ISAAC,CASADA,-,JAVACOMP,31.0,,2026-04-10 00:00:00,,,,,,,,,,,,,,,,,
MARÇO_ABRIL_L452,MARÇO  ABRIL,Mar-Abr,452,2026-04-06 00:00:00,-,5.0,130.0,650.0,OFFICE 2019 PRO PLUS CARTÃO,-,CESAR,CASADA,-,GABIZ,31.0,,2026-04-08 00:00:00,,,,,,,,,,,,,,,,,
MARÇO_ABRIL_L453,MARÇO  ABRIL,Mar-Abr,453,2026-04-06 00:00:00,-,1.0,1760.0,1760.0,S10 SMX400 128GB,-,PATRICIA,CASADA,-,-,31.0,,,,,,,,,,,,,,,,,,,
MARÇO_ABRIL_L454,MARÇO  ABRIL,Mar-Abr,454,2026-04-06 00:00:00,-,2.0,1921.76,3843.52,MICROFONE AKG WP300 DUPLO SEM FIO,-,PATRICIA,CASADA,-,MERCADO LIVRE,31.0,,,,,,,,,,,,,,,,,,,
MARÇO_ABRIL_L455,MARÇO  ABRIL,Mar-Abr,455,2026-04-06 00:00:00,-,2.0,5399.0,10798.0,RECEIVER JBL MA510- 5.2CH/100W/8K/BT/WIFI/AIRPLAY,-,PATRICIA,CASADA,-,MERCADO LIVRE,31.0,,,,,,,,,,,,,,,,,,,
MARÇO_ABRIL_L456,MARÇO  ABRIL,Mar-Abr,456,2026-04-06 00:00:00,-,2.0,1293.0,2586.0,MESA DE SOM SOUNDCRAFT MI-12 ANALOGICO C/ 12 CANAIS,-,PATRICIA,CASADA,-,MERCADO LIVRE,31.0,,,,,,,,,,,,,,,,,,,
MARÇO_ABRIL_L457,MARÇO  ABRIL,Mar-Abr,457,2026-04-06 00:00:00,-,5.0,767.0,3835.0,ALTO FALANTE JBL SELENIUM AMBIENTARE C621 BRANCO 50W RMS DE PAREDE,-,PATRICIA,CASADA,-,MERCADO LIVRE,31.0,,,,,,,,,,,,,,,,,,,
MARÇO_ABRIL_L458,MARÇO  ABRIL,Mar-Abr,458,2026-04-07 00:00:00,05535,1000.0,82.0,82000.0,PLACA MAE LGA1155.,G-B75,YHAN,ESTOQUE,-,KNUP,31.0,,,,,,,,,,,,,,,,,,,
MARÇO_ABRIL_L459,MARÇO  ABRIL,Mar-Abr,459,2026-04-07 00:00:00,-,50.0,600.0,30000.0,DDR4 16GB 3200MHZ PC,-,YHAN,CASADA,-,JOICE,31.0,,2026-04-08 00:00:00,,,,,,,,,,,,,,,,,
MARÇO_ABRIL_L460,MARÇO  ABRIL,Mar-Abr,460,2026-04-07 00:00:00,05620,200.0,270.0,54000.0,PLACA MAE B250 PARA COMPUTADOR DESKTOP,G-B250,GUSTAVO,NINJA,-,KNUP,31.0,,,,,,,,,,,,,,,,,,,
MARÇO_ABRIL_L461,MARÇO  ABRIL,Mar-Abr,461,2026-04-07 00:00:00,30157,1200.0,5.2,6240.0,ADAPTADOR WIFI PC 2.4GHZ 950MBPS,KA-1100,GUILHERME,CASADA,-,KAPBOM,31.0,,2026-04-07 00:00:00,,,,,,,,,,,,,,,,,
MARÇO_ABRIL_L462,MARÇO  ABRIL,Mar-Abr,462,2026-04-07 00:00:00,-,1.0,8000.0,8000.0,IPHONE 17 PROMAX AZ,-,PATRICIA,CASADA,-,-,31.0,,,,,,,,,,,,,,,,,,,
MARÇO_ABRIL_L463,MARÇO  ABRIL,Mar-Abr,463,2026-04-07 00:00:00,1469,1.0,5808.0,5808.0,MOTO ELETRICA ,AC-6609,OSMAR,CASADA,-,ATEC,31.0,,,,,,,,,,,,,,,,,,,linha_duplicada_suspeita;
MARÇO_ABRIL_L464,MARÇO  ABRIL,Mar-Abr,464,2026-04-07 00:00:00,1469,1.0,5808.0,5808.0,MOTO ELETRICA ,AC-6609,OSMAR,SHOWROOM,-,ATEC,31.0,,,,,,,,,,,,,,,,,,,linha_duplicada_suspeita;
MARÇO_ABRIL_L465,MARÇO  ABRIL,Mar-Abr,465,2026-04-07 00:00:00,05649,40.0,260.0,10400.0,PLACA MAE H110 PARA COMPUTADOR DESKTOP,G-H110,YHAN,CASADA,-,KNUP,31.0,,,,,,,,,,,,,,,,,,,
MARÇO_ABRIL_L466,MARÇO  ABRIL,Mar-Abr,466,2026-04-07 00:00:00,-,220.0,500.0,110000.0,SSD 1TB GREEN,-,ISAAC,CASADA,-,JOICE,31.0,,2026-04-08 00:00:00,,,,,,,,,,,,,,,,,
MARÇO_ABRIL_L467,MARÇO  ABRIL,Mar-Abr,467,2026-04-07 00:00:00,05645,20.0,85.0,1700.0,PLACA MAE B75 PARA COMPUTADOR DESKTOP,G-B75,GUILHERME,CASADA,-,KNUP,31.0,,,,,,,,,,,,,,,,,,,
MARÇO_ABRIL_L468,MARÇO  ABRIL,Mar-Abr,468,2026-04-07 00:00:00,01670,205.0,60.4,12382.0,COLUNA DE PEDESTAL PARA MONITOR,D-ZJ01-1,DIEGO,CASADA,-,GRASEP,31.0,,,,,,,,,,,,,,,,,,,
MARÇO_ABRIL_L469,MARÇO  ABRIL,Mar-Abr,469,2026-04-07 00:00:00,01670,205.0,10.0,2050.0,COLUNA DE PEDESTAL PARA MONITOR,D-ZJ01-2,DIEGO,CASADA,-,GRASEP,31.0,,,,,,,,,,,,,,,,,,,
MARÇO_ABRIL_L470,MARÇO  ABRIL,Mar-Abr,470,2026-04-08 00:00:00,8004,2.0,690.12,1380.24,CAIXA DE SOM X69,IMS-X69,YHAN,CASADA,-,IMENSO,31.0,,,,,,,,,,,,,,,,,,,linha_duplicada_suspeita;
MARÇO_ABRIL_L471,MARÇO  ABRIL,Mar-Abr,471,2026-04-08 00:00:00,8004,2.0,690.12,1380.24,CAIXA DE SOM X69,IMS-X69,YHAN,ESTOQUE,-,IMENSO,31.0,,,,,,,,,,,,,,,,,,,linha_duplicada_suspeita;
MARÇO_ABRIL_L472,MARÇO  ABRIL,Mar-Abr,472,2026-04-08 00:00:00,11920,20.0,43.9,878.0,JOGO DE BITS PARA IMPACTO COM 36PÇS,BOM-5037,ISAAC,CASADA,-,BOMVINK,1.0,,2026-04-10 00:00:00,,,,,,,,,,,,,,,,,
MARÇO_ABRIL_L473,MARÇO  ABRIL,Mar-Abr,473,2026-04-08 00:00:00,11937,20.0,79.9,1598.0,PARAFUSADEIRA BATERIA 21V,BOM-9961,ISAAC,CASADA,-,BOMVINK,1.0,,2026-04-10 00:00:00,,,,,,,,,,,,,,,,,
MARÇO_ABRIL_L474,MARÇO  ABRIL,Mar-Abr,474,2026-04-08 00:00:00,786080,163.0,535.8196,87338.5948,MONITOR GAMER DUEX LED 27' 100HZ 4K,DX270Z,GLEY,LICITAÇÃO,-,DUEX,31.0,,2026-04-22 00:00:00,,,,,,,,,,,,,,,,,
MARÇO_ABRIL_L475,MARÇO  ABRIL,Mar-Abr,475,2026-04-08 00:00:00,238667,120.0,31.25,3750.0,SUPORTE DE PROJETOR MULTIMIDIA DE GARRA TETO E PAREDE PRETO,04296,DIEGO,CASADA,-,EXBOM (MCT),31.0,,,,,,,,,,,,,,,,,,,
MARÇO_ABRIL_L476,MARÇO  ABRIL,Mar-Abr,476,2026-04-08 00:00:00,-,1.0,1100.0,1100.0,WINDOWS SERVER 2019 DATACENTER,-,CESAR,LICITAÇÃO,-,GABIZ,31.0,,,,,,,,,,,,,,,,,,,
MARÇO_ABRIL_L477,MARÇO  ABRIL,Mar-Abr,477,2026-04-08 00:00:00,000003,966.0,219.0,211554.0,SSD MACROVIP 240GB SATA3 BLISTER,P240G,ISAAC,ESTOQUE,-,G F LIMA SERV,31.0,,2026-04-14 00:00:00,,,,,,,,,,,,,,,,,
MARÇO_ABRIL_L478,MARÇO  ABRIL,Mar-Abr,478,2026-04-08 00:00:00,000003,200.0,391.0,78200.0,SSD MACROVIP 480GB SATA3 BLISTER,P480G,ISAAC,ESTOQUE,-,G F LIMA SERV,31.0,,2026-04-16 00:00:00,,,,,,,,,,,,,,,,,
MARÇO_ABRIL_L479,MARÇO  ABRIL,Mar-Abr,479,2026-04-08 00:00:00,-,100.0,120.0,12000.0,MEMORIA 4GB DDR4 DESK,-,DIEGO,CASADA,-,THIAGO VECHI,31.0,,2026-04-09 00:00:00,,,,,,,,,,,,,,,,,
MARÇO_ABRIL_L480,MARÇO  ABRIL,Mar-Abr,480,2026-04-09 00:00:00,30201,300.0,5.2,1560.0,ADAPTADOR WIFI PC 2.4GHZ 950MBPS,KA-1100,YHAN,CASADA,-,KAPBOM,1.0,,2026-04-16 00:00:00,,,,,,,,,,,,,,,,,
MARÇO_ABRIL_L481,MARÇO  ABRIL,Mar-Abr,481,2026-04-09 00:00:00,12163,30.0,79.9,2397.0,ESMERILHADEIRA ANGULAR 710W 220V,BOM-9546,YHAN,CASADA,-,BOMVINK,31.0,,2026-04-10 00:00:00,,,,,,,,,,,,,,,,,
MARÇO_ABRIL_L482,MARÇO  ABRIL,Mar-Abr,482,2026-04-09 00:00:00,12163,30.0,89.9,2697.0,FURADEIRA DE IMPACTO 110V,BOM-9543,YHAN,CASADA,-,BOMVINK,31.0,,2026-04-10 00:00:00,,,,,,,,,,,,,,,,,
MARÇO_ABRIL_L483,MARÇO  ABRIL,Mar-Abr,483,2026-04-09 00:00:00,12163,100.0,79.9,7990.0,KIT JOGO DE FERRAMENTAS COMPLETA 126PCS,BOM-3907,YHAN,CASADA,-,BOMVINK,31.0,,2026-04-10 00:00:00,,,,,,,,,,,,,,,,,
MARÇO_ABRIL_L484,MARÇO  ABRIL,Mar-Abr,484,2026-04-09 00:00:00,12163,40.0,149.9,5996.0,LIXADEIRA MANUAL DE BATERIA,BOM-9703,YHAN,CASADA,-,BOMVINK,31.0,,2026-04-10 00:00:00,,,,,,,,,,,,,,,,,
MARÇO_ABRIL_L485,MARÇO  ABRIL,Mar-Abr,485,2026-04-09 00:00:00,12163,60.0,79.9,4794.0,SOPRADOR E ASPIRADOR ELETRICO 110V 700W,BOM-9587,YHAN,CASADA,-,BOMVINK,31.0,,2026-04-10 00:00:00,,,,,,,,,,,,,,,,,
MARÇO_ABRIL_L486,MARÇO  ABRIL,Mar-Abr,486,2026-04-09 00:00:00,12163,30.0,129.9,3897.0,LAVADORA DE PRESSAO A BATERIA PORTATIL,BOM-7001,YHAN,CASADA,-,BOMVINK,31.0,,2026-04-10 00:00:00,,,,,,,,,,,,,,,,,
MARÇO_ABRIL_L487,MARÇO  ABRIL,Mar-Abr,487,2026-04-09 00:00:00,12163,48.0,67.9,3259.2,BOMBA DE AR COMPRESSOR DIGITAL PORTATIL COM LED,BOM-8905,YHAN,CASADA,-,BOMVINK,31.0,,2026-04-10 00:00:00,,,,,,,,,,,,,,,,,
MARÇO_ABRIL_L488,MARÇO  ABRIL,Mar-Abr,488,2026-04-09 00:00:00,12163,2.0,349.9,699.8,MOTOSSERRA A GASOLINA ,BOM-9204,YHAN,CASADA,-,BOMVINK,31.0,,2026-04-10 00:00:00,,,,,,,,,,,,,,,,,
MARÇO_ABRIL_L489,MARÇO  ABRIL,Mar-Abr,489,2026-04-09 00:00:00,12163,6.0,329.9,1979.4,ROCADEIRA APARADOR DE GRAMA 2 BATERIAS,BOM-9111,YHAN,CASADA,-,BOMVINK,31.0,,2026-04-10 00:00:00,,,,,,,,,,,,,,,,,
MARÇO_ABRIL_L490,MARÇO  ABRIL,Mar-Abr,490,2026-04-09 00:00:00,12163,6.0,139.9,839.4,SERRA MARMORA 1200W 220V,BOM-9550,YHAN,CASADA,-,BOMVINK,31.0,,2026-04-10 00:00:00,,,,,,,,,,,,,,,,,
MARÇO_ABRIL_L491,MARÇO  ABRIL,Mar-Abr,491,2026-04-09 00:00:00,-,400.0,85.0,34000.0,CPU I5 3470,-,ISAAC,CASADA,-,THIAGO VECHI,31.0,,,,,,,,,,,,,,,,,,,
MARÇO_ABRIL_L492,MARÇO  ABRIL,Mar-Abr,492,2026-04-09 00:00:00,05712,140.0,82.0,11480.0,PLACA MAE B75 LGA1155,G-B75,GUILHERME,CASADA,-,KNUP,31.0,,2026-04-09 00:00:00,,,,,,,,,,,,,,,,,
MARÇO_ABRIL_L493,MARÇO  ABRIL,Mar-Abr,493,2026-04-09 00:00:00,-,14.0,335.0,4690.0,SSD KINGSTON 240,-,PATRICIA,CASADA,-,-,31.0,,,,,,,,,,,,,,,,,,,
MARÇO_ABRIL_L494,MARÇO  ABRIL,Mar-Abr,494,2026-04-09 00:00:00,8088,252.0,85.0,21420.0,INTEL CORE I5-3470 QUAD CORE 3.2GHZ LGA1155,I53470,ISAAC,CASADA,-,GILCEMAR,31.0,,,,,,,,,,,,,,,,,,,
MARÇO_ABRIL_L495,MARÇO  ABRIL,Mar-Abr,495,2026-04-09 00:00:00,8088,164.0,85.0,13940.0,INTEL CORE I5-3570 QUAD CORE 3.3GHZ LGA1155,I53570,ISAAC,CASADA,-,GILCEMAR,31.0,,,,,,,,,,,,,,,,,,,
MARÇO_ABRIL_L496,MARÇO  ABRIL,Mar-Abr,496,2026-04-09 00:00:00,8088,62.0,85.0,5270.0,INTEL CORE I5-3550 QUAD CORE 3.3GHZ LGA1155,I53550,ISAAC,CASADA,-,GILCEMAR,31.0,,,,,,,,,,,,,,,,,,,
MARÇO_ABRIL_L497,MARÇO  ABRIL,Mar-Abr,497,2026-04-10 00:00:00,4372,60.0,207.0,12420.0,PLACA DE VIDEO DDR3 4GB,R7 350,GUILHERME,CASADA,-,DELTA,31.0,,2026-04-10 00:00:00,,,,,,,,,,,,,,,,,
MARÇO_ABRIL_L498,MARÇO  ABRIL,Mar-Abr,498,2026-04-10 00:00:00,01748,600.0,76.5,45900.0,CARTAO DE MEMORIA MICRO SD 128G,D-TF128,ISAAC,CASADA,-,GRASEP,1.0,,2026-04-15 00:00:00,,,,,,,,,,,,,,,,,
MARÇO_ABRIL_L499,MARÇO  ABRIL,Mar-Abr,499,2026-04-10 00:00:00,01748,200.0,76.5,15300.0,CARTAO DE MEMORIA MICRO SD 128G,D-TF128,ISAAC,ESTOQUE,-,GRASEP,1.0,,2026-04-15 00:00:00,,,,,,,,,,,,,,,,,
MARÇO_ABRIL_L500,MARÇO  ABRIL,Mar-Abr,500,2026-04-10 00:00:00,05792,70.0,1030.0,72100.0,PLACA MAE PC 11400H,PC11400H,ISAAC,CASADA,-,KNUP,1.0,,,,,,,,,,,,,,,,,,,
MARÇO_ABRIL_L501,MARÇO  ABRIL,Mar-Abr,501,2026-04-10 00:00:00,786444,1000.0,24.9989,24998.9,FONTE VXPRO 230W - VX 230SE SEM CABO,16773,YHAN,ESTOQUE,-,DUEX,31.0,,2026-04-28 00:00:00,,,,,,,,,,,,,,,,,
MARÇO_ABRIL_L502,MARÇO  ABRIL,Mar-Abr,502,2026-04-10 00:00:00,786444,7000.0,10.9975,76982.5,TECLADO KB110 COM FIO SEM LOGO,23543,YHAN,ESTOQUE,-,DUEX,31.0,,2026-04-28 00:00:00,,,,,,,,,,,,,,,,,
MARÇO_ABRIL_L503,MARÇO  ABRIL,Mar-Abr,503,2026-04-10 00:00:00,786444,9000.0,3.4977,31479.3,MOUSE M365 SEM LOGO OPTICO 3D USB C/ FIO,23544,YHAN,ESTOQUE,-,DUEX,31.0,,2026-04-28 00:00:00,,,,,,,,,,,,,,,,,
MARÇO_ABRIL_L504,MARÇO  ABRIL,Mar-Abr,504,2026-04-13 00:00:00,914314,3.0,1907.85,5723.55,PROC DESK INTEL 1700 CORE I7-13700F ,62105,CESAR,LICITAÇÃO,-,POWERPC,31.0,,2026-04-16 00:00:00,,2026-05-13 00:00:00,2026-06-12 00:00:00,,,,,,,,,,,,,,
MARÇO_ABRIL_L505,MARÇO  ABRIL,Mar-Abr,505,2026-04-13 00:00:00,4451,3.0,283.5,850.5,WALTER COOLER 240,WC1826P,CESAR,LICITAÇÃO,-,DELTA,1.0,,2026-04-16 00:00:00,,,,,,,,,,,,,,,,,
MARÇO_ABRIL_L506,MARÇO  ABRIL,Mar-Abr,506,2026-04-13 00:00:00,-,1.0,999.0,999.0,MICROFONE S/ FIO AKG WP 300 DUPLO BASTAO,-,NETO,USO/CONSUMO,-,MERCADO LIVRE,31.0,,,,,,,,,,,,,,,,,,,
MARÇO_ABRIL_L507,MARÇO  ABRIL,Mar-Abr,507,2026-04-13 00:00:00,2507941,15.0,290.409,4356.135,CAIXA DE SOM AMPLIFICADA BLUETOOTH 12480OW,HP-480,YHAN,CASADA,-,AQUARIO,31.0,,2026-04-16 00:00:00,,,,,,,,,,,,,,,,,
MARÇO_ABRIL_L508,MARÇO  ABRIL,Mar-Abr,508,2026-04-13 00:00:00,30355,1000.0,2.8,2800.0,MOUSE PAD,KA-1001,GUILHERME,CASADA,-,KAPBOM,31.0,,2026-04-13 00:00:00,,,,,,,,,,,,,,,,,
MARÇO_ABRIL_L509,MARÇO  ABRIL,Mar-Abr,509,2026-04-13 00:00:00,30355,600.0,5.2,3120.0,ADAPTADOR WI-FI PC 2.4GHZ 950MBPS,KA-1100,GUILHERME,CASADA,-,KAPBOM,31.0,,2026-04-13 00:00:00,,,,,,,,,,,,,,,,,
MARÇO_ABRIL_L510,MARÇO  ABRIL,Mar-Abr,510,2026-04-13 00:00:00,12451,48.0,15.9,763.2,JOGO CHAVE CANHAO SOQUETE 7 PEÇAS,BOM-3220,YHAN,CASADA,-,BOMVINK,31.0,,2026-04-13 00:00:00,,,,,,,,,,,,,,,,,
MARÇO_ABRIL_L511,MARÇO  ABRIL,Mar-Abr,511,2026-04-13 00:00:00,12451,100.0,8.99,899.0,MACARICO PORTIL CULINARIA,BOM-1535,YHAN,CASADA,-,BOMVINK,31.0,,2026-04-13 00:00:00,,,,,,,,,,,,,,,,,
MARÇO_ABRIL_L512,MARÇO  ABRIL,Mar-Abr,512,2026-04-13 00:00:00,12451,20.0,89.9,1798.0,JOGO DE CHAVE COMBINADA CATRACA 7 PEÇAS,BOM-3213,YHAN,CASADA,-,BOMVINK,31.0,,2026-04-13 00:00:00,,,,,,,,,,,,,,,,,
MARÇO_ABRIL_L513,MARÇO  ABRIL,Mar-Abr,513,2026-04-13 00:00:00,12451,3.0,289.9,869.7,KIT JOGO DE CHAVES CATRACA SOQUETE 124 PEÇAS,BOM-3911,YHAN,CASADA,-,BOMVINK,31.0,,2026-04-13 00:00:00,,,,,,,,,,,,,,,,,
MARÇO_ABRIL_L514,MARÇO  ABRIL,Mar-Abr,514,2026-04-13 00:00:00,12451,2.0,139.9,279.8,MACACO HIDRAULICO TIPO JACARE 2T,BOM-1541,YHAN,CASADA,-,BOMVINK,31.0,,2026-04-13 00:00:00,,,,,,,,,,,,,,,,,
MARÇO_ABRIL_L515,MARÇO  ABRIL,Mar-Abr,515,2026-04-13 00:00:00,12451,60.0,34.9,2094.0,KIT DE JOGO DE SOQUETES COM ENCAIXE DE 1/2 POLEGADA 12PE,BOM-3210,YHAN,CASADA,-,BOMVINK,31.0,,2026-04-13 00:00:00,,,,,,,,,,,,,,,,,
MARÇO_ABRIL_L516,MARÇO  ABRIL,Mar-Abr,516,2026-04-13 00:00:00,12451,240.0,8.9,2136.0,ESTILETE PROFISSIONAL COM 5 LAMINAS,BOM-3308,YHAN,CASADA,-,BOMVINK,31.0,,2026-04-13 00:00:00,,,,,,,,,,,,,,,,,
MARÇO_ABRIL_L517,MARÇO  ABRIL,Mar-Abr,517,2026-04-13 00:00:00,12451,50.0,15.9,795.0,TEMPORIZADOR TIMER MECANICO BIVOLT 110V/220V,BOM-6310,YHAN,CASADA,-,BOMVINK,31.0,,2026-04-13 00:00:00,,,,,,,,,,,,,,,,,
MARÇO_ABRIL_L518,MARÇO  ABRIL,Mar-Abr,518,2026-04-13 00:00:00,12451,20.0,68.8,1376.0,BOMBA DE AR COMPRESSOR DIGITAL PORTATIL COM LED,BOM-8917,YHAN,CASADA,-,BOMVINK,31.0,,2026-04-13 00:00:00,,,,,,,,,,,,,,,,,
MARÇO_ABRIL_L519,MARÇO  ABRIL,Mar-Abr,519,2026-04-13 00:00:00,12451,4.0,229.9,919.6,MOTOSSERRA ELETRICA 3200W 20 POLEGADAS 110V,BOM-9593,YHAN,CASADA,-,BOMVINK,31.0,,2026-04-13 00:00:00,,,,,,,,,,,,,,,,,
MARÇO_ABRIL_L520,MARÇO  ABRIL,Mar-Abr,520,2026-04-13 00:00:00,12451,6.0,259.9,1559.4,SERRA CIRCULAR DE BATERIA,BOM-9706,YHAN,CASADA,-,BOMVINK,31.0,,2026-04-13 00:00:00,,,,,,,,,,,,,,,,,
MARÇO_ABRIL_L521,MARÇO  ABRIL,Mar-Abr,521,2026-04-13 00:00:00,12451,5.0,339.9,1699.5,CHAVE DE IMPACTO 21V 580NM,BOM-9964,YHAN,CASADA,-,BOMVINK,31.0,,2026-04-13 00:00:00,,,,,,,,,,,,,,,,,
MARÇO_ABRIL_L522,MARÇO  ABRIL,Mar-Abr,522,2026-04-13 00:00:00,12451,120.0,8.9,1068.0,ABRACADEIRA NYLON 4.8MM X 400MM TIPO ENFORCA GATO 100 PÇS,BOM-5498,YHAN,CASADA,-,BOMVINK,31.0,,2026-04-13 00:00:00,,,,,,,,,,,,,,,,,
MARÇO_ABRIL_L523,MARÇO  ABRIL,Mar-Abr,523,2026-04-13 00:00:00,12451,96.0,8.99,863.04,TRENA EMBORRACHADA PONTA MAGNETICA 7.5M,BOM-6505,YHAN,CASADA,-,BOMVINK,31.0,,2026-04-13 00:00:00,,,,,,,,,,,,,,,,,
MARÇO_ABRIL_L524,MARÇO  ABRIL,Mar-Abr,524,2026-04-13 00:00:00,12549,6.0,99.9,599.4,PISTOLA DE PINTURA 110V ,BOM-9569,YHAN,CASADA,-,BOMVINK,31.0,,,,,,,,,,,,,,,,,,,
MARÇO_ABRIL_L525,MARÇO  ABRIL,Mar-Abr,525,2026-04-13 00:00:00,12552,4.0,179.9,719.6,PALINA ELETRICA 800W 127V,BOM-9637,YHAN,CASADA,-,BOMVINK,31.0,,,,,,,,,,,,,,,,,,,
MARÇO_ABRIL_L526,MARÇO  ABRIL,Mar-Abr,526,2026-04-13 00:00:00,-,400.0,85.0,34000.0,I5 - 3470,-,ISAAC,CASADA,-,THIAGO VECHI,31.0,,,,,,,,,,,,,,,,,,,
MARÇO_ABRIL_L527,MARÇO  ABRIL,Mar-Abr,527,2026-04-13 00:00:00,50634,20.0,280.0,5600.0,I7 - 4790,-,CESAR,LICITAÇÃO,-,JANICE,31.0,,2026-04-27 00:00:00,,,,,,,,,,,,,,,,,
MARÇO_ABRIL_L528,MARÇO  ABRIL,Mar-Abr,528,2026-04-14 00:00:00,4467,100.0,52.2,5220.0,SWITCH 8 PORTAS 1000MBPS,ATS-108G,YHAN,ESTOQUE,-,AITEK,1.0,,2026-04-16 00:00:00,,,,,,,,,,,,,,,,,
MARÇO_ABRIL_L529,MARÇO  ABRIL,Mar-Abr,529,2026-04-14 00:00:00,-,100.0,345.0,34500.0,DDR4 8GB DESK KEEP 8/2666,-,YHAN,ESTOQUE,-,THIAGO VECHI,31.0,,,,,,,,,,,,,,,,,,,
MARÇO_ABRIL_L530,MARÇO  ABRIL,Mar-Abr,530,2026-04-14 00:00:00,30400,600.0,5.2,3120.0,ADAPTADOR WI-FI PC 2.4GHZ 950MBPS,KA-1100,GUILHERME,CASADA,-,KAPBOM,31.0,,2026-04-14 00:00:00,,,,,,,,,,,,,,,,,
MARÇO_ABRIL_L531,MARÇO  ABRIL,Mar-Abr,531,2026-04-14 00:00:00,914463,100.0,149.9,14990.0,MONITOR LED 20' 20WR 75HZ PRETO,60856,YHAN,CASADA,-,POWERPC,31.0,,2026-04-16 00:00:00,,,,,,,,,,,,,,,,,linha_duplicada_suspeita;
MARÇO_ABRIL_L532,MARÇO  ABRIL,Mar-Abr,532,2026-04-14 00:00:00,914463,100.0,149.9,14990.0,MONITOR LED 20' 20WR 75HZ PRETO,60856,YHAN,ESTOQUE,-,POWERPC,31.0,,2026-04-16 00:00:00,,,,,,,,,,,,,,,,,linha_duplicada_suspeita;
MARÇO_ABRIL_L533,MARÇO  ABRIL,Mar-Abr,533,2026-04-14 00:00:00,914463,100.0,149.9,14990.0,MONITOR LED 20' 20WR 75HZ PRETO,60856,GUILHERME,CASADA,-,POWERPC,31.0,,2026-04-16 00:00:00,,,,,,,,,,,,,,,,,linha_duplicada_suspeita;
MARÇO_ABRIL_L534,MARÇO  ABRIL,Mar-Abr,534,2026-04-14 00:00:00,-,1.0,7950.0,7950.0,IPHONE 17 PROMAX 256GB AZUL,-,PATRICIA,CASADA,-,-,31.0,,,,,,,,,,,,,,,,,,,
MARÇO_ABRIL_L535,MARÇO  ABRIL,Mar-Abr,535,2026-04-14 00:00:00,-,10.0,800.0,8000.0,DDR5 16GB 4800 NOTE,-,YHAN,CASADA,-,JOICE,31.0,,2026-04-17 00:00:00,,,,,,,,,,,,,,,,,
MARÇO_ABRIL_L536,MARÇO  ABRIL,Mar-Abr,536,2026-04-14 00:00:00,-,50.0,400.0,20000.0,SSD 480GB KINGSTON,-,GUILHERME,CASADA,-,JOICE,31.0,,2026-04-15 00:00:00,,,,,,,,,,,,,,,,,
MARÇO_ABRIL_L537,MARÇO  ABRIL,Mar-Abr,537,2026-04-15 00:00:00,-,10.0,1100.0,11000.0,PLACA VIDEO DDR3 64B,RTX 3050,YHAN,CASADA,-,AZUL PAPEL,31.0,,2026-04-15 00:00:00,,,,,,,,,,,,,,,,,
MARÇO_ABRIL_L538,MARÇO  ABRIL,Mar-Abr,538,2026-04-15 00:00:00,-,5.0,1100.0,5500.0,PLACA VIDEO DDR3 64B,RTX 3050,GUILHERME,CASADA,-,AZUL PAPEL,31.0,,2026-04-16 00:00:00,,,,,,,,,,,,,,,,,
MARÇO_ABRIL_L539,MARÇO  ABRIL,Mar-Abr,539,2026-04-15 00:00:00,01825,10.0,211.5,2115.0,GABINETE GAMER ,D-ATX15,GUILHERME,CASADA,-,GRASEP,31.0,,2026-04-15 00:00:00,,,,,,,,,,,,,,,,,
MARÇO_ABRIL_L540,MARÇO  ABRIL,Mar-Abr,540,2026-04-15 00:00:00,15016,2.0,951.75,1903.5,CAIXA DE SOM IMENSO X41 PRO,X41PRO,YHAN,CASADA,-,IMENSO,31.0,,2026-04-17 00:00:00,,,,,,,,,,,,,,,,,
MARÇO_ABRIL_L541,MARÇO  ABRIL,Mar-Abr,541,2026-04-15 00:00:00,01826,1.0,3200.0,3200.0,BICICLETA ELETRICA,BK001,NETO,SHOWROOM,-,GRASEP,1.0,,2026-04-17 00:00:00,,,,,,,,,,,,,,,,,
MARÇO_ABRIL_L542,MARÇO  ABRIL,Mar-Abr,542,2026-04-15 00:00:00,3730,13.0,90.0,1170.0,SUPORTE PARA MONITOR,ON-F100,GLEY,LICITAÇÃO,-,ONISTEK,31.0,,2026-04-27 00:00:00,,,,,,,,,,,,,,,,,
MARÇO_ABRIL_L543,MARÇO  ABRIL,Mar-Abr,543,2026-04-15 00:00:00,01831,5.0,441.0,2205.0,GABINETE GAMER ,D-ATX05,GUILHERME,CASADA,-,GRASEP,31.0,,,,,,,,,,,,,,,,,,,
MARÇO_ABRIL_L544,MARÇO  ABRIL,Mar-Abr,544,2026-04-15 00:00:00,01831,5.0,211.5,1057.5,GABINETE GAMER ,D-ATX15,GUILHERME,CASADA,-,GRASEP,31.0,,,,,,,,,,,,,,,,,,,
MARÇO_ABRIL_L545,MARÇO  ABRIL,Mar-Abr,545,2026-04-15 00:00:00,06097,20.0,250.0,5000.0,PLACA MAE H310 PC,G-H310,GUILHERME,CASADA,-,KNUP,31.0,,,,,,,,,,,,,,,,,,,
MARÇO_ABRIL_L546,MARÇO  ABRIL,Mar-Abr,546,2026-04-15 00:00:00,-,2.0,7650.0,15300.0,IPHONE 17 PRO MAX 256GB LARANJA,-,PATRICIA,CASADA,-,-,31.0,,,,,,,,,,,,,,,,,,,
MARÇO_ABRIL_L547,MARÇO  ABRIL,Mar-Abr,547,2026-04-15 00:00:00,-,1.0,7150.0,7150.0,IPHONE 17PRO 256GB AZUL,-,PATRICIA,CASADA,-,-,31.0,,,,,,,,,,,,,,,,,,,
MARÇO_ABRIL_L548,MARÇO  ABRIL,Mar-Abr,548,2026-04-15 00:00:00,-,50.0,72.0,3600.0,I5 - 2400,-,ISAAC,ESTOQUE,-,THIAGO VECHI,31.0,,,,,,,,,,,,,,,,,,,
MARÇO_ABRIL_L549,MARÇO  ABRIL,Mar-Abr,549,2026-04-15 00:00:00,-,126.0,85.0,10710.0,I5 - 3570,-,ISAAC,CASADA,-,THIAGO VECHI,31.0,,2026-04-21 00:00:00,,,,,,,,,,,,,,,,,
MARÇO_ABRIL_L550,MARÇO  ABRIL,Mar-Abr,550,2026-04-15 00:00:00,-,200.0,120.0,24000.0,DDR4 4GB,-,YHAN,CASADA,-,THIAGO VECHI,31.0,,2026-04-17 00:00:00,,,,,,,,,,,,,,,,,linha_duplicada_suspeita;
MARÇO_ABRIL_L551,MARÇO  ABRIL,Mar-Abr,551,2026-04-15 00:00:00,06098,600.0,7.2,4320.0,COOLER PARA GABINETE E CPU 1100 RPM,G-VR309,YHAN,CASADA,-,KNUP,31.0,,2026-04-21 00:00:00,,,,,,,,,,,,,,,,,
MARÇO_ABRIL_L552,MARÇO  ABRIL,Mar-Abr,552,2026-04-15 00:00:00,06123,40.0,59.0,2360.0,ROTEADOR DE SINAL WI-FI,KP-RW403,ISAAC,CASADA,-,KNUP,31.0,,2026-04-21 00:00:00,,,,,,,,,,,,,,,,,
MARÇO_ABRIL_L553,MARÇO  ABRIL,Mar-Abr,553,2026-04-15 00:00:00,06123,10.0,330.0,3300.0,SWITCH 16 PORTAS,KP-PW005,ISAAC,ESTOQUE,-,KNUP,31.0,,2026-04-21 00:00:00,,,,,,,,,,,,,,,,,linha_duplicada_suspeita;
MARÇO_ABRIL_L554,MARÇO  ABRIL,Mar-Abr,554,2026-04-15 00:00:00,06123,10.0,330.0,3300.0,SWITCH 16 PORTAS,KP-PW005,ISAAC,CASADA,-,KNUP,31.0,,2026-04-21 00:00:00,,,,,,,,,,,,,,,,,linha_duplicada_suspeita;
MARÇO_ABRIL_L555,MARÇO  ABRIL,Mar-Abr,555,2026-04-15 00:00:00,06123,110.0,59.0,6490.0,ROTEADOR DE SINAL WI-FI,KP-RW403,ISAAC,ESTOQUE,-,KNUP,31.0,,2026-04-21 00:00:00,,,,,,,,,,,,,,,,,
MARÇO_ABRIL_L556,MARÇO  ABRIL,Mar-Abr,556,2026-04-16 00:00:00,09206,6.0,58.5,351.0,SOFÁ POLTRONA INFLAVEL,MC-53,OSMAR,CASADA,-,TOMATE,1.0,,2026-04-23 00:00:00,,,,,,,,,,,,,,,,,
MARÇO_ABRIL_L557,MARÇO  ABRIL,Mar-Abr,557,2026-04-16 00:00:00,06167,400.0,81.0,32400.0,PLACA MAE LGA1155 REALTEK 8111E 100/1000MBPS,G-H61/S,YHAN,ESTOQUE,-,KNUP,31.0,,2026-04-22 00:00:00,,,,,,,,,,,,,,,,,
MARÇO_ABRIL_L558,MARÇO  ABRIL,Mar-Abr,558,2026-04-16 00:00:00,06168,20.0,250.0,5000.0,PLACA MAE H310 PC,G-H310,YHAN,CASADA,-,KNUP,31.0,,2026-04-22 00:00:00,,,,,,,,,,,,,,,,,
MARÇO_ABRIL_L559,MARÇO  ABRIL,Mar-Abr,559,2026-04-16 00:00:00,30490,600.0,5.2,3120.0,ADAPTADOR WI-FI PC 2.4GHZ 950MBPS,KA-1100,YHAN,CASADA,-,KAPBOM,31.0,,,,,,,,,,,,,,,,,,,
MARÇO_ABRIL_L560,MARÇO  ABRIL,Mar-Abr,560,2026-04-16 00:00:00,30498,1500.0,2.8,4200.0,MOUSE PAD,KAP-1001,GUILHERME,CASADA,-,KAPBOM,31.0,,,,,,,,,,,,,,,,,,,
MARÇO_ABRIL_L561,MARÇO  ABRIL,Mar-Abr,561,2026-04-16 00:00:00,86295,1000.0,5.5,5500.0,"ADAPTADOR USB WIFI 802 , UB-06",UB-06,GUILHERME,CASADA,-,F&L,31.0,,,,,,,,,,,,,,,,,,,
MARÇO_ABRIL_L562,MARÇO  ABRIL,Mar-Abr,562,2026-04-16 00:00:00,5188,2000.0,5.5,11000.0,"ADAPTADOR USB WIFI 802 , UB-06",UB-06,YHAN,CASADA,-,F&L,31.0,,,,,,,,,,,,,,,,,,,
MARÇO_ABRIL_L563,MARÇO  ABRIL,Mar-Abr,563,2026-04-16 00:00:00,-,500.0,100.0,50000.0,DDR3 8GB NOT KINGSTON,-,ISAAC,CASADA,-,JOICE,31.0,,2026-04-22 00:00:00,,,,,,,,,,,,,,,,,
MARÇO_ABRIL_L564,MARÇO  ABRIL,Mar-Abr,564,2026-04-16 00:00:00,581,1000.0,76.0,76000.0,I5 - 3470,-,ISAAC,CASADA,-,GB IMPORTS,31.0,,,,,,,,,,,,,,,,,,,
MARÇO_ABRIL_L565,MARÇO  ABRIL,Mar-Abr,565,2026-04-16 00:00:00,582,1500.0,76.0,114000.0,I5 - 3470,-,ISAAC,CASADA,-,GB IMPORTS,31.0,,2026-04-21 00:00:00,,,,,,,,,,,,,,,,,
MARÇO_ABRIL_L566,MARÇO  ABRIL,Mar-Abr,566,2026-04-16 00:00:00,-,30.0,680.0,20400.0,I5 - 10500,-,CESAR,LICITAÇÃO,-,JANICE,31.0,,2026-04-23 00:00:00,,,,,,,,,,,,,,,,,
MARÇO_ABRIL_L567,MARÇO  ABRIL,Mar-Abr,567,2026-04-16 00:00:00,06154,60.0,63.0,3780.0,KIT FAN PARA GABINETE,G-VR346K,YHAN,CASADA,-,KNUP,31.0,2026-04-21 00:00:00,2026-04-22 00:00:00,,,,,,,,,,,,,,,,,
MARÇO_ABRIL_L568,MARÇO  ABRIL,Mar-Abr,568,2026-04-16 00:00:00,06154,50.0,25.0,1250.0,COOLER PARA PROCESSADOR CPU,G-VR303,YHAN,CASADA,-,KNUP,31.0,,2026-04-22 00:00:00,,,,,,,,,,,,,,,,,
MARÇO_ABRIL_L569,MARÇO  ABRIL,Mar-Abr,569,2026-04-16 00:00:00,06154,50.0,30.0,1500.0,COOLER PARA PROCESSADOR CPU,G-VR304,YHAN,CASADA,-,KNUP,31.0,,2026-04-22 00:00:00,,,,,,,,,,,,,,,,,
MARÇO_ABRIL_L570,MARÇO  ABRIL,Mar-Abr,570,2026-04-17 00:00:00,13097,24.0,189.9,4557.6,CORTADOR DE CERCA-VIVA 21V,BOM-9113,ISAAC,CASADA,-,BOMVINK,31.0,,2026-04-21 00:00:00,,,,,,,,,,,,,,,,,
MARÇO_ABRIL_L571,MARÇO  ABRIL,Mar-Abr,571,2026-04-17 00:00:00,04625,40.0,342.0,13680.0,PLACA MAE H610 LGA1151 M.2 SSD 12/13/14GEN,H610M2K,GUILHERME,CASADA,-,DELTA,31.0,,,,,,,,,,,,,,,,,,,
MARÇO_ABRIL_L572,MARÇO  ABRIL,Mar-Abr,572,2026-04-17 00:00:00,13073,60.0,23.9,1434.0,JOGO DE CHAVE FIXA 8 A 19MM 6PÇS,BOM-3202,YHAN,CASADA,-,BOMVINK,31.0,,2026-04-21 00:00:00,,,,,,,,,,,,,,,,,
MARÇO_ABRIL_L573,MARÇO  ABRIL,Mar-Abr,573,2026-04-17 00:00:00,13073,60.0,53.9,3234.0,JOGO DE FERRAMENTAS C/ 200 PÇS,BOM-3915,YHAN,CASADA,-,BOMVINK,31.0,,2026-04-21 00:00:00,,,,,,,,,,,,,,,,,
MARÇO_ABRIL_L574,MARÇO  ABRIL,Mar-Abr,574,2026-04-17 00:00:00,13073,40.0,79.9,3196.0,PARAFUSADEIRA BATERIA 21V,BOM-9961,YHAN,CASADA,-,BOMVINK,31.0,,2026-04-21 00:00:00,,,,,,,,,,,,,,,,,
MARÇO_ABRIL_L575,MARÇO  ABRIL,Mar-Abr,575,2026-04-17 00:00:00,13073,24.0,139.9,3357.6,SERRA MARMORE 1200W 110V,BOM-9549,YHAN,CASADA,-,BOMVINK,31.0,,2026-04-21 00:00:00,,,,,,,,,,,,,,,,,
MARÇO_ABRIL_L576,MARÇO  ABRIL,Mar-Abr,576,2026-04-17 00:00:00,13073,40.0,17.9,716.0,KIT DE CHAVES SOQUETES 40PÇS 1/4 E 3/8,BOM-3906,YHAN,CASADA,-,BOMVINK,31.0,,2026-04-21 00:00:00,,,,,,,,,,,,,,,,,
MARÇO_ABRIL_L577,MARÇO  ABRIL,Mar-Abr,577,2026-04-17 00:00:00,13073,40.0,79.9,3196.0,BOMBA DEAR COMPRESSOR DIGITAL PORTATIL COM LED E POWERBANK,BOM-8906,YHAN,CASADA,-,BOMVINK,31.0,,2026-04-21 00:00:00,,,,,,,,,,,,,,,,,
MARÇO_ABRIL_L578,MARÇO  ABRIL,Mar-Abr,578,2026-04-17 00:00:00,13073,10.0,349.9,3499.0,MOTOSSERRA A GASOLINA ,BOM-9204,YHAN,CASADA,-,BOMVINK,31.0,,2026-04-21 00:00:00,,,,,,,,,,,,,,,,,
MARÇO_ABRIL_L579,MARÇO  ABRIL,Mar-Abr,579,2026-04-17 00:00:00,06180,60.0,375.0,22500.0,TABLET RG-TB08,RG-TB08,GLEY,LICITAÇÃO,-,KNUP,31.0,,2026-04-22 00:00:00,,,,,,,,,,,,,,,,,
MARÇO_ABRIL_L580,MARÇO  ABRIL,Mar-Abr,580,2026-04-17 00:00:00,-,300.0,79.0,23700.0,I5 - 3470,-,ISAAC,ESTOQUE,-,THIAGO VECHI,31.0,,,,,,,,,,,,,,,,,,,
MARÇO_ABRIL_L581,MARÇO  ABRIL,Mar-Abr,581,2026-04-17 00:00:00,-,120.0,79.0,9480.0,I5 - 3570,-,ISAAC,ESTOQUE,-,THIAGO VECHI,31.0,,,,,,,,,,,,,,,,,,,
MARÇO_ABRIL_L582,MARÇO  ABRIL,Mar-Abr,582,2026-04-17 00:00:00,-,80.0,79.0,6320.0,I5 - 3470,-,ISAAC,ESTOQUE,-,THIAGO VECHI,31.0,,,,,,,,,,,,,,,,,,,
MARÇO_ABRIL_L583,MARÇO  ABRIL,Mar-Abr,583,2026-04-17 00:00:00,-,14.0,689.0,9646.0,I5 - 10400,-,CESAR,LICITAÇÃO,-,GILCEMAR,31.0,,2026-04-24 00:00:00,,,,,,,,,,,,,,,,,
MARÇO_ABRIL_L584,MARÇO  ABRIL,Mar-Abr,584,2026-04-17 00:00:00,-,13.0,689.0,8957.0,I5 - 10500,-,CESAR,LICITAÇÃO,-,GILCEMAR,31.0,,,,,,,,,,,,,,,,,,,
MARÇO_ABRIL_L585,MARÇO  ABRIL,Mar-Abr,585,2026-04-17 00:00:00,-,4.0,689.0,2756.0,I5 - 10505,-,CESAR,LICITAÇÃO,-,GILCEMAR,31.0,,2026-04-24 00:00:00,,,,,,,,,,,,,,,,,
MARÇO_ABRIL_L586,MARÇO  ABRIL,Mar-Abr,586,2026-04-17 00:00:00,-,22.0,689.0,15158.0,I5 - 10600,-,CESAR,LICITAÇÃO,-,GILCEMAR,31.0,,2026-04-24 00:00:00,,,,,,,,,,,,,,,,,
MARÇO_ABRIL_L587,MARÇO  ABRIL,Mar-Abr,587,2026-04-17 00:00:00,825,4.0,541.1,2164.4,PELICULA NANOTECH HD NEW EDITION 3 GERAÇÃO 180X120MM,581,GUILHERME,CASADA,-,AMET,1.0,,,,,,,,,,,,,,,,,,,
MARÇO_ABRIL_L588,MARÇO  ABRIL,Mar-Abr,588,2026-04-17 00:00:00,825,3.0,266.6,799.8,PELICULA NANOTECH MATTE NEW EDITION 3 GERAÇÃO 180X120MM,575,GUILHERME,CASADA,-,AMET,1.0,,,,,,,,,,,,,,,,,,,
MARÇO_ABRIL_L589,MARÇO  ABRIL,Mar-Abr,589,2026-04-17 00:00:00,825,3.0,279.9,839.7,PELICULA XTREME PRIVACIDADE 180X120MM,1915,GUILHERME,CASADA,-,AMET,1.0,,,,,,,,,,,,,,,,,,,
MARÇO_ABRIL_L590,MARÇO  ABRIL,Mar-Abr,590,2026-04-17 00:00:00,01883,103.0,550.0,56650.0,GABINETE & PC,D-PC5301,GUILHERME,CASADA,-,GRASEP,31.0,,,,,,,,,,,,,,,,,,,
MARÇO_ABRIL_L591,MARÇO  ABRIL,Mar-Abr,591,2026-04-17 00:00:00,01919,300.0,40.5,12150.0,CARTAO DE MEMORIA MICRO SD 64G,D-TF64,ISAAC,ESTOQUE,-,GRASEP,1.0,,,,,,,,,,,,,,,,,,,
MARÇO_ABRIL_L592,MARÇO  ABRIL,Mar-Abr,592,2026-04-17 00:00:00,01919,50.0,27.0,1350.0,CARTAO DE MEMORIA MICRO SD 32G,D-TF32,ISAAC,ESTOQUE,-,GRASEP,1.0,,,,,,,,,,,,,,,,,,,
MARÇO_ABRIL_L593,MARÇO  ABRIL,Mar-Abr,593,2026-04-17 00:00:00,-,300.0,94.0,28200.0,DDR3 1600 8GB ,-,YHAN,CASADA,-,THIAGO VECHI,31.0,,,,,,,,,,,,,,,,,,,
MARÇO_ABRIL_L594,MARÇO  ABRIL,Mar-Abr,594,2026-04-17 00:00:00,-,100.0,94.0,9400.0,DDR3 1600 8GB ,-,YHAN,ESTOQUE,-,THIAGO VECHI,31.0,,,,,,,,,,,,,,,,,,,
MARÇO_ABRIL_L595,MARÇO  ABRIL,Mar-Abr,595,2026-04-17 00:00:00,547,50.0,239.99,11999.5,HD 1TB PURPLE,115,ISAAC,CASADA,-,JAVACOMP,31.0,,2026-04-23 00:00:00,,,,,,,,,,,,,,,,,
MARÇO_ABRIL_L596,MARÇO  ABRIL,Mar-Abr,596,2026-04-17 00:00:00,547,16.0,1290.0,20640.0,HD 8TB PURPLE,434,ISAAC,CASADA,-,JAVACOMP,31.0,,2026-04-23 00:00:00,,,,,,,,,,,,,,,,,
MARÇO_ABRIL_L597,MARÇO  ABRIL,Mar-Abr,597,2026-04-20 00:00:00,12799,400.0,5.208,2083.2,FONE DE OUVIDO,LE-0201,YHAN,CASADA,-,IT BLUE,31.0,,2026-04-25 00:00:00,,,,,,,,,,,,,,,,,
MARÇO_ABRIL_L598,MARÇO  ABRIL,Mar-Abr,598,2026-04-20 00:00:00,12799,60.0,44.64,2678.4,RADIO REPRODUTOR DE SOM,LE-610,YHAN,CASADA,-,IT BLUE,31.0,,2026-04-25 00:00:00,,,,,,,,,,,,,,,,,
MARÇO_ABRIL_L599,MARÇO  ABRIL,Mar-Abr,599,2026-04-20 00:00:00,12799,50.0,41.85,2092.5,FONE DE OUVIDO,LE-2442,YHAN,CASADA,-,IT BLUE,31.0,,2026-04-25 00:00:00,,,,,,,,,,,,,,,,,
MARÇO_ABRIL_L600,MARÇO  ABRIL,Mar-Abr,600,2026-04-20 00:00:00,12799,200.0,5.859,1171.8,FONE DE OUVIDO,LE-0262,YHAN,CASADA,-,IT BLUE,31.0,,2026-04-25 00:00:00,,,,,,,,,,,,,,,,,
MARÇO_ABRIL_L601,MARÇO  ABRIL,Mar-Abr,601,2026-04-20 00:00:00,12799,200.0,4.464,892.8,CABO DE FORÇA P/ RADIO/TV,LE-26,YHAN,CASADA,-,IT BLUE,31.0,,2026-04-25 00:00:00,,,,,,,,,,,,,,,,,
MARÇO_ABRIL_L602,MARÇO  ABRIL,Mar-Abr,602,2026-04-20 00:00:00,12799,36.0,19.995,719.82,PILHA COMUM AA R06 EM CX C/36 TUBOS 60PCS,LE-7999-1,YHAN,CASADA,-,IT BLUE,31.0,,2026-04-25 00:00:00,,,,,,,,,,,,,,,,,
MARÇO_ABRIL_L603,MARÇO  ABRIL,Mar-Abr,603,2026-04-20 00:00:00,12799,36.0,17.484,629.424,PILHA COMUM AAA R03 EM CX C/36 TUBOS 60PÇS,LE-7999-2,YHAN,CASADA,-,IT BLUE,31.0,,2026-04-25 00:00:00,,,,,,,,,,,,,,,,,
MARÇO_ABRIL_L604,MARÇO  ABRIL,Mar-Abr,604,2026-04-20 00:00:00,12799,100.0,46.407,4640.7,CAMERAS WIFI 2MP,SC-B17,YHAN,CASADA,-,IT BLUE,31.0,,2026-04-25 00:00:00,,,,,,,,,,,,,,,,,
MARÇO_ABRIL_L605,MARÇO  ABRIL,Mar-Abr,605,2026-04-20 00:00:00,12799,200.0,10.044,2008.8,CARREGADOR VEICULAR 1 USB PD 48W,LE-535,YHAN,CASADA,-,IT BLUE,31.0,,2026-04-25 00:00:00,,,,,,,,,,,,,,,,,
MARÇO_ABRIL_L606,MARÇO  ABRIL,Mar-Abr,606,2026-04-20 00:00:00,12799,200.0,13.764,2752.8,CONVERSOR HUB USB 3.0 C/ ENTRADA 4 PORTAS,LE-4052,YHAN,CASADA,-,IT BLUE,31.0,,2026-04-25 00:00:00,,,,,,,,,,,,,,,,,
MARÇO_ABRIL_L607,MARÇO  ABRIL,Mar-Abr,607,2026-04-20 00:00:00,06319,600.0,85.0,51000.0,PLACA MAE B75 PARA COMPUTADOR DESKTOP,G-B75,GUILHERME,CASADA,-,KNUP,31.0,,2026-04-21 00:00:00,,,,,,,,,,,,,,,,,
MARÇO_ABRIL_L608,MARÇO  ABRIL,Mar-Abr,608,2026-04-21 00:00:00,04721,9.0,283.5,2551.5,WALTER COOLER 240,WC1826P,GUILHERME,CASADA,-,DELTA,31.0,,2026-04-21 00:00:00,,,,,,,,,,,,,,,,,
MARÇO_ABRIL_L609,MARÇO  ABRIL,Mar-Abr,609,2026-04-22 00:00:00,1021,200.0,115.0,23000.0,PLACA MÃE H81,H81,GUILHERME ,CASADA,-,HAOQING,31.0,,2026-04-21 00:00:00,,,,,,,,,,,,,,,,,
MARÇO_ABRIL_L610,MARÇO  ABRIL,Mar-Abr,610,2026-04-22 00:00:00,04012,50.0,25.0,1250.0,MICROPHONE,KP-916,DIEGO,CASADA,-,ONISTEK,31.0,,2026-04-25 00:00:00,,,,,,,,,,,,,,,,,
MARÇO_ABRIL_L611,MARÇO  ABRIL,Mar-Abr,611,2026-04-22 00:00:00,-,300.0,10.0,3000.0,CABO,-,GUILHERME,CASADA,-,YBF,31.0,,2026-04-21 00:00:00,,,,,,,,,,,,,,,,,
MARÇO_ABRIL_L612,MARÇO  ABRIL,Mar-Abr,612,2026-04-22 00:00:00,591,300.0,93.0,27900.0,I5 - 4570,-,GUILHERME,CASADA,-,GB IMPORTS,31.0,,2026-04-21 00:00:00,,,,,,,,,,,,,,,,,
MARÇO_ABRIL_L613,MARÇO  ABRIL,Mar-Abr,613,2026-04-22 00:00:00,591,500.0,67.0,33500.0,I5 - 2400,-,GUILHERME,CASADA,-,GB IMPORTS,31.0,,2026-04-21 00:00:00,,,,,,,,,,,,,,,,,
MARÇO_ABRIL_L614,MARÇO  ABRIL,Mar-Abr,614,2026-04-22 00:00:00,13511,240.0,9.9,2376.0,MANDRIL C/ CHAVE 3/8*24F ROSCA,BOM-5017,GUSTAVO,LICITAÇÃO,-,BOMVINK,1.0,,,,,,,,,,,,,,,,,,,
MARÇO_ABRIL_L615,MARÇO  ABRIL,Mar-Abr,615,2026-04-22 00:00:00,13511,300.0,39.9,11970.0,LUMINARIA JARDIM COM PLACA SOLAR ESPETO (1PCT C/ 6PCS),BOM-4601,GUSTAVO,LICITAÇÃO,-,BOMVINK,1.0,,,,,,,,,,,,,,,,,,,
MARÇO_ABRIL_L616,MARÇO  ABRIL,Mar-Abr,616,2026-04-22 00:00:00,50659,18.0,215.0,3870.0,I7 - 2600,-,GUILHERME,CASADA,-,JANICE,31.0,,2026-04-22 00:00:00,,,,,,,,,,,,,,,,,
MARÇO_ABRIL_L617,MARÇO  ABRIL,Mar-Abr,617,2026-04-22 00:00:00,915189,250.0,149.9,37475.0,MONITOR LED 20' 20WR 75HZ PRETO,60856,YHAN,ESTOQUE,-,POWERPC,31.0,,2026-05-04 00:00:00,,,,,,,,,,,,,,,,,
MARÇO_ABRIL_L618,MARÇO  ABRIL,Mar-Abr,618,2026-04-22 00:00:00,915189,550.0,149.9,82445.0,MONITOR LED 20' TRONOS TRS-20WV 75HZ PRETO,61857,GUILHERME,CASADA,-,POWERPC,31.0,,2026-04-27 00:00:00,,,,,,,,,,,,,,,,,
MARÇO_ABRIL_L619,MARÇO  ABRIL,Mar-Abr,619,2026-04-22 00:00:00,915189,250.0,149.9,37475.0,MONITOR LED 20' TRONOS TRS-20WV 75HZ PRETO,61857,YHAN,ESTOQUE,-,POWERPC,31.0,,2026-05-04 00:00:00,,,,,,,,,,,,,,,,,
MARÇO_ABRIL_L620,MARÇO  ABRIL,Mar-Abr,620,2026-04-22 00:00:00,915189,1000.0,113.9,113900.0,PLACA MAE DESK 1150 BPC-H81-ITX-M.2,69343,YHAN,ESTOQUE,-,POWERPC,31.0,,,,,,,,,,,,,,,,,,,
MARÇO_ABRIL_L621,MARÇO  ABRIL,Mar-Abr,621,2026-04-22 00:00:00,06436,200.0,25.2,5040.0,ADAPTADOR WIRELESS USB DUAL BAND,KP-AW161,DIEGO,CASADA,-,KNUP,31.0,,2026-04-24 00:00:00,,,,,,,,,,,,,,,,,
MARÇO_ABRIL_L622,MARÇO  ABRIL,Mar-Abr,622,2026-04-22 00:00:00,13530,20.0,13.99,279.8,KIT COM 100PCS - PINOS DE 42MM COM ARRUELA PARA PISTOLA DE FIXACAO A PINO,BOM-5372,YHAN,CASADA,-,BOMVINK,31.0,,2026-04-22 00:00:00,,,,,,,,,,,,,,,,,
MARÇO_ABRIL_L623,MARÇO  ABRIL,Mar-Abr,623,2026-04-22 00:00:00,13530,200.0,7.9,1580.0,FONTE DE ALIMENTAÇAO 21V PARA PARAFUSADEIRA BIVOLT,BOM-5591,YHAN,CASADA,-,BOMVINK,31.0,,2026-04-22 00:00:00,,,,,,,,,,,,,,,,,
MARÇO_ABRIL_L624,MARÇO  ABRIL,Mar-Abr,624,2026-04-22 00:00:00,13530,24.0,29.9,717.6,BATERIA DE IONS DE LITIO PARA FERRAMENTAS ELETRICAS 1.5AH 21V - 5CELULAS,BOM-5595,YHAN,CASADA,-,BOMVINK,31.0,,2026-04-22 00:00:00,,,,,,,,,,,,,,,,,
MARÇO_ABRIL_L625,MARÇO  ABRIL,Mar-Abr,625,2026-04-22 00:00:00,13530,10.0,179.9,1799.0,NIVEL A LASER COM 12 LINHAS ,BOM-6212,YHAN,CASADA,-,BOMVINK,31.0,,2026-04-22 00:00:00,,,,,,,,,,,,,,,,,
MARÇO_ABRIL_L626,MARÇO  ABRIL,Mar-Abr,626,2026-04-22 00:00:00,13530,10.0,109.9,1099.0,PARAFUSADEIRA BATERIA 21V,BOM-9970,YHAN,CASADA,-,BOMVINK,31.0,,2026-04-22 00:00:00,,,,,,,,,,,,,,,,,
MARÇO_ABRIL_L627,MARÇO  ABRIL,Mar-Abr,627,2026-04-22 00:00:00,1116,1.0,6150.0,6150.0,TRICICLO ELETRICO,-,GUILHERME,CASADA,-,TJS ENTERPRISES,31.0,,2026-04-23 00:00:00,,,,,,,,,,,,,,,,,linha_duplicada_suspeita;
MARÇO_ABRIL_L628,MARÇO  ABRIL,Mar-Abr,628,2026-04-22 00:00:00,1116,1.0,6150.0,6150.0,TRICICLO ELETRICO,-,PATRICIA,SHOWROOM,-,TJS ENTERPRISES,31.0,,2026-04-23 00:00:00,,,,,,,,,,,,,,,,,linha_duplicada_suspeita;
MARÇO_ABRIL_L629,MARÇO  ABRIL,Mar-Abr,629,2026-04-22 00:00:00,06334,50.0,24.7,1235.0,FONTE ALIMENTAÇÃO P/ NOTEBOOK (CARREGADOR),KP-525A+,YHAN,CASADA,-,KNUP,31.0,,2026-04-27 00:00:00,,,,,,,,,,,,,,,,,
MARÇO_ABRIL_L630,MARÇO  ABRIL,Mar-Abr,630,2026-04-22 00:00:00,06334,400.0,2.8,1120.0,MOUSE PAD,KP-S03,YHAN,CASADA,-,KNUP,31.0,,2026-04-27 00:00:00,,,,,,,,,,,,,,,,,
MARÇO_ABRIL_L631,MARÇO  ABRIL,Mar-Abr,631,2026-04-23 00:00:00,86690,500.0,18.0,9000.0,ADAPTADOR WIFI 600MPS USB 5GHZ,UB-5G,GUSTAVO,NINJA,-,F&L,31.0,,,,,,,,,,,,,,,,,,,
MARÇO_ABRIL_L632,MARÇO  ABRIL,Mar-Abr,632,2026-04-23 00:00:00,06512,100.0,85.0,8500.0,PLACA MAE B75 PARA COMPUTADOR DESKTOP,G-B75,GUSTAVO,NINJA,-,KNUP,31.0,,,,,,,,,,,,,,,,,,,
MARÇO_ABRIL_L633,MARÇO  ABRIL,Mar-Abr,633,2026-04-23 00:00:00,06607,50.0,360.0,18000.0,DISCO PARA ARMAZENAMENTO 1TB 2.5,KP-HD807,GUILHERME,CASADA,-,KNUP,31.0,,2026-04-23 00:00:00,,,,,,,,,,,,,,,,,
MARÇO_ABRIL_L634,MARÇO  ABRIL,Mar-Abr,634,2026-04-23 00:00:00,06607,50.0,162.0,8100.0,DISCO PARA ARMAZENAMENTO 500GB 2.5,KP-HD810,GUILHERME,CASADA,-,KNUP,31.0,,2026-04-23 00:00:00,,,,,,,,,,,,,,,,,
MARÇO_ABRIL_L635,MARÇO  ABRIL,Mar-Abr,635,2026-04-23 00:00:00,06551,100.0,117.0,11700.0,SSD 128GB 2-5,KP-SS128,GUILHERME,CASADA,-,KNUP,31.0,,2026-04-23 00:00:00,,,,,,,,,,,,,,,,,
MARÇO_ABRIL_L636,MARÇO  ABRIL,Mar-Abr,636,2026-04-23 00:00:00,06551,200.0,171.0,34200.0,SSD 256GB 2-5,KP-SS256,GUILHERME,CASADA,-,KNUP,31.0,,2026-04-23 00:00:00,,,,,,,,,,,,,,,,,
MARÇO_ABRIL_L637,MARÇO  ABRIL,Mar-Abr,637,2026-04-23 00:00:00,06551,200.0,319.0,63800.0,SSD 512G,KP-SS512,GUILHERME,ESTOQUE,-,KNUP,31.0,,2026-04-25 00:00:00,,,,,,,,,,,,,,,,,
MARÇO_ABRIL_L638,MARÇO  ABRIL,Mar-Abr,638,2026-04-23 00:00:00,06551,200.0,171.0,34200.0,DDR4 8GB 26666MHZ MEMORIA RAM,KP-HD817,GUILHERME,CASADA,-,KNUP,31.0,,2026-04-23 00:00:00,,,,,,,,,,,,,,,,,linha_duplicada_suspeita;
MARÇO_ABRIL_L639,MARÇO  ABRIL,Mar-Abr,639,2026-04-23 00:00:00,06551,300.0,117.0,35100.0,SSD 128GB 2-5,KP-SS128,GUILHERME,ESTOQUE,-,KNUP,31.0,,2026-04-25 00:00:00,,,,,,,,,,,,,,,,,
MARÇO_ABRIL_L640,MARÇO  ABRIL,Mar-Abr,640,2026-04-23 00:00:00,06551,200.0,171.0,34200.0,DDR4 8GB 26666MHZ MEMORIA RAM,KP-HD817,GUILHERME,ESTOQUE,-,KNUP,31.0,,,,,,,,,,,,,,,,,,,linha_duplicada_suspeita;
MARÇO_ABRIL_L641,MARÇO  ABRIL,Mar-Abr,641,2026-04-23 00:00:00,-,100.0,120.0,12000.0,DDR4 4GB,-,GUILHERME,CASADA,-,THIAGO VECHI,31.0,,2026-04-27 00:00:00,,,,,,,,,,,,,,,,,
MARÇO_ABRIL_L642,MARÇO  ABRIL,Mar-Abr,642,2026-04-23 00:00:00,-,200.0,120.0,24000.0,DDR4 4GB,-,DIEGO,CASADA,-,THIAGO VECHI,31.0,,2026-04-29 00:00:00,,,,,,,,,,,,,,,,,linha_duplicada_suspeita;
MARÇO_ABRIL_L643,MARÇO  ABRIL,Mar-Abr,643,2026-04-23 00:00:00,09813,8.0,405.0,3240.0,CADEIRA DE ESCRITÓRIO,MCC-P021,GLEY,LICITAÇÃO,-,TOMATE,31.0,,,,,,,,,,,,,,,,,,,
MARÇO_ABRIL_L644,MARÇO  ABRIL,Mar-Abr,644,2026-04-23 00:00:00,86804,1000.0,18.0,18000.0,ADAPTADOR WIFI 600MPS USB 5GHZ,UB-5G,YHAN,ESTOQUE,-,F&L,31.0,,,2026-04-24 00:00:00,,,,,,,,,,,,,,,,
MARÇO_ABRIL_L645,MARÇO  ABRIL,Mar-Abr,645,2026-04-23 00:00:00,04811,10.0,153.0,1530.0,FONTE DE ALIMENTAÇAO 80PLUS BRONZE AUTOMATICO 550W,DELTA-F550,YHAN,CASADA,-,DELTA,31.0,,2026-04-27 00:00:00,,,,,,,,,,,,,,,,,
MARÇO_ABRIL_L646,MARÇO  ABRIL,Mar-Abr,646,2026-04-23 00:00:00,06585,12.0,286.2,3434.4,FONTE DE ALIMENTAÇÃO P/ PC (ATX 750W),FO-MAX08,YHAN,CASADA,-,KNUP,31.0,,2026-04-27 00:00:00,,,,,,,,,,,,,,,,,
MARÇO_ABRIL_L647,MARÇO  ABRIL,Mar-Abr,647,2026-04-23 00:00:00,06585,12.0,367.2,4406.4,FONTE DE ALIMENTAÇÃO P/ PC (ATX 1000W),FO-MAX10,YHAN,CASADA,-,KNUP,31.0,,2026-04-27 00:00:00,,,,,,,,,,,,,,,,,
MARÇO_ABRIL_L648,MARÇO  ABRIL,Mar-Abr,648,2026-04-23 00:00:00,06585,100.0,6.12,612.0,CABO DE VIDEO VGA X VGA 1.8M ,KP-YP5002,YHAN,CASADA,-,KNUP,31.0,,2026-04-27 00:00:00,,,,,,,,,,,,,,,,,
MARÇO_ABRIL_L649,MARÇO  ABRIL,Mar-Abr,649,2026-04-24 00:00:00,915449,1000.0,2.95,2950.0,CABO DE FORÇA P/ MONITOR/GABINETE PADRÃO NOVO OEM,44561,YHAN,ESTOQUE,-,POWERPC,31.0,,2026-04-25 00:00:00,,2026-05-24 00:00:00,2026-06-23 00:00:00,,,,,,,,,,,,,,
MARÇO_ABRIL_L650,MARÇO  ABRIL,Mar-Abr,650,2026-04-24 00:00:00,04884,200.0,3.78,756.0,VIDEO BALUN,SIGMA-P101,YHAN,ESTOQUE,-,DELTA,1.0,,2026-04-25 00:00:00,,,,,,,,,,,,,,,,,
MARÇO_ABRIL_L651,MARÇO  ABRIL,Mar-Abr,651,2026-04-24 00:00:00,04886,5.0,112.5,562.5,GABINETE ATX RGB COM COOLERS,AGP-A31150C,GUILHERME,CASADA,-,DELTA,31.0,,,,,,,,,,,,,,,,,,,
MARÇO_ABRIL_L652,MARÇO  ABRIL,Mar-Abr,652,2026-04-24 00:00:00,06644,20.0,250.0,5000.0,PLACA MAE H310 PC,G-H310,GUILHERME,CASADA,-,KNUP,31.0,,,,,,,,,,,,,,,,,,,
MARÇO_ABRIL_L653,MARÇO  ABRIL,Mar-Abr,653,2026-04-24 00:00:00,04883,50.0,85.5,4275.0,FONTE PC AUTOMATICO 500W,DELTA-EF500,ISAAC,CASADA,-,DELTA,31.0,,,,,,,,,,,,,,,,,,,
MARÇO_ABRIL_L654,MARÇO  ABRIL,Mar-Abr,654,2026-04-24 00:00:00,915474,50.0,189.9,9495.0,MONITOR LED 21.5 22WR-75 FHD 75HZ PRETO,61289,YHAN,ESTOQUE,-,POWERPC,31.0,,2026-04-25 00:00:00,,2026-05-24 00:00:00,2026-06-23 00:00:00,,,,,,,,,,,,,,
MARÇO_ABRIL_L655,MARÇO  ABRIL,Mar-Abr,655,2026-04-24 00:00:00,06659,80.0,260.0,20800.0,PLACA MAE H110 PARA COMPUTADOR DESKTOP,G-H110,YHAN,CASADA,-,KNUP,31.0,,2026-04-28 00:00:00,,,,,,,,,,,,,,,,,
MARÇO_ABRIL_L656,MARÇO  ABRIL,Mar-Abr,656,2026-04-24 00:00:00,09908,2.0,405.0,810.0,CADEIRA DE ESCRITÓRIO,MCC-P021,PATRICIA,CASADA,-,TOMATE,1.0,,2026-04-29 00:00:00,,,,,,,,,,,,,,,,,
MARÇO_ABRIL_L657,MARÇO  ABRIL,Mar-Abr,657,2026-04-24 00:00:00,13897,50.0,89.9,4495.0,TRENA FITA METRICA DIGITAL C/ NIVEL A LASER 40M,BOM-6543,GUSTAVO,NINJA,-,BOMVINK,31.0,,,,,,,,,,,,,,,,,,,
MARÇO_ABRIL_L658,MARÇO  ABRIL,Mar-Abr,658,2026-04-24 00:00:00,13868,250.0,11.0,2750.0,ALICATE DE CRIMPAR RJ45/RJ11/RJ12,BOM-1703,ISAAC,CASADA,-,BOMVINK,31.0,,,,,,,,,,,,,,,,,,,
MARÇO_ABRIL_L659,MARÇO  ABRIL,Mar-Abr,659,2026-04-24 00:00:00,13824,50.0,24.8,1240.0,DISCO REBOLO DESBASTE DIAMANTADO TURBO CONCRETO 115MM,BOM-5120,OSMAR,JOAO BATISTA,REPRESENTANTE,BOMVINK,31.0,,2026-04-27 00:00:00,,,,,,,,,,,,,,,,,
MARÇO_ABRIL_L660,MARÇO  ABRIL,Mar-Abr,660,2026-04-24 00:00:00,13824,60.0,28.8,1728.0,TERMOMETRO DIGITAL INFRAVERMELHO MIRA LASER,BOM-6701,OSMAR,JOAO BATISTA,REPRESENTANTE,BOMVINK,31.0,,2026-04-27 00:00:00,,,,,,,,,,,,,,,,,
MARÇO_ABRIL_L661,MARÇO  ABRIL,Mar-Abr,661,2026-04-24 00:00:00,13824,80.0,69.9,5592.0,DETECTOR DE METAIS 5 EM 1,BOM-6816,OSMAR,JOAO BATISTA,REPRESENTANTE,BOMVINK,31.0,,2026-04-27 00:00:00,,,,,,,,,,,,,,,,,
MARÇO_ABRIL_L662,MARÇO  ABRIL,Mar-Abr,662,2026-04-24 00:00:00,13824,4.0,149.9,599.6,TRANSFORMADOR 2000VA BIVOLT,BOM-9303,OSMAR,JOAO BATISTA,REPRESENTANTE,BOMVINK,31.0,,,,,,,,,,,,,,,,,,,
MARÇO_ABRIL_L663,MARÇO  ABRIL,Mar-Abr,663,2026-04-24 00:00:00,13824,4.0,219.9,879.6,TRANSFORMADOR 5000VA BIVOLT,BOM-9305,OSMAR,JOAO BATISTA,REPRESENTANTE,BOMVINK,31.0,,2026-04-27 00:00:00,,,,,,,,,,,,,,,,,
MARÇO_ABRIL_L664,MARÇO  ABRIL,Mar-Abr,664,2026-04-24 00:00:00,13322,200.0,9.486,1897.2,CABO CFTV CAT6 10M,LE-314,ISAAC,CASADA,-,IT BLUE,31.0,,2026-04-27 00:00:00,,,,,,,,,,,,,,,,,
MARÇO_ABRIL_L665,MARÇO  ABRIL,Mar-Abr,665,2026-04-24 00:00:00,13322,150.0,12.555,1883.25,CABO CFTV CAT6 15M,LE-315,ISAAC,CASADA,-,IT BLUE,31.0,,2026-04-27 00:00:00,,,,,,,,,,,,,,,,,
MARÇO_ABRIL_L666,MARÇO  ABRIL,Mar-Abr,666,2026-04-24 00:00:00,13322,100.0,5.58,558.0,CABO VGA+VGA 1.8M ,LE-12-2,ISAAC,CASADA,-,IT BLUE,31.0,,2026-04-27 00:00:00,,,,,,,,,,,,,,,,,
MARÇO_ABRIL_L667,MARÇO  ABRIL,Mar-Abr,667,2026-04-24 00:00:00,1022,30.0,152.0,4560.0,MONITOR AX20',-,GUILHERME,CASADA,-,HAOQING,31.0,,,,,,,,,,,,,,,,,,,
MARÇO_ABRIL_L668,MARÇO  ABRIL,Mar-Abr,668,2026-04-24 00:00:00,1022,30.0,215.0,6450.0,MONITOR AX24',-,GUILHERME,CASADA,-,HAOQING,31.0,,,,,,,,,,,,,,,,,,,
MARÇO_ABRIL_L669,MARÇO  ABRIL,Mar-Abr,669,2026-04-24 00:00:00,1022,30.0,180.0,5400.0,MONITOR AX22',-,GUILHERME,CASADA,-,HAOQING,31.0,,,,,,,,,,,,,,,,,,,
MARÇO_ABRIL_L670,MARÇO  ABRIL,Mar-Abr,670,2026-04-24 00:00:00,1022,150.0,180.0,27000.0,MONITOR AX22',-,GUSTAVO,NINJA,-,HAOQING,31.0,,,,,,,,,,,,,,,,,,,
MARÇO_ABRIL_L671,MARÇO  ABRIL,Mar-Abr,671,2026-04-24 00:00:00,06744,40.0,63.0,2520.0,KIT FAN PARA GABINETE,G-VR346K,GUILHERME,CASADA,-,KNUP,31.0,2026-04-27 00:00:00,2026-04-27 00:00:00,,,,,,,,,,,,,,,,,
MARÇO_ABRIL_L672,MARÇO  ABRIL,Mar-Abr,672,2026-04-24 00:00:00,06657,60.0,250.0,15000.0,PLACA MAE H310 PC,G-H310,GUILHERME ,CASADA,-,KNUP,31.0,,2026-04-28 00:00:00,,,,,,,,,,,,,,,,,
MARÇO_ABRIL_L673,MARÇO  ABRIL,Mar-Abr,673,2026-04-24 00:00:00,1273,1.0,542.95,542.95,PELICULA NANOTECH MATTE NEW EDITION 3 GERAÇÃO 180X120MM,581,LU,ESTOQUE,-,AMET,1.0,,,,,,,,,,,,,,,,,,,
MARÇO_ABRIL_L674,MARÇO  ABRIL,Mar-Abr,674,2026-04-24 00:00:00,1273,2.0,60.01,120.02,LAMINA DE CORTE (IMP),614,YHAN,CASADA,-,AMET,1.0,,,,,,,,,,,,,,,,,,,
MARÇO_ABRIL_L675,MARÇO  ABRIL,Mar-Abr,675,2026-04-24 00:00:00,06671,20.0,260.0,5200.0,PLACA MÃE B250 PC DESKTOP,G-B250,GUILHERME,CASADA,-,KNUP,31.0,,,,,,,,,,,,,,,,,,,
MARÇO_ABRIL_L676,MARÇO  ABRIL,Mar-Abr,676,2026-04-27 00:00:00,14041,4.0,279.9,1119.6,MOTOSSERRA ELETRIC DE 12',BOM-9104,ISAAC,CASADA,-,BOMVINK,1.0,,,,,,,,,,,,,,,,,,,
MARÇO_ABRIL_L677,MARÇO  ABRIL,Mar-Abr,677,2026-04-27 00:00:00,81,150.0,239.99,35998.5,HD 1TB PURPLE,115,ISAAC,CASADA,-,JAVACOMP,31.0,,2026-05-05 00:00:00,,,,,,,,,,,,,,,,,
MARÇO_ABRIL_L678,MARÇO  ABRIL,Mar-Abr,678,2026-04-27 00:00:00,81,40.0,680.0,27200.0,HD 4TB PURPLE,118,ISAAC,CASADA,-,JAVACOMP,31.0,,2026-05-05 00:00:00,,,,,,,,,,,,,,,,,
MARÇO_ABRIL_L679,MARÇO  ABRIL,Mar-Abr,679,2026-04-27 00:00:00,01990,5.0,290.0,1450.0,GABINETE GAMER ,D-MATX07,GUILHERME,CASADA,-,DELTA,31.0,,2026-04-27 00:00:00,,,,,,,,,,,,,,,,,
MARÇO_ABRIL_L680,MARÇO  ABRIL,Mar-Abr,680,2026-04-27 00:00:00,01990,5.0,290.0,1450.0,GABINETE GAMER ,D-MATX10,GUILHERME,CASADA,-,DELTA,31.0,,2026-04-27 00:00:00,,,,,,,,,,,,,,,,,
MARÇO_ABRIL_L681,MARÇO  ABRIL,Mar-Abr,681,2026-04-27 00:00:00,-,2000.0,6.0,12000.0,MOUSE GAMER START - 1200 DPI - COM FIO,015-0086,YHAN,ESTOQUE,-,SANTANA,31.0,,,,,,,,,,,,,,,,,,,
MARÇO_ABRIL_L682,MARÇO  ABRIL,Mar-Abr,682,2026-04-27 00:00:00,-,2000.0,4.1,8200.0,MOUSE WIRELESS 2.4GHZ OFFICE,015-0080,YHAN,ESTOQUE,-,SANTANA,31.0,,,,,,,,,,,,,,,,,,,
MARÇO_ABRIL_L683,MARÇO  ABRIL,Mar-Abr,683,2026-04-27 00:00:00,-,6000.0,22.0,132000.0,COMBO WIRELESS 2.4GHZ OFFICE - MOUSE E TECLADO,015-0079,YHAN,ESTOQUE,-,SANTANA,31.0,,,,,,,,,,,,,,,,,,,
MARÇO_ABRIL_L684,MARÇO  ABRIL,Mar-Abr,684,2026-04-27 00:00:00,-,2000.0,18.23,36460.0,TECLADO GAMER - START,015-0085,YHAN,ESTOQUE,-,SANTANA,31.0,,,,,,,,,,,,,,,,,,,
MARÇO_ABRIL_L685,MARÇO  ABRIL,Mar-Abr,685,2026-04-27 00:00:00,14115,5.0,339.9,1699.5,CHAVE DE IMPACTO 21V 580NM,BOM-9964,OSMAR,JOAO BATISTA,REPRESENTANTE,BOMVINK,31.0,,,,,,,,,,,,,,,,,,,
MARÇO_ABRIL_L686,MARÇO  ABRIL,Mar-Abr,686,2026-04-27 00:00:00,14115,10.0,82.9,829.0,KIT JOGO DE FERRAMENTAS 148 PCS,BOM-3916,OSMAR,JOAO BATISTA,REPRESENTANTE,BOMVINK,31.0,,,,,,,,,,,,,,,,,,,
MARÇO_ABRIL_L687,MARÇO  ABRIL,Mar-Abr,687,2026-04-27 00:00:00,14115,100.0,64.9,6490.0,NIVEL DIGITAL COM LASER E MEDIDOR DE ANGULO,BOM-6817,OSMAR,JOAO BATISTA,REPRESENTANTE,BOMVINK,31.0,,,,,,,,,,,,,,,,,,,
MARÇO_ABRIL_L688,MARÇO  ABRIL,Mar-Abr,688,2026-04-27 00:00:00,14115,20.0,45.9,918.0,TRIPE DE NIVEL 1.2M,BOM-6804,OSMAR,JOAO BATISTA,REPRESENTANTE,BOMVINK,31.0,,,,,,,,,,,,,,,,,,,
MARÇO_ABRIL_L689,MARÇO  ABRIL,Mar-Abr,689,2026-04-27 00:00:00,14115,200.0,7.9,1580.0,KIT CHAVE TORX 12PCS PARA CELULAR,BOM-3113,OSMAR,JOAO BATISTA,REPRESENTANTE,BOMVINK,31.0,,,,,,,,,,,,,,,,,,,
MARÇO_ABRIL_L690,MARÇO  ABRIL,Mar-Abr,690,2026-04-27 00:00:00,-,200.0,265.0,53000.0,DDR4 8GB 2666MHZ DESK,DDR4,ISAAC,CASADA,-,JOSE AUGUSTO,31.0,,,,,,,,,,,,,,,,,,,
MARÇO_ABRIL_L691,MARÇO  ABRIL,Mar-Abr,691,2026-04-27 00:00:00,-,150.0,265.0,39750.0,DDR4 8GB 2666MHZ DESK,DDR4,DIEGO,CASADA,-,JOSE AUGUSTO,31.0,,,,,,,,,,,,,,,,,,,linha_duplicada_suspeita;
MARÇO_ABRIL_L692,MARÇO  ABRIL,Mar-Abr,692,2026-04-27 00:00:00,-,150.0,265.0,39750.0,DDR4 8GB 2666MHZ DESK,DDR4,YHAN,ESTOQUE,-,JOSE AUGUSTO,31.0,,,,,,,,,,,,,,,,,,,linha_duplicada_suspeita;
MARÇO_ABRIL_L693,MARÇO  ABRIL,Mar-Abr,693,2026-04-27 00:00:00,1119,169.0,20.0,3380.0,CAMISETA SELEÇÃO BRASILEIRA,-,GUILHERME,CASADA,-,TJS ENTERPRISES,31.0,,,,,,,,,,,,,,,,,,,
MARÇO_ABRIL_L694,MARÇO  ABRIL,Mar-Abr,694,2026-04-27 00:00:00,1119,507.0,20.0,10140.0,CAMISETA SELEÇÃO BRASILEIRA,-,NETO,ESTOQUE,-,TJS ENTERPRISES,31.0,,2026-05-04 00:00:00,,,,,,,,,,,,,,,,,
MARÇO_ABRIL_L695,MARÇO  ABRIL,Mar-Abr,695,2026-04-28 00:00:00,-,13.0,1132.0,14716.0,MONITOR GAMER HQ 34' CURVO 1MS 165HZ HQ34C16,84285,GLEY,LICITAÇÃO,-,BELMICRO,1.0,,,2026-04-27 00:00:00,,,,,,,,,,,,,,,,
MARÇO_ABRIL_L696,MARÇO  ABRIL,Mar-Abr,696,2026-04-28 00:00:00,89442,200.0,23.2,4640.0,CABO Y USB 9 PINOS INTERNO PLACA MÃE DIVISOR 2 PORTAS JUSB,ELIACA122,CESAR,LICITAÇÃO,-,RURT STORE LTDA,1.0,,,2026-05-12 00:00:00,,,,,,,,,,,,,,,,
MARÇO_ABRIL_L697,MARÇO  ABRIL,Mar-Abr,697,2026-04-28 00:00:00,02000,17.0,290.0,4930.0,GABINETE GAMER ,D-MATX10,GUILHERME,CASADA,-,GRASEP,31.0,,2026-04-28 00:00:00,,,,,,,,,,,,,,,,,linha_duplicada_suspeita;
MARÇO_ABRIL_L698,MARÇO  ABRIL,Mar-Abr,698,2026-04-28 00:00:00,06792,100.0,11.8,1180.0,COOLER PARA PROCESSADOR CPU,G-VR300,YHAN,CASADA,-,KNUP,1.0,,2026-04-30 00:00:00,,,,,,,,,,,,,,,,,
MARÇO_ABRIL_L699,MARÇO  ABRIL,Mar-Abr,699,2026-04-28 00:00:00,04997,32.0,135.0,4320.0,SWITCH POE 8+2+1,ATS-1082,OSMAR,ESTOQUE,-,AITEK,31.0,2026-05-11 00:00:00,,,,,,,,,,,,,,,,,,
MARÇO_ABRIL_L700,MARÇO  ABRIL,Mar-Abr,700,2026-04-28 00:00:00,04996,40.0,61.2,2448.0,COOLER GABINETE KIT 3PÇS,DELTA-C1263B,ISAAC,CASADA,-,DELTA,31.0,,2026-05-06 00:00:00,,,,,,,,,,,,,,,,,
MARÇO_ABRIL_L701,MARÇO  ABRIL,Mar-Abr,701,2026-04-28 00:00:00,04996,30.0,23.4,702.0,COOLER GABINETE KIT 3PÇS,DELTA-C1293,ISAAC,CASADA,-,DELTA,31.0,,2026-05-06 00:00:00,,,,,,,,,,,,,,,,,
MARÇO_ABRIL_L702,MARÇO  ABRIL,Mar-Abr,702,2026-04-28 00:00:00,04996,30.0,72.0,2160.0,KIT TECLADO E MOUSE GAMER,DELTA-K1756,ISAAC,CASADA,-,DELTA,31.0,,2026-05-06 00:00:00,,,,,,,,,,,,,,,,,
MARÇO_ABRIL_L703,MARÇO  ABRIL,Mar-Abr,703,2026-04-28 00:00:00,04996,30.0,97.2,2916.0,KIT TECLADO E MOUSE GAMER AURA SYNC,DELTA-VK0301,ISAAC,CASADA,-,DELTA,31.0,,2026-05-06 00:00:00,,,,,,,,,,,,,,,,,
MARÇO_ABRIL_L704,MARÇO  ABRIL,Mar-Abr,704,2026-04-28 00:00:00,04996,6.0,103.5,621.0,SUPORTE PARA MONITOR,ASP-F80,ISAAC,CASADA,-,DELTA,31.0,,2026-05-06 00:00:00,,,,,,,,,,,,,,,,,
MARÇO_ABRIL_L705,MARÇO  ABRIL,Mar-Abr,705,2026-04-28 00:00:00,04996,3.0,112.5,337.5,GABINETE ATX RGB COM COOLERS,AGP-A31150C,ISAAC,CASADA,-,DELTA,31.0,,2026-05-06 00:00:00,,,,,,,,,,,,,,,,,
MARÇO_ABRIL_L706,MARÇO  ABRIL,Mar-Abr,706,2026-04-28 00:00:00,04996,10.0,85.5,855.0,FONTE PC AUTOMATICO 500W,DELTA-EF500,ISAAC,CASADA,-,DELTA,31.0,,2026-05-06 00:00:00,,,,,,,,,,,,,,,,,
MARÇO_ABRIL_L707,MARÇO  ABRIL,Mar-Abr,707,2026-04-28 00:00:00,-,10.0,145.92,1459.2,CADEIRA DE ESCRITÓRIO BASE CROMADA FORTT PT1050,94017100,LARA,USO/CONSUMO,-,BELMICRO,1.0,,2026-05-07 00:00:00,,,,,,,,,,,,,,,,,
MARÇO_ABRIL_L708,MARÇO  ABRIL,Mar-Abr,708,2026-04-28 00:00:00,-,175.0,248.6,43505.0,CADEIRA DE ESCRITÓRIO BASE PRETA FORTT PUT UT-J03,94017100,GLEY,LICITAÇÃO,-,BELMICRO,1.0,,,,,,,,,,,,,,,,,,,
MARÇO_ABRIL_L709,MARÇO  ABRIL,Mar-Abr,709,2026-04-28 00:00:00,05006,8.0,765.0,6120.0,PLACA DE VIDEO RX580 DDR5 8GB,DELTA-RX580,CESAR,LICITAÇÃO,-,DELTA,31.0,2026-04-29 00:00:00,,,,,,,,,,,,,,,,,,
MARÇO_ABRIL_L710,MARÇO  ABRIL,Mar-Abr,710,2026-04-28 00:00:00,02004,3.0,316.0,948.0,GABINETE GAMER ,D-MATX03,GUILHERME,CASADA,-,GRASEP,31.0,,2026-04-28 00:00:00,,,,,,,,,,,,,,,,,
MARÇO_ABRIL_L711,MARÇO  ABRIL,Mar-Abr,711,2026-04-28 00:00:00,02004,2.0,288.0,576.0,GABINETE GAMER ,D-MATX04,GUILHERME,CASADA,-,GRASEP,31.0,,2026-04-28 00:00:00,,,,,,,,,,,,,,,,,
MARÇO_ABRIL_L712,MARÇO  ABRIL,Mar-Abr,712,2026-04-28 00:00:00,02004,3.0,356.0,1068.0,GABINETE GAMER ,D-MATX12,GUILHERME,CASADA,-,GRASEP,31.0,,2026-04-28 00:00:00,,,,,,,,,,,,,,,,,
MARÇO_ABRIL_L713,MARÇO  ABRIL,Mar-Abr,713,2026-04-28 00:00:00,02004,2.0,492.0,984.0,GABINETE GAMER ,D-MATX05,GUILHERME,CASADA,-,GRASEP,31.0,,2026-04-28 00:00:00,,,,,,,,,,,,,,,,,
MARÇO_ABRIL_L714,MARÇO  ABRIL,Mar-Abr,714,2026-04-28 00:00:00,13780,60.0,44.64,2678.4,LANTERNA,LE-8314,OSMAR,CASADA,-,IT BLUE,31.0,,2026-04-30 00:00:00,,,,,,,,,,,,,,,,,
MARÇO_ABRIL_L715,MARÇO  ABRIL,Mar-Abr,715,2026-04-28 00:00:00,14150,12.0,88.9,1066.8,BATERIA DE IONS DE LITIO PARA FERRAMENTAS ELETRICAS 4.0AH 21V - 10 CELULAS,BOM-5598,ISAAC,CASADA,-,BOMVINK,31.0,,2026-05-04 00:00:00,,,,,,,,,,,,,,,,,
MARÇO_ABRIL_L716,MARÇO  ABRIL,Mar-Abr,716,2026-04-28 00:00:00,14150,200.0,2.0,400.0,PONTAS DE PROVA,BOM-6000,ISAAC,CASADA,-,BOMVINK,31.0,,2026-05-04 00:00:00,,,,,,,,,,,,,,,,,
MARÇO_ABRIL_L717,MARÇO  ABRIL,Mar-Abr,717,2026-04-28 00:00:00,14150,6.0,189.9,1139.4,CORTADOR DE CERCA-VIVA 21V,BOM-9113,ISAAC,CASADA,-,BOMVINK,31.0,,2026-05-04 00:00:00,,,,,,,,,,,,,,,,,
MARÇO_ABRIL_L718,MARÇO  ABRIL,Mar-Abr,718,2026-04-28 00:00:00,915906,100.0,232.77,23277.0,GAB. SLIM MATX TFX Q5M SFF C/ FONTE 300W BOX,64940,CESAR,LICITAÇÃO,-,POWERPC,31.0,,2026-05-04 00:00:00,,,,,,,,,,,,,,,,,
MARÇO_ABRIL_L719,MARÇO  ABRIL,Mar-Abr,719,2026-04-28 00:00:00,915906,10.0,785.85,7858.5,PROJETOR BRAZILPC BPC-1080P M-18W 500 LUMENS PRETO/BRANCO,52064,CESAR,LICITAÇÃO,-,POWERPC,31.0,,2026-05-04 00:00:00,,,,,,,,,,,,,,,,,
MARÇO_ABRIL_L720,MARÇO  ABRIL,Mar-Abr,720,2026-04-28 00:00:00,30459,200.0,28.0,5600.0,ADAPTADOR WIFI C/4 ANTENA 5G 1200M,KA-T8190,YHAN,ESTOQUE,-,KAPBOM,1.0,,2026-05-04 00:00:00,,,,,,,,,,,,,,,,,
MARÇO_ABRIL_L721,MARÇO  ABRIL,Mar-Abr,721,2026-04-28 00:00:00,1023,120.0,152.0,18240.0,MONITOR AX20',AX20,YHAN,CASADA,-,HAOQING,31.0,,2026-04-28 00:00:00,,,,,,,,,,,,,,,,,
MARÇO_ABRIL_L722,MARÇO  ABRIL,Mar-Abr,722,2026-04-28 00:00:00,1023,5.0,152.0,760.0,MONITOR AX20',AX20,GUILHERME,CASADA,-,HAOQING,31.0,,2026-04-28 00:00:00,,,,,,,,,,,,,,,,,
MARÇO_ABRIL_L723,MARÇO  ABRIL,Mar-Abr,723,2026-04-28 00:00:00,13841,100.0,9.765,976.5,CONVERSION VGA 2HDMI,LE-4114,YHAN,CASADA,-,IT BLUE,1.0,,2026-04-30 00:00:00,,,,,,,,,,,,,,,,,
MARÇO_ABRIL_L724,MARÇO  ABRIL,Mar-Abr,724,2026-04-28 00:00:00,06829,20.0,255.0,5100.0,PLACA MAE H110 PARA COMPUTADOR DESKTOP,G-H110,GUILHERME,CASADA,-,KNUP,31.0,,2026-04-28 00:00:00,,,,,,,,,,,,,,,,,
MARÇO_ABRIL_L725,MARÇO  ABRIL,Mar-Abr,725,2026-04-28 00:00:00,02009,2.0,3736.0,7472.0,ALL-IN-ONE 23.8 AOC I5-124' 16G DDR4 SSD 512G,A24E99-05,YHAN,CASADA,-,GRASEP,1.0,,2026-04-30 00:00:00,,,,,,,,,,,,,,,,,
MARÇO_ABRIL_L726,MARÇO  ABRIL,Mar-Abr,726,2026-04-28 00:00:00,14249,10.0,109.9,1099.0,SOPRADOR AR TURBO 21V,BOM-9725,ISAAC,CASADA,-,BOMVINK,1.0,,2026-05-04 00:00:00,,,,,,,,,,,,,,,,,
MARÇO_ABRIL_L727,MARÇO  ABRIL,Mar-Abr,727,2026-04-28 00:00:00,06842,40.0,255.0,10200.0,PLACA MAE H110 PARA COMPUTADOR DESKTOP,G-H110,CESAR,LICITAÇÃO,-,KNUP,31.0,,,,,,,,,,,,,,,,,,,
MARÇO_ABRIL_L728,MARÇO  ABRIL,Mar-Abr,728,2026-04-28 00:00:00,59095,100.0,25.2,2520.0,PASTA PARA NOTEBOOK,DNB-4815,GUSTAVO,NINJA,-,HWJ,1.0,,,,,,,,,,,,,,,,,,,
MARÇO_ABRIL_L729,MARÇO  ABRIL,Mar-Abr,729,2026-04-28 00:00:00,04306,5.0,47.7,238.5,FONE DE OUVIDO,ON-FN639,YHAN,CASADA,-,ONISTEK,1.0,,,,,,,,,,,,,,,,,,,
MARÇO_ABRIL_L730,MARÇO  ABRIL,Mar-Abr,730,2026-04-28 00:00:00,04306,10.0,47.7,477.0,FONE DE OUVIDO,ON-FN639,YHAN,ESTOQUE,-,ONISTEK,1.0,,,,,,,,,,,,,,,,,,,
MARÇO_ABRIL_L731,MARÇO  ABRIL,Mar-Abr,731,2026-04-28 00:00:00,04306,5.0,32.4,162.0,FONE DE OUVIDO,ON-FN637,YHAN,CASADA,-,ONISTEK,1.0,,,,,,,,,,,,,,,,,,,
MARÇO_ABRIL_L732,MARÇO  ABRIL,Mar-Abr,732,2026-04-28 00:00:00,04306,10.0,32.4,324.0,FONE DE OUVIDO,ON-FN637,YHAN,ESTOQUE,-,ONISTEK,1.0,,,,,,,,,,,,,,,,,,,
MARÇO_ABRIL_L733,MARÇO  ABRIL,Mar-Abr,733,2026-04-28 00:00:00,04306,5.0,50.4,252.0,FONE DE OUVIDO SEM FIO,ON-FN636,YHAN,CASADA,-,ONISTEK,1.0,,,,,,,,,,,,,,,,,,,
MARÇO_ABRIL_L734,MARÇO  ABRIL,Mar-Abr,734,2026-04-28 00:00:00,04306,10.0,50.4,504.0,FONE DE OUVIDO SEM FIO,ON-FN636,YHAN,ESTOQUE,-,ONISTEK,1.0,,,,,,,,,,,,,,,,,,,
MARÇO_ABRIL_L735,MARÇO  ABRIL,Mar-Abr,735,2026-04-28 00:00:00,04306,5.0,63.0,315.0,FONE DE OUVIDO,ON-FN650,YHAN,CASADA,-,ONISTEK,1.0,,,,,,,,,,,,,,,,,,,
MARÇO_ABRIL_L736,MARÇO  ABRIL,Mar-Abr,736,2026-04-28 00:00:00,04306,10.0,63.0,630.0,FONE DE OUVIDO,ON-FN650,YHAN,ESTOQUE,-,ONISTEK,1.0,,,,,,,,,,,,,,,,,,,
MARÇO_ABRIL_L737,MARÇO  ABRIL,Mar-Abr,737,2026-04-28 00:00:00,04306,5.0,54.0,270.0,FONE DE OUVIDO,ON-FN635,YHAN,CASADA,-,ONISTEK,1.0,,2026-05-05 00:00:00,,,,,,,,,,,,,,,,,
MARÇO_ABRIL_L738,MARÇO  ABRIL,Mar-Abr,738,2026-04-28 00:00:00,04306,10.0,54.0,540.0,FONE DE OUVIDO,ON-FN635,YHAN,ESTOQUE,-,ONISTEK,1.0,,2026-05-05 00:00:00,,,,,,,,,,,,,,,,,
MARÇO_ABRIL_L739,MARÇO  ABRIL,Mar-Abr,739,2026-04-28 00:00:00,-,12.0,446.9,5362.8,CADEIRA PRESIDENTE PRETA PVC BASE CROMADA FORTT ,66530,GLEY,LICITAÇÃO,-,BELMICRO,1.0,,,,,,,,,,,,,,,,,,,
MARÇO_ABRIL_L740,MARÇO  ABRIL,Mar-Abr,740,2026-04-28 00:00:00,02000,17.0,290.0,4930.0,GABINETE GAMER ,D-MATX10,GUILHERME,CASADA,-,GRASEP,31.0,,,,,,,,,,,,,,,,,,,linha_duplicada_suspeita;
MARÇO_ABRIL_L741,MARÇO  ABRIL,Mar-Abr,741,2026-04-28 00:00:00,2387,24.0,435.0,10440.0,HD 4TB US,HD 4TB,ISAAC,CASADA,-,AMANDA CRIATIVA,31.0,,2026-05-11 00:00:00,,,,,,,,,,,,,,,,,
MARÇO_ABRIL_L742,MARÇO  ABRIL,Mar-Abr,742,2026-04-29 00:00:00,02033,4.0,368.0,1472.0,MONITOR LED 27' RESOLUÇÃO 1920*1080,D-MN006,GUILHERME,CASADA,-,GRASEP,31.0,,2026-04-29 00:00:00,,,,,,,,,,,,,,,,,
MARÇO_ABRIL_L743,MARÇO  ABRIL,Mar-Abr,743,2026-04-29 00:00:00,02035,5.0,290.0,1450.0,GABINETE GAMER ,D-MATX07,YHAN,CASADA,-,GRASEP,31.0,,2026-05-04 00:00:00,,,,,,,,,,,,,,,,,
MARÇO_ABRIL_L744,MARÇO  ABRIL,Mar-Abr,744,2026-04-29 00:00:00,05051,10.0,765.0,7650.0,PLACA DE VIDEO RX580 DDR5 8GB,DELTA-RX580,GUILHERME,CASADA,-,DELTA,31.0,,,,,,,,,,,,,,,,,,,
MARÇO_ABRIL_L745,MARÇO  ABRIL,Mar-Abr,745,2026-04-29 00:00:00,915983,40.0,135.0,5400.0,MONITOR LED 19' PRETO BRASIL PC BPC-19WE02-B,57944,GUILHERME,CASADA,-,POWERPC,31.0,,2026-05-04 00:00:00,,,,,,,,,,,,,,,,,
MARÇO_ABRIL_L746,MARÇO  ABRIL,Mar-Abr,746,2026-04-29 00:00:00,915983,40.0,149.9,5996.0,MONITOR LED 20' PRETO BRASIL PC 20WR 75HZ,60856,GUILHERME,CASADA,-,POWERPC,31.0,,,,,,,,,,,,,,,,,,,
MARÇO_ABRIL_L747,MARÇO  ABRIL,Mar-Abr,747,2026-04-29 00:00:00,05055,20.0,94.5,1890.0,TECLADO MECANICO PRETO 111KEYS,DELTA-TM1111,ISAAC,CASADA,-,DELTA,1.0,,,,,,,,,,,,,,,,,,,
MARÇO_ABRIL_L748,MARÇO  ABRIL,Mar-Abr,748,2026-04-29 00:00:00,02045,12.0,424.0,5088.0,"MONITOR LED 23,6'",D-GR236,GUILHERME,CASADA,-,GRASEP,1.0,,2026-04-29 00:00:00,,,,,,,,,,,,,,,,,
MARÇO_ABRIL_L749,MARÇO  ABRIL,Mar-Abr,749,2026-04-29 00:00:00,-,1.0,1000.0,1000.0,CABO COMUN 4P CAT6 CX 305M VM,-,GUILHERME,CASADA,-,JORGE,31.0,,,,,,,,,,,,,,,,,,,
MARÇO_ABRIL_L750,MARÇO  ABRIL,Mar-Abr,750,2026-04-29 00:00:00,-,4.0,380.0,1520.0,HD 1TB TOSHIBA,HD 1TB,YHAN,CASADA,-,-,31.0,,,,,,,,,,,,,,,,,,,
MARÇO_ABRIL_L751,MARÇO  ABRIL,Mar-Abr,751,2026-04-29 00:00:00,-,4.0,480.0,1920.0,HD 2TB TOSHIBA,HD 2TB,YHAN,CASADA,-,-,31.0,,,,,,,,,,,,,,,,,,,
MARÇO_ABRIL_L752,MARÇO  ABRIL,Mar-Abr,752,2026-04-29 00:00:00,-,100.0,189.7088,18970.88,PROC. AMD ATHLON 3000G AM4 3.5GHZ/5MB C/ COOLER,21792,GUILHERME,CASADA,-,PARAGUAI,31.0,,2026-05-12 00:00:00,,,,,,,,,,,,,,,,,
MARÇO_ABRIL_L753,MARÇO  ABRIL,Mar-Abr,753,2026-04-30 00:00:00,02050,51.0,3600.0,183600.0,ALL-IN-ONE 23.8 AOC I5-124' 16G DDR4 SSD 512G,A24E99-05,YHAN,CASADA,-,GRASEP,31.0,,2026-04-30 00:00:00,,,,,,,,,,,,,,,,,
MARÇO_ABRIL_L754,MARÇO  ABRIL,Mar-Abr,754,2026-04-30 00:00:00,05081,10.0,171.0,1710.0,FONTE DE ALIMENTAÇÃO PRETO 80 PLUS 650W BRONZE,DELTA-F650,YHAN,CASADA,-,DELTA,1.0,,,,,,,,,,,,,,,,,,,linha_duplicada_suspeita;
MARÇO_ABRIL_L755,MARÇO  ABRIL,Mar-Abr,755,2026-04-30 00:00:00,05081,10.0,171.0,1710.0,FONTE DE ALIMENTAÇÃO PRETO 80 PLUS 650W BRONZE,DELTA-F650,YHAN,ESTOQUE,-,DELTA,1.0,,,,,,,,,,,,,,,,,,,linha_duplicada_suspeita;
MARÇO_ABRIL_L756,MARÇO  ABRIL,Mar-Abr,756,2026-04-30 00:00:00,14477,72.0,8.9,640.8,ALICATE DE CORTE 6',BOM-1602,ISAAC,CASADA,-,BOMVINK,1.0,,,,,,,,,,,,,,,,,,,
MARÇO_ABRIL_L757,MARÇO  ABRIL,Mar-Abr,757,2026-04-30 00:00:00,14477,2.0,319.9,639.8,MÁQUINA DE SOLDA 110V,BOM-9573,ISAAC,CASADA,-,BOMVINK,1.0,,,,,,,,,,,,,,,,,,,
MARÇO_ABRIL_L758,MARÇO  ABRIL,Mar-Abr,758,2026-04-30 00:00:00,14477,2.0,259.9,519.8,MÁQUINA DE SOLDA 220V,BOM-9574,ISAAC,CASADA,-,BOMVINK,1.0,,,,,,,,,,,,,,,,,,,
MARÇO_ABRIL_L759,MARÇO  ABRIL,Mar-Abr,759,2026-04-30 00:00:00,-,600.0,78.0,46800.0,DDR3 8GB 1600MHZ ,-,GUSTAVO,NINJA,-,MP COMPUTADORES,31.0,,,,,,,,,,,,,,,,,,,
MARÇO_ABRIL_L760,MARÇO  ABRIL,Mar-Abr,760,2026-04-30 00:00:00,1798,1.0,5280.0,5280.0,MOTOCICLETA ELETRICA GRAY LUZ,AC-6608,PATRICIA,SHOWROOM,-,ATEC,1.0,,,,,,,,,,,,,,,,,,,
MARÇO_ABRIL_L761,MARÇO  ABRIL,Mar-Abr,761,2026-04-30 00:00:00,916166,100.0,135.0,13500.0,MONITOR LED 19' PRETO BRASIL PC BPC-19WE02-B,57944,GUILHERME,CASADA,-,POWERPC,31.0,,2026-05-04 00:00:00,,,,,,,,,,,,,,,,,
MARÇO_ABRIL_L762,MARÇO  ABRIL,Mar-Abr,762,2026-04-30 00:00:00,916166,310.0,189.9,58869.0,MONITOR LED 21.5 22WR-75 FHD 75HZ PRETO,61289,GUILHERME,CASADA,-,POWERPC,31.0,,2026-05-04 00:00:00,,,,,,,,,,,,,,,,,
MARÇO_ABRIL_L763,MARÇO  ABRIL,Mar-Abr,763,2026-04-30 00:00:00,04364,15.0,36.0,540.0,FONE DE OUVIDO,ON-FN638,YHAN,CASADA,-,ONISTEK,1.0,,,,,,,,,,,,,,,,,,,
MARÇO_ABRIL_L764,MARÇO  ABRIL,Mar-Abr,764,2026-04-30 00:00:00,04364,20.0,76.5,1530.0,FONE DE OUVIDO,KP-489,YHAN,CASADA,-,ONISTEK,1.0,,,,,,,,,,,,,,,,,,,
MARÇO_ABRIL_L765,MARÇO  ABRIL,Mar-Abr,765,2026-04-30 00:00:00,1024,300.0,180.0,54000.0,MONITOR AX22',AX22,YHAN,ESTOQUE,-,HAOQING,31.0,,,,,,,,,,,,,,,,,,,
MARÇO_ABRIL_L766,MARÇO  ABRIL,Mar-Abr,766,2026-04-30 00:00:00,07127,100.0,49.5,4950.0,DISCO FISICO DE ARMAZENAMENTO DE DADOS 500GB,KP-HD830,GUILHERME,CASADA,-,KNUP,31.0,,2026-05-04 00:00:00,,,,,,,,,,,,,,,,,
MARÇO_ABRIL_L767,MARÇO  ABRIL,Mar-Abr,767,2026-04-30 00:00:00,07127,60.0,180.0,10800.0,DISCO FISICO DE ARMAZENAMENTO DE DADOS 1TB,KP-HD831,GUILHERME,CASADA,-,KNUP,31.0,,2026-05-04 00:00:00,,,,,,,,,,,,,,,,,
MARÇO_ABRIL_L768,MARÇO  ABRIL,Mar-Abr,768,2026-04-30 00:00:00,07130,300.0,49.5,14850.0,DISCO FISICO DE ARMAZENAMENTO DE DADOS 500GB,KP-HD830,ISAAC,CASADA,-,KNUP,31.0,,2026-05-06 00:00:00,,,,,,,,,,,,,,,,,
MARÇO_ABRIL_L769,MARÇO  ABRIL,Mar-Abr,769,2026-04-30 00:00:00,07130,340.0,180.0,61200.0,DISCO FISICO DE ARMAZENAMENTO DE DADOS 1TB,KP-HD831,ISAAC,CASADA,-,KNUP,31.0,,2026-05-06 00:00:00,,,,,,,,,,,,,,,,,
MARÇO_ABRIL_L770,MARÇO  ABRIL,Mar-Abr,770,2026-04-30 00:00:00,07130,200.0,198.0,39600.0,DISPOSITIVO DE ARMAZENAMENTO SSD 2.5 256GB,KP-SS256,ISAAC,ESTOQUE,-,KNUP,31.0,,2026-05-06 00:00:00,,,,,,,,,,,,,,,,,
MARÇO_ABRIL_L771,MARÇO  ABRIL,Mar-Abr,771,2026-04-30 00:00:00,07130,200.0,288.0,57600.0,MEMORIA RAM DDR4 3200MHZ 8GB,KP-HD835,ISAAC,ESTOQUE,-,KNUP,31.0,,2026-05-06 00:00:00,,,,,,,,,,,,,,,,,
MARÇO_ABRIL_L772,MARÇO  ABRIL,Mar-Abr,772,2026-04-30 00:00:00,335937,100.0,57.67,5767.0,COMBO GAMER NIGHTMARE - TECLADO/MOUSE/HEADSET/MOUSEPAD - CLANM,10048,GUILHERME,CASADA,-,POTENCIAL,1.0,,2026-05-06 00:00:00,,,,,,,,,,,,,,,,,
MAIO_L8,MAIO,Maio,8,2026-04-08 00:00:00,134594,30.0,433.14,12994.2,NO-BREAK UPS 1440VA ONE 3.1 TRIVOLT/115V_PR1320,UPS0273,NETO,ESTOQUE,-,MCM,1,2026-04-10 00:00:00,2026-06-10 00:00:00,,,,,True,,,,,,,,,,,,
MAIO_L9,MAIO,Maio,9,2026-04-08 00:00:00,134594,4.0,513.28,2053.12,NO-BREAK UPS 1500VA ACTION FIT 3.1 TRIVOLT/115V - 1 BATERIA_PR1475,UPS0261,NETO,ESTOQUE,-,MCM,1,2026-04-10 00:00:00,2026-06-10 00:00:00,,,,,True,,,,,,,,,,,,
MAIO_L10,MAIO,Maio,10,2026-05-04 00:00:00,-,500.0,260.0,130000.0,DDR4 8GB 2666,DDR4,ISAAC,ESTOQUE,-,THIAGO VECCHI,31,2026-05-21 00:00:00,2026-05-26 00:00:00,,,,,True,,,,,,,,,,,,
MAIO_L11,MAIO,Maio,11,2026-05-04 00:00:00,916373,500.0,135.0,67500.0,MONITOR LED 19' BRAZIL PC PRETO BPC-19WE02-B,57944,YHAN,ESTOQUE,-,POWER PC,31,2026-05-09 00:00:00,2026-05-06 00:00:00,,,,,True,,,,,,,,,,,,
MAIO_L12,MAIO,Maio,12,2026-05-04 00:00:00,916373,500.0,135.0,67500.0,MONITOR LED 19' TRONOS PRETO TRS-HK19WY,57966,YHAN,ESTOQUE,-,POWER PC,31,2026-05-09 00:00:00,2026-05-06 00:00:00,,,,,True,,,,,,,,,,,,
MAIO_L13,MAIO,Maio,13,2026-05-04 00:00:00,07186,100.0,15.3,1530.0,HUB USB 2.0 7 PORTAS FORMATO TORRE COM CABO,HB-T68,GUILHERME,CASADA,-,KNUP,31,2026-05-05 00:00:00,2026-05-04 00:00:00,,,,,True,,,,,,,,,,,,
MAIO_L14,MAIO,Maio,14,2026-05-04 00:00:00,07186,100.0,12.1,1210.0,PLACA PCI-E PARA NVME M2,KP-AD135,GUILHERME,CASADA,-,KNUP,31,2026-05-05 00:00:00,2026-05-04 00:00:00,,,,,True,,,,,,,,,,,,
MAIO_L15,MAIO,Maio,15,2026-05-04 00:00:00,07186,20.0,133.0,2660.0,"INVERSOR DE POTENCIA 12V/110V, 100W",LB-521,GUILHERME,CASADA,-,KNUP,31,2026-05-05 00:00:00,2026-05-04 00:00:00,,,,,True,,,,,,,,,,,,
MAIO_L16,MAIO,Maio,16,2026-05-04 00:00:00,07186,100.0,27.9,2790.0,REPETIDOR DE SINAL WIRELESS,KP-3007,GUILHERME,CASADA,-,KNUP,31,2026-05-05 00:00:00,2026-05-04 00:00:00,,,,,True,,,,,,,,,,,,
MAIO_L17,MAIO,Maio,17,2026-05-04 00:00:00,07186,30.0,17.0,510.0,TECLADO COM FIO PC,KP-2008,GUILHERME,CASADA,-,KNUP,31,2026-05-05 00:00:00,2026-05-04 00:00:00,,,,,True,,,,,,,,,,,,
MAIO_L18,MAIO,Maio,18,2026-05-04 00:00:00,07186,50.0,76.5,3825.0,LEITOR DE CODIGO DE BARRAS SEM FIO,KP-1018A,GUILHERME,CASADA,-,KNUP,31,2026-05-05 00:00:00,2026-05-04 00:00:00,,,,,True,,,,,,,,,,,,
MAIO_L19,MAIO,Maio,19,2026-05-04 00:00:00,07186,20.0,47.5,950.0,CASE PARA HDD EXTERNO 2.5/3.5,KP-HD861,GUILHERME,CASADA,-,KNUP,31,2026-05-05 00:00:00,2026-05-04 00:00:00,,,,,True,,,,,,,,,,,,
MAIO_L20,MAIO,Maio,20,2026-05-04 00:00:00,1023,40.0,115.0,4600.0,PLACA MAE H81,H81,GUILHERME,CASADA,-,HAOQING,31,2026-05-04 00:00:00,2026-05-04 00:00:00,,,,,True,,,,,,,,,,,,
MAIO_L21,MAIO,Maio,21,2026-05-04 00:00:00,1023,10.0,152.0,1520.0,MONITOR AX20',AX20,GUILHERME,CASADA,-,HAOQING,31,2026-05-04 00:00:00,2026-05-04 00:00:00,,,,,True,,,,,,,,,,,,
MAIO_L22,MAIO,Maio,22,2026-05-04 00:00:00,07245,200.0,15.3,3060.0,PLACA DE REDE PC CONEXAO RJ45,KP-T90B,YHAN,ESTOQUE,-,KNUP,1,2026-05-05 00:00:00,2026-05-15 00:00:00,,,,,True,,,,,,,,,,,,
MAIO_L23,MAIO,Maio,23,2026-05-04 00:00:00,05136,25.0,52.2,1305.0,WEBCAM 4MP 2K FOCO AUTOMATICO,SIGMA-W640A,PATRÍCIA,CASADA,-,AITEK,1,2026-05-05 00:00:00,2026-05-08 00:00:00,,,,,True,,,,,,,,,,,,
MAIO_L24,MAIO,Maio,24,2026-05-04 00:00:00,05136,30.0,85.5,2565.0,FONTE PC AUTOMATICO 500W,DELTA-EF500,PATRÍCIA,CASADA,-,DELTA,1,2026-05-05 00:00:00,2026-05-08 00:00:00,,,,,True,,,,,,,,,,,,
MAIO_L25,MAIO,Maio,25,2026-05-04 00:00:00,14722,40.0,379.9,15196.0,ROCADEIRA,BOM-9200,GLEY,LICITAÇÃO,-,BOMVINK,31,2026-05-05 00:00:00,2026-05-11 00:00:00,,,,,True,,,,,,,,,,,,
MAIO_L26,MAIO,Maio,26,2026-05-04 00:00:00,14722,40.0,0.0,0.0,ROCADEIRA/APARADOR DE GRAMA,BOM-9201,GLEY,LICITAÇÃO,-,BOMVINK,31,2026-05-05 00:00:00,2026-05-11 00:00:00,,,,,True,,,,,,,,,,,,
MAIO_L27,MAIO,Maio,27,2026-05-04 00:00:00,14722,9.0,329.9,2969.1,SOPRADOR A GASOLINA,BOM-9206,GLEY,LICITAÇÃO,-,BOMVINK,31,2026-05-05 00:00:00,2026-05-11 00:00:00,,,,,True,,,,,,,,,,,,
MAIO_L28,MAIO,Maio,28,2026-05-04 00:00:00,14722,3.0,329.9,989.7,SOPRADOR A GASOLINA,BOM-9206,ISAAC,CASADA,-,BOMVINK,31,2026-05-05 00:00:00,2026-05-11 00:00:00,,,,,True,,,,,,,,,,,,
MAIO_L29,MAIO,Maio,29,2026-05-04 00:00:00,14732,6.0,289.9,1739.4,KIT JOGO DE CHAVES CATRACA SOQUETE 124 PEÇAS,BOM-3911,YHAN,CASADA,-,BOMVINK,31,2026-05-05 00:00:00,2026-05-04 00:00:00,,,,,True,,,,,,,,,,,,
MAIO_L30,MAIO,Maio,30,2026-05-04 00:00:00,14732,10.0,89.9,899.0,ESMERILHADEIRA ANGULAR 850W 110V,BOM-9551,YHAN,CASADA,-,BOMVINK,31,2026-05-05 00:00:00,2026-05-04 00:00:00,,,,,True,,,,,,,,,,,,
MAIO_L31,MAIO,Maio,31,2026-05-04 00:00:00,14732,6.0,99.9,599.4,PISTOLA DE PINTURA 110V,BOM-9569,YHAN,CASADA,-,BOMVINK,31,2026-05-05 00:00:00,2026-05-04 00:00:00,,,,,True,,,,,,,,,,,,
MAIO_L32,MAIO,Maio,32,2026-05-04 00:00:00,14732,2.0,349.9,699.8,MOTOSSERA A GASOLINA,BOM-9204,YHAN,CASADA,-,BOMVINK,31,2026-05-05 00:00:00,2026-05-04 00:00:00,,,,,True,,,,,,,,,,,,
MAIO_L33,MAIO,Maio,33,2026-05-04 00:00:00,14732,2.0,299.9,599.8,DESEMPENADEIRA ELETRICA 127V PARA REBOCO E PAREDE 1200W,BOM-9625,YHAN,CASADA,-,BOMVINK,31,2026-05-05 00:00:00,2026-05-04 00:00:00,,,,,True,,,,,,,,,,,,
MAIO_L34,MAIO,Maio,34,2026-05-04 00:00:00,04465,1.0,67.5,67.5,VARAL DE PISO,SM015,OSMAR,CASADA,-,ONISTEK,31,2026-05-05 00:00:00,2026-05-11 00:00:00,,,,,True,,,,,,,,,,,,linha_duplicada_suspeita;
MAIO_L35,MAIO,Maio,35,2026-05-04 00:00:00,04465,1.0,67.5,67.5,VARAL DE PISO,SM015,OSMAR,SHOWROOM,-,ONISTEK,31,2026-05-05 00:00:00,2026-05-11 00:00:00,,,,,True,,,,,,,,,,,,linha_duplicada_suspeita;
MAIO_L36,MAIO,Maio,36,2026-05-04 00:00:00,04465,4.0,67.5,270.0,VARAL DE PISO,SM015,OSMAR,ESTOQUE,-,ONISTEK,31,2026-05-05 00:00:00,2026-05-11 00:00:00,,,,,True,,,,,,,,,,,,
MAIO_L37,MAIO,Maio,37,2026-05-04 00:00:00,14764,72.0,3.9,280.8,FITA SILVER TAPE,BOM-1321,ISAAC,CASADA,-,BOMVINK,1,2026-05-05 00:00:00,2026-05-08 00:00:00,,,,,True,,,,,,,,,,,,
MAIO_L38,MAIO,Maio,38,2026-05-04 00:00:00,14801,500.0,8.99,4495.0,CORRENTE DE MOTOSSERRA,BOM-5627,GUSTAVO,NINJA,-,BOMVINK,31,2026-05-05 00:00:00,,,,,,True,,,,,,,,,,,,
MAIO_L39,MAIO,Maio,39,2026-05-04 00:00:00,14801,200.0,39.9,7980.0,LUMINÁRIA JARDIM COM PLACA SOLAR ESPETO - 1PCT 6 PEÇAS,BOM-4601,GUSTAVO,NINJA,-,BOMVINK,31,2026-05-05 00:00:00,,,,,,True,,,,,,,,,,,,
MAIO_L40,MAIO,Maio,40,2026-05-04 00:00:00,916470,1000.0,87.9,87900.0,PLACA MÃE DESK BRAZILPC 1155 BPC-H61CM2-G,72896,YHAN,ESTOQUE,-,POWER PC,31,2026-05-09 00:00:00,2026-05-07 00:00:00,,,,,True,,,,,,,,,,,,
MAIO_L41,MAIO,Maio,41,2026-05-04 00:00:00,07306,40.0,250.0,10000.0,PLACA MÃE PC H110,G-H110,YHAN,ESTOQUE,-,KNUP,31,2026-05-06 00:00:00,2026-05-08 00:00:00,,,,,True,,,,,,,,,,,,
MAIO_L42,MAIO,Maio,42,2026-05-04 00:00:00,07306,20.0,250.0,5000.0,PLACA MÃE PC H110,G-H110,YHAN,CASADA,-,KNUP,31,2026-05-08 00:00:00,2026-05-08 00:00:00,,,,,True,,,,,,,,,,,,
MAIO_L43,MAIO,Maio,43,2026-05-04 00:00:00,-,200.0,120.0,24000.0,DDR4 4GB,DDR4,DIEGO,ESTOQUE,-,THIAGO VECCHI,31,2026-05-15 00:00:00,2026-05-27 00:00:00,,,,,True,,,,,,,,,,,,
MAIO_L44,MAIO,Maio,44,2026-05-04 00:00:00,-,200.0,60.5,12100.0,ROTEADOR WITI 2.4GHZ 1200MBPS,MM-LYQ,ISAAC,CASADA,-,MINIMEN,31,2026-05-12 00:00:00,2026-05-12 00:00:00,,,,,True,,,,,,,,,,,,
MAIO_L45,MAIO,Maio,45,2026-05-04 00:00:00,5200/2529,30.0,2279.82,68394.6,JBLBOOMBOX4WHTBR,28913921,NETO,ESTOQUE,-,JBL,1,ATRASADO,,,,,,False,,,,,,,,,,,,
MAIO_L46,MAIO,Maio,46,2026-05-04 00:00:00,5200/2529,10.0,2279.82,22798.2,JBLBOOMBOX4BLKBR,28913917,NETO,ESTOQUE,-,JBL,1,ATRASADO,,,,,,False,,,,,,,,,,,,
MAIO_L47,MAIO,Maio,47,2026-05-04 00:00:00,5200/2529,6.0,2279.82,13678.92,JBLBOOMBOX4ORGBR,28913923,NETO,ESTOQUE,-,JBL,1,2026-06-15 00:00:00,,,,,,False,,,,,,,,,,,,
MAIO_L48,MAIO,Maio,48,2026-05-04 00:00:00,5200/2529,4.0,2279.82,9119.28,JBLBOOMBOX4BRNBR,28913922,NETO,ESTOQUE,-,JBL,1,ATRASADO,,,,,,False,,,,,,,,,,,,
MAIO_L49,MAIO,Maio,49,2026-05-04 00:00:00,-,30000.0,3.3,99000.0,MOUSE OTICO USB OFFICE PRETO 1000DPI,015-0043,YHAN,ESTOQUE,-,SANTANA,31,2026-05-13 00:00:00,2026-05-27 00:00:00,,,,,True,,,,,,,,,,,,
MAIO_L50,MAIO,Maio,50,2026-05-04 00:00:00,31794,10.0,38.9,389.0,"BANDEJA FIXA 19"" X 350MM 4 PONT FIXAÇÃO",3942,YHAN,ESTOQUE,-,MAXMETAL,1,2026-06-01 00:00:00,2026-06-03 00:00:00,,,,,True,,,,,,,,,,,,
MAIO_L51,MAIO,Maio,51,2026-05-04 00:00:00,31794,10.0,299.9,2999.0,"RACK 19"" 12U X 470 ACR SOLDA PAREDE",4476,YHAN,ESTOQUE,-,MAXMETAL,1,2026-06-01 00:00:00,2026-06-03 00:00:00,,,,,True,,,,,,,,,,,,
MAIO_L52,MAIO,Maio,52,2026-05-04 00:00:00,31794,3.0,239.9,719.7,"RACK 19"" 07U X 470 ACR SOLDA PAREDE",4633,YHAN,ESTOQUE,-,MAXMETAL,1,2026-06-01 00:00:00,2026-06-03 00:00:00,,,,,True,,,,,,,,,,,,
MAIO_L53,MAIO,Maio,53,2026-05-04 00:00:00,31794,30.0,47.9,1437.0,CAIXA METALICA MINI FINE BC 350X400X108MMC/2CHAVES,5032,YHAN,ESTOQUE,-,MAXMETAL,1,2026-06-01 00:00:00,2026-06-03 00:00:00,,,,,True,,,,,,,,,,,,
MAIO_L54,MAIO,Maio,54,2026-05-04 00:00:00,31794,30.0,47.9,1437.0,CAIXA METALICA MINI FINE PRETO C/ 02 CHAVES,5320,YHAN,ESTOQUE,-,MAXMETAL,1,2026-06-01 00:00:00,2026-06-03 00:00:00,,,,,True,,,,,,,,,,,,
MAIO_L55,MAIO,Maio,55,2026-05-04 00:00:00,31794,1.0,1359.9,1359.9,"RACK 19"" 44U X 570 ACR SOLDA PISO",4784,YHAN,ESTOQUE,-,MAXMETAL,1,2026-06-01 00:00:00,2026-06-03 00:00:00,,,,,True,,,,,,,,,,,,
MAIO_L56,MAIO,Maio,56,2026-05-04 00:00:00,31794,50.0,75.9,3795.0,"MINI RACK 19"" 05U X 350MM ACR PRETO C/ 02 CHAVES",4756,YHAN,ESTOQUE,-,MAXMETAL,1,2026-06-01 00:00:00,2026-06-03 00:00:00,,,,,True,,,,,,,,,,,,
MAIO_L57,MAIO,Maio,57,2026-05-04 00:00:00,31794,5.0,129.9,649.5,"MINI RACK 19"" 08U X 350MM ACR PRETO",3046,YHAN,ESTOQUE,-,MAXMETAL,1,2026-06-01 00:00:00,2026-06-03 00:00:00,,,,,True,,,,,,,,,,,,
MAIO_L58,MAIO,Maio,58,2026-05-04 00:00:00,31794,2.0,839.9,1679.8,"RACK 19"" 24U X 570 ACR SOLDA PISO",4369,YHAN,ESTOQUE,-,MAXMETAL,1,2026-06-01 00:00:00,2026-06-03 00:00:00,,,,,True,,,,,,,,,,,,
MAIO_L59,MAIO,Maio,59,2026-05-04 00:00:00,31794,5.0,229.9,1149.5,"RACK 19"" 06U X 470 ACR SOLDA PAREDE",4820,YHAN,ESTOQUE,-,MAXMETAL,1,2026-06-01 00:00:00,2026-06-03 00:00:00,,,,,True,,,,,,,,,,,,
MAIO_L60,MAIO,Maio,60,2026-05-04 00:00:00,31794,1.0,790.9,790.9,"RACK 19"" 20U X 670 ACR SOLDA PISO",4883,YHAN,ESTOQUE,-,MAXMETAL,1,2026-06-01 00:00:00,2026-06-03 00:00:00,,,,,True,,,,,,,,,,,,
MAIO_L61,MAIO,Maio,61,2026-05-05 00:00:00,07344,50.0,30.5,1525.0,FONTE DE ALIMENTAÇÃO PC 200W,HDW-003,GUILHERME,CASADA,-,KNUP,31,2026-05-05 00:00:00,2026-05-05 00:00:00,,,,,True,,,,,,,,,,,,
MAIO_L62,MAIO,Maio,62,2026-05-05 00:00:00,07360,1100.0,32.0,35200.0,MICRO SD 32GB,LB-CM32/B,ISAAC,CASADA,-,KNUP,31,2026-05-07 00:00:00,2026-05-07 00:00:00,,,,,True,,,,,,,,,,,,
MAIO_L63,MAIO,Maio,63,2026-05-05 00:00:00,02120,4.0,368.0,1472.0,MONITOR LED 27' RESOLUÇÃO 1920*1080 ,D-MN006,GUILHERME,CASADA,-,GRASEP,31,2026-05-05 00:00:00,2026-05-05 00:00:00,,,,,True,,,,,,,,,,,,
MAIO_L64,MAIO,Maio,64,2026-05-05 00:00:00,07384,60.0,64.0,3840.0,KIT FAN PARA GABINETE,G-VR346K,GUILHERME,CASADA,-,KNUP,31,2026-05-06 00:00:00,2026-05-05 00:00:00,,,,,True,,,,,,,,,,,,
MAIO_L65,MAIO,Maio,65,2026-05-05 00:00:00,05184,10.0,112.5,1125.0,GABINETE ATX RGB COM COOLERS,AGP-A31150C,YHAN,CASADA,-,DELTA,31,2026-05-06 00:00:00,2026-05-08 00:00:00,,,,,True,,,,,,,,,,,,
MAIO_L66,MAIO,Maio,66,2026-05-05 00:00:00,1122,150.0,25.0,3750.0,CAMISA DO BRASIL,-,PATRÍCIA,CASADA,-,TJS ENTERPRISES,31,2026-05-12 00:00:00,2026-05-12 00:00:00,,,,,True,,,,,,,,,,,,
MAIO_L67,MAIO,Maio,67,2026-05-05 00:00:00,1122,1.0,380.0,380.0,ALBUM DA COPA,-,PATRÍCIA,CASADA,-,TJS ENTERPRISES,31,2026-05-12 00:00:00,,,,,,True,,,,,,,,,,,,linha_duplicada_suspeita;
MAIO_L68,MAIO,Maio,68,2026-05-05 00:00:00,1122,1.0,380.0,380.0,ALBUM DA COPA,-,PATRÍCIA,ESTOQUE,-,TJS ENTERPRISES,31,2026-05-12 00:00:00,,,,,,True,,,,,,,,,,,,linha_duplicada_suspeita;
MAIO_L69,MAIO,Maio,69,2026-05-05 00:00:00,1024,60.0,115.0,6900.0,PLACA MÃE H81,H81,GUILHERME,CASADA,-,HAOQING,31,2026-05-05 00:00:00,2026-05-05 00:00:00,,,,,True,,,,,,,,,,,,
MAIO_L70,MAIO,Maio,70,2026-05-05 00:00:00,14922,4.0,228.9,915.6,KIT DE SERRA MARMORE E ESMERILHADEIRA 110V 650/900W 2EM1,BOM-9601,ISAAC,CASADA,-,BOMVINK,1,2026-05-08 00:00:00,2026-05-08 00:00:00,,,,,True,,,,,,,,,,,,
MAIO_L71,MAIO,Maio,71,2026-05-05 00:00:00,14919,50.0,11.8,590.0,ALICATE DE CRIMPAR RJ45/RJ11/RJ12,BOM-1703,YHAN,CASADA,-,BOMVINK,1,2026-05-07 00:00:00,2026-05-07 00:00:00,,,,,True,,,,,,,,,,,,
MAIO_L72,MAIO,Maio,72,2026-05-05 00:00:00,14919,100.0,8.99,899.0,TESTADOR DE CABO DE REDE E TELEFONE,BOM-6802,YHAN,CASADA,-,BOMVINK,1,2026-05-07 00:00:00,2026-05-07 00:00:00,,,,,True,,,,,,,,,,,,
MAIO_L73,MAIO,Maio,73,2026-05-05 00:00:00,07361,100.0,310.0,31000.0,PLACA MÃE PC H610,G-H610,YHAN,CASADA,-,KNUP,31,2026-05-05 00:00:00,2026-05-08 00:00:00,,,,,True,,,,,,,,,,,,
MAIO_L74,MAIO,Maio,74,2026-05-05 00:00:00,272,58.0,750.0,43500.0,HD 4TB WD PURPLE,118,ISAAC,CASADA,-,JAVACOMP,31,2026-05-13 00:00:00,2026-05-13 00:00:00,,,,,True,,,,,,,,,,,,
MAIO_L75,MAIO,Maio,75,2026-05-05 00:00:00,272,4.0,1500.0,6000.0,HD 8TB WD PURPLE,434,ISAAC,CASADA,-,JAVACOMP,31,2026-05-13 00:00:00,2026-05-13 00:00:00,,,,,True,,,,,,,,,,,,
MAIO_L76,MAIO,Maio,76,2026-05-06 00:00:00,15034,12.0,379.9,4558.8,ROÇADEIRA,BOM-9202,YHAN,CASADA,-,BOMVINK,31,2026-05-07 00:00:00,2026-05-06 00:00:00,,,,,True,,,,,,,,,,,,
MAIO_L77,MAIO,Maio,77,2026-05-06 00:00:00,15034,12.0,0.0,0.0,ROÇADEIRA/APARADOR DE GRAMA,BOM-9201,YHAN,CASADA,-,BOMVINK,31,2026-05-07 00:00:00,2026-05-06 00:00:00,,,,,True,,,,,,,,,,,,
MAIO_L78,MAIO,Maio,78,2026-05-06 00:00:00,15034,40.0,89.9,3596.0,ESMERILHADEIRA ANGULAR 850W 110V,BOM-9551,YHAN,CASADA,-,BOMVINK,31,2026-05-07 00:00:00,2026-05-06 00:00:00,,,,,True,,,,,,,,,,,,
MAIO_L79,MAIO,Maio,79,2026-05-06 00:00:00,15034,60.0,79.9,4794.0,PARAFUSADERIA BATERIA 21V,BOM-9961,YHAN,CASADA,-,BOMVINK,31,2026-05-07 00:00:00,2026-05-06 00:00:00,,,,,True,,,,,,,,,,,,
MAIO_L80,MAIO,Maio,80,2026-05-06 00:00:00,15034,50.0,119.9,5995.0,LAVADORA DE PRESSÃO PORTATIL A BATERIA,BOM-7001,YHAN,CASADA,-,BOMVINK,31,2026-05-07 00:00:00,2026-05-06 00:00:00,,,,,True,,,,,,,,,,,,
MAIO_L81,MAIO,Maio,81,2026-05-06 00:00:00,15034,10.0,89.9,899.0,SERRA TICO TICO 550W 110V,BOM-9667,YHAN,CASADA,-,BOMVINK,31,2026-05-07 00:00:00,2026-05-06 00:00:00,,,,,True,,,,,,,,,,,,
MAIO_L82,MAIO,Maio,82,2026-05-06 00:00:00,15034,20.0,79.9,1598.0,SERRA TICO TICO 550W 220V,BOM-9668,YHAN,CASADA,-,BOMVINK,31,2026-05-07 00:00:00,2026-05-06 00:00:00,,,,,True,,,,,,,,,,,,
MAIO_L83,MAIO,Maio,83,2026-05-06 00:00:00,15034,10.0,79.9,799.0,FURADEIRA DE IMPACTO 600W 10MM 220V,BOM-9670,YHAN,CASADA,-,BOMVINK,31,2026-05-07 00:00:00,2026-05-06 00:00:00,,,,,True,,,,,,,,,,,,
MAIO_L84,MAIO,Maio,84,2026-05-06 00:00:00,15034,2.0,349.9,699.8,SOPRADOR A GASOLINA 26CC,BOM-9206,YHAN,CASADA,-,BOMVINK,31,2026-05-07 00:00:00,2026-05-06 00:00:00,,,,,True,2026-05-08 00:00:00,,,,,,,,,,,
MAIO_L85,MAIO,Maio,85,2026-05-06 00:00:00,07417,50.0,360.0,18000.0,DISCO PARA ARMAZENAMENTO 1TB 2.5,KP-HD807,YHAN,ESTOQUE,-,KNUP,31,2026-05-07 00:00:00,2026-05-07 00:00:00,,,,,True,,,,,,,,,,,,
MAIO_L86,MAIO,Maio,86,2026-05-06 00:00:00,07417,50.0,90.0,4500.0,DISCO PARA ARMAZENAMENTO 250GB 2.5,KP-HD808,YHAN,ESTOQUE,-,KNUP,31,2026-05-07 00:00:00,2026-05-07 00:00:00,,,,,True,,,,,,,,,,,,
MAIO_L87,MAIO,Maio,87,2026-05-06 00:00:00,07417,50.0,162.0,8100.0,DISCO PARA ARMAZENAMENTO 500GB 2.5,KP-HD810,YHAN,ESTOQUE,-,KNUP,31,2026-05-07 00:00:00,2026-05-07 00:00:00,,,,,True,,,,,,,,,,,,
MAIO_L88,MAIO,Maio,88,2026-05-06 00:00:00,07420,100.0,310.0,31000.0,PLACA MAE H610,G-H610,YHAN,ESTOQUE,-,KNUP,31,2026-05-08 00:00:00,2026-05-08 00:00:00,,,,,True,,,,,,,,,,,,
MAIO_L89,MAIO,Maio,89,2026-05-06 00:00:00,04583,1.0,32.4,32.4,FONE DE OUVIDO,ON-FN637,PATRÍCIA,SHOWROOM,-,ONISTEK,1,2026-05-06 00:00:00,2026-05-11 00:00:00,,,,,True,,,,,,,,,,,,
MAIO_L90,MAIO,Maio,90,2026-05-06 00:00:00,04583,19.0,32.4,615.6,FONE DE OUVIDO,ON-FN637,PATRÍCIA,ESTOQUE,-,ONISTEK,1,2026-05-06 00:00:00,2026-05-11 00:00:00,,,,,True,,,,,,,,,,,,
MAIO_L91,MAIO,Maio,91,2026-05-06 00:00:00,04583,10.0,32.4,324.0,FONE DE OUVIDO,ON-FN637,YHAN,CASADA,-,ONISTEK,1,2026-05-06 00:00:00,2026-05-11 00:00:00,,,,,True,,,,,,,,,,,,
MAIO_L92,MAIO,Maio,92,2026-05-06 00:00:00,04583,5.0,54.0,270.0,FONE DE OUVIDO,ON-FN635,YHAN,CASADA,-,ONISTEK,1,2026-05-06 00:00:00,2026-05-11 00:00:00,,,,,True,,,,,,,,,,,,
MAIO_L93,MAIO,Maio,93,2026-05-06 00:00:00,04583,25.0,54.0,1350.0,FONE DE OUVIDO,ON-FN635,YHAN,ESTOQUE,-,ONISTEK,1,2026-05-06 00:00:00,2026-05-11 00:00:00,,,,,True,,,,,,,,,,,,
MAIO_L94,MAIO,Maio,94,2026-05-06 00:00:00,04583,20.0,54.0,1080.0,FONE DE OUVIDO,ON-FN601,YHAN,ESTOQUE,-,ONISTEK,1,2026-05-06 00:00:00,2026-05-11 00:00:00,,,,,True,,,,,,,,,,,,
MAIO_L95,MAIO,Maio,95,2026-05-06 00:00:00,04583,10.0,54.0,540.0,FONE DE OUVIDO,ON-FN601,YHAN,CASADA,-,ONISTEK,1,2026-05-06 00:00:00,2026-05-11 00:00:00,,,,,True,,,,,,,,,,,,
MAIO_L96,MAIO,Maio,96,2026-05-06 00:00:00,04583,15.0,43.2,648.0,FONE DE OUVIDO,KP-359,YHAN,ESTOQUE,-,ONISTEK,1,2026-05-06 00:00:00,2026-05-11 00:00:00,,,,,True,,,,,,,,,,,,
MAIO_L97,MAIO,Maio,97,2026-05-06 00:00:00,04583,10.0,43.2,432.0,FONE DE OUVIDO,KP-359,YHAN,CASADA,-,ONISTEK,1,2026-05-06 00:00:00,2026-05-11 00:00:00,,,,,True,,,,,,,,,,,,
MAIO_L98,MAIO,Maio,98,2026-05-06 00:00:00,916832,40.0,125.66,5026.4,PLACA DE REDE WIRELESS PCI EXPRESS C/ 2 ANTENAS 1200MBPS,72566,CESAR,LICITAÇÃO,-,POWER PC,31,2026-05-11 00:00:00,2026-05-11 00:00:00,,,,,True,,,,,,,,,,,,
MAIO_L99,MAIO,Maio,99,2026-05-06 00:00:00,10887,100.0,19.8,1980.0,CANETA TOUCH SREEN,MIP-008,DIEGO,CASADA,-,TOMATE,31,2026-05-06 00:00:00,,,,,,True,,,,,,,,,,,,
MAIO_L100,MAIO,Maio,100,2026-05-06 00:00:00,916839,1000.0,71.0,71000.0,GAB. MATX BRAZILPC BPC-N110 C/ FONTE 230W,65576,YHAN,ESTOQUE,-,POWER PC,31,2026-05-14 00:00:00,2026-05-14 00:00:00,,,,,True,,,,,,,,,,,,
MAIO_L101,MAIO,Maio,101,2026-05-06 00:00:00,788590,500.0,220.88,110440.0,PLACA MÃE VXPRO VXMBH110 LGA1151 BOX DDR4,028173-7,YHAN,CASADA,-,DUEX,31,2026-05-12 00:00:00,2026-05-15 00:00:00,,,,,True,,,,,,,,,,,,
MAIO_L102,MAIO,Maio,102,2026-05-06 00:00:00,788590,1000.0,99.0,99000.0,PLACA MÃE DUEX DXMBH81G M2 LGA1150 DDR3,026045-9,YHAN,CASADA,-,DUEX,31,2026-05-12 00:00:00,,,,,,True,,,,,,,,,,,,
MAIO_L103,MAIO,Maio,103,2026-05-06 00:00:00,-,100.0,549.95,54995.0,"SSD 2.5 960GB LEXAR SATA 3 5.5""""",SSD 2.5,GUILHERME,CASADA,-,PARAGUAI,31,2026-05-08 00:00:00,2026-05-08 00:00:00,,,,,True,,,,,,,,,,,,
MAIO_L104,MAIO,Maio,104,2026-05-06 00:00:00,-,100.0,566.44,56644.0,"SSD 2.5 960GB LEXAR SATA 3 5.5""""",SSD 2.5,ISAAC,CASADA,-,PARAGUAI,31,2026-05-19 00:00:00,2026-05-19 00:00:00,,,,,True,,,,,,,,,,,,
MAIO_L105,MAIO,Maio,105,2026-05-06 00:00:00,788987,7.0,654.19,4579.33,PLACA MÃE B760 GAMING DDR4,B760,GUSTAVO,NINJA,-,DUEX,31,2026-05-14 00:00:00,,,,,,True,,,,,,,,,,,,
MAIO_L106,MAIO,Maio,106,2026-05-06 00:00:00,788987,10.0,1043.53,10435.3,PLACA MÃE B760M AORUS ELITE DDR5 1700,B760,GUSTAVO,NINJA,-,DUEX,31,2026-05-14 00:00:00,,,,,,True,,,,,,,,,,,,
MAIO_L107,MAIO,Maio,107,2026-05-06 00:00:00,788987,40.0,276.1168,11044.672,PLACA MÃE A520M ASUS PRIME DDR4,A520,GUSTAVO,NINJA,-,DUEX,31,2026-05-14 00:00:00,,,,,,True,,,,,,,,,,,,
MAIO_L108,MAIO,Maio,108,2026-05-07 00:00:00,1025,40.0,115.0,4600.0,PLACA MÃE H81,H81,GUILHERME,CASADA,-,HAOQING,31,2026-05-07 00:00:00,2026-05-07 00:00:00,,,,,True,,,,,,,,,,,,
MAIO_L109,MAIO,Maio,109,2026-05-07 00:00:00,07544,20.0,189.0,3780.0,PLACA MÃE LGA2011-V3/V4,G-X99C/50V4,GUILHERME,CASADA,-,KNUP,31,2026-05-11 00:00:00,2026-05-08 00:00:00,,,,,True,,,,,,,,,,,,
MAIO_L110,MAIO,Maio,110,2026-05-07 00:00:00,15279,20.0,379.9,7598.0,ROÇADEIRA,BOM-9202,GLEY,LICITAÇÃO,-,BOMVINK,31,2026-05-08 00:00:00,2026-05-11 00:00:00,,,,,True,,,,,,,,,,,,
MAIO_L111,MAIO,Maio,111,2026-05-07 00:00:00,15279,20.0,0.0,0.0,ROÇADEIRA/APARADOR DE GRAMA,BOM-9200,GLEY,LICITAÇÃO,-,BOMVINK,31,2026-05-08 00:00:00,2026-05-11 00:00:00,,,,,True,,,,,,,,,,,,
MAIO_L112,MAIO,Maio,112,2026-05-07 00:00:00,09109,500.0,6.0,3000.0,ADAPTADOR USB WIFI 300MBPS,KA-T8188,ISAAC,CASADA,-,KAPBOM,1,2026-05-08 00:00:00,2026-05-11 00:00:00,,,,,True,,,,,,,,,,,,
MAIO_L113,MAIO,Maio,113,2026-05-07 00:00:00,917019,500.0,149.9,74950.0,MONITOR LED 20 PRETO ENTERPRISE CORP 20WEV-KAN 75HZ,61152,YHAN,ESTOQUE,-,POWER PC,31,2026-05-14 00:00:00,2026-05-19 00:00:00,,,,,True,,,,,,,,,,,,
MAIO_L114,MAIO,Maio,114,2026-05-07 00:00:00,917019,500.0,149.9,74950.0,MONITOR LED 20 PRETO TRONOS CORP TRS-20WV 75HZ,61857,YHAN,ESTOQUE,-,POWER PC,31,2026-05-14 00:00:00,2026-05-19 00:00:00,,,,,True,,,,,,,,,,,,
MAIO_L115,MAIO,Maio,115,2026-05-07 00:00:00,3637,1.0,335.81,335.81,SERRA CIRCULAR ELETRICA PROFISSIONAL,BX8DYJ5040,GLEY,LICITAÇÃO,-,ELIASS VAREJO,1,2026-05-11 00:00:00,2026-05-11 00:00:00,,,,,True,,,,,,,,,,,,
MAIO_L116,MAIO,Maio,116,2026-05-07 00:00:00,3635,2.0,335.81,671.62,SERRA CIRCULAR ELETRICA PROFISSIONAL,BX8DYJ5040,GLEY,LICITAÇÃO,-,ELIASS VAREJO,1,2026-05-11 00:00:00,2026-05-11 00:00:00,,,,,True,,,,,,,,,,,,
MAIO_L117,MAIO,Maio,117,2026-05-07 00:00:00,30977,2.0,23.64,47.28,CANETA TOUCH SCREEN CAPACITIVA STYLUS KIT COM 10,MLB1850757519,GLEY,LICITAÇÃO,-,CONECTADOS ARTIGOS ESPORTIVOS,1,2026-05-11 00:00:00,2026-05-11 00:00:00,,,,,True,,,,,,,,,,,,
MAIO_L118,MAIO,Maio,118,2026-05-07 00:00:00,326614,1.0,3516.5,3516.5,X1504VA-NJ1739- CORE I5 / 8 GB / 256 GB / KEEP OS / COOL SILVER,90NB10J2 M03BN0,GLEY,LICITAÇÃO,-,ACBZ IMPORTACAO,1,2026-05-12 00:00:00,2026-05-12 00:00:00,,,,,True,,,,,,,,,,,,linha_duplicada_suspeita;
MAIO_L119,MAIO,Maio,119,2026-05-07 00:00:00,326614,1.0,3516.5,3516.5,X1504VA-NJ1739- CORE I5 / 8 GB / 256 GB / KEEP OS / COOL SILVER,90NB10J2 M03BN0,GLEY,LICITAÇÃO,-,ACBZ IMPORTACAO,1,2026-05-12 00:00:00,2026-05-12 00:00:00,,,,,True,,,,,,,,,,,,linha_duplicada_suspeita;
MAIO_L120,MAIO,Maio,120,2026-05-07 00:00:00,326614,1.0,3516.5,3516.5,X1504VA-NJ1739- CORE I5 / 8 GB / 256 GB / KEEP OS / COOL SILVER,90NB10J2 M03BN0,GLEY,LICITAÇÃO,-,ACBZ IMPORTACAO,1,2026-05-12 00:00:00,2026-05-12 00:00:00,,,,,True,,,,,,,,,,,,linha_duplicada_suspeita;
MAIO_L121,MAIO,Maio,121,2026-05-07 00:00:00,326614,1.0,3516.5,3516.5,X1504VA-NJ1739- CORE I5 / 8 GB / 256 GB / KEEP OS / COOL SILVER,90NB10J2 M03BN0,GLEY,LICITAÇÃO,-,ACBZ IMPORTACAO,1,2026-05-12 00:00:00,2026-05-12 00:00:00,,,,,True,,,,,,,,,,,,linha_duplicada_suspeita;
MAIO_L122,MAIO,Maio,122,2026-05-08 00:00:00,05320,22.0,135.0,2970.0,SWITCH POE 8+2+1,ATS-1082,OSMAR,ESTOQUE,-,AITEK,1,2026-05-08 00:00:00,2026-05-11 00:00:00,,,,,True,,,,,,,,,,,,
MAIO_L123,MAIO,Maio,123,2026-05-08 00:00:00,05320,10.0,135.0,1350.0,SWITCH POE 8+2+1,ATS-1082,OSMAR,CASADA,-,AITEK,1,2026-05-08 00:00:00,2026-05-11 00:00:00,,,,,True,,,,,,,,,,,,
MAIO_L124,MAIO,Maio,124,2026-05-08 00:00:00,15390,200.0,8.99,1798.0,TESTADOR DE CABO DE REDE E TELEFONE,BOM-6802,ISAAC,CASADA,-,BOMVINK,31,2026-05-13 00:00:00,2026-05-18 00:00:00,,,,,True,,,,,,,,,,,,
MAIO_L125,MAIO,Maio,125,2026-05-08 00:00:00,15390,800.0,11.3,9040.0,ALICATE DE CRIMPAR RJ45/RJ11/RJ12,BOM-1703,ISAAC,CASADA,-,BOMVINK,31,2026-05-13 00:00:00,2026-05-18 00:00:00,,,,,True,,,,,,,,,,,,
MAIO_L126,MAIO,Maio,126,2026-05-08 00:00:00,05343,60.0,207.0,12420.0,PLACA DE VÍDEO 4GB,DELTA-R7 350,GUILHERME,CASADA,-,DELTA,31,2026-05-08 00:00:00,2026-05-08 00:00:00,,,,,True,,,,,,,,,,,,
MAIO_L127,MAIO,Maio,127,2026-05-08 00:00:00,1127,50.0,690.0,34500.0,TRICICLO DRIFT 300W,-,YHAN,CASADA,-,TJS ENTERPRISES,31,2026-05-14 00:00:00,2026-05-14 00:00:00,,,,,True,,,,,,,,,,,,
MAIO_L128,MAIO,Maio,128,2026-05-08 00:00:00,50782,50.0,270.0,13500.0,I7 - 4770,I7-4770,CESAR,LICITAÇÃO,-,JANICE,31,2026-05-15 00:00:00,2026-05-15 00:00:00,,,,,True,,,,,,,,,,,,
MAIO_L129,MAIO,Maio,129,2026-05-08 00:00:00,15639,1000.0,118.0,118000.0,SSD 120GB,SSD 120,YHAN,ESTOQUE,-,MASTER DRIVE,31,2026-03-03 00:00:00,2026-06-03 00:00:00,,,,,True,,,,,,,,,,,,
MAIO_L130,MAIO,Maio,130,2026-05-08 00:00:00,15639,2000.0,159.0,318000.0,SSD 240GB,SSD 240,YHAN,ESTOQUE,-,MASTER DRIVE,31,ATRASADO,,,,,,False,,,,,,,,,,,,
MAIO_L131,MAIO,Maio,131,2026-05-08 00:00:00,15639,1000.0,345.0,345000.0,SSD 480GB,SSD 480,YHAN,ESTOQUE,-,MASTER DRIVE,31,ATRASADO,2026-06-15 00:00:00,,,,,True,,,,,,,,,,,,
MAIO_L132,MAIO,Maio,132,2026-05-08 00:00:00,917157,300.0,149.9,44970.0,MONITOR LED 20' TRONOS PRETO TRS-20WV 75HZ,61857,YHAN,ESTOQUE,-,POWER PC,31,2026-05-14 00:00:00,2026-05-19 00:00:00,,,,,True,,,,,,,,,,,,
MAIO_L133,MAIO,Maio,133,2026-05-11 00:00:00,04764,30.0,36.0,1080.0,FONE DE OUVIDO,ON-FN638,GUILHERME,CASADA,-,ONISTEK,31,2026-05-11 00:00:00,2026-05-11 00:00:00,,,,,True,,,,,,,,,,,,
MAIO_L134,MAIO,Maio,134,2026-05-11 00:00:00,04764,50.0,38.7,1935.0,FONE DE OUVIDO,KP-359,GUILHERME,CASADA,-,ONISTEK,31,2026-05-11 00:00:00,2026-05-11 00:00:00,,,,,True,,,,,,,,,,,,
MAIO_L135,MAIO,Maio,135,2026-05-11 00:00:00,04764,6.0,103.5,621.0,SUPORTE PARA MONITOR,ON-F90B,GUILHERME,CASADA,-,ONISTEK,31,2026-05-11 00:00:00,2026-05-11 00:00:00,,,,,True,,,,,,,,,,,,
MAIO_L136,MAIO,Maio,136,2026-05-11 00:00:00,04764,24.0,24.3,583.2,ESCORREDOR DE LOUÇA,ON-SM009,GUILHERME,CASADA,-,ONISTEK,31,2026-05-11 00:00:00,2026-05-11 00:00:00,,,,,True,,,,,,,,,,,,
MAIO_L137,MAIO,Maio,137,2026-05-11 00:00:00,04764,50.0,25.0,1250.0,MICROPHONE,ON-916,GUILHERME,CASADA,-,ONISTEK,31,2026-05-11 00:00:00,2026-05-11 00:00:00,,,,,True,,,,,,,,,,,,
MAIO_L138,MAIO,Maio,138,2026-05-11 00:00:00,07717,500.0,32.0,16000.0,MICRO SD 32GB,LB-CM32/B,ISAAC,ESTOQUE,-,KNUP,1,2026-05-11 00:00:00,2026-05-14 00:00:00,,,,,True,,,,,,,,,,,,
MAIO_L139,MAIO,Maio,139,2026-05-11 00:00:00,15587,10.0,179.9,1799.0,TORNEIRA GOURMET PRETA FOSCA 50CM COZINHA MONOCONAN,BOM-2378,ISAAC,CASADA,-,BOMVINK,1,2026-05-13 00:00:00,2026-05-18 00:00:00,,,,,True,,,,,,,,,,,,
MAIO_L140,MAIO,Maio,140,2026-05-11 00:00:00,6902,6.0,650.0,3900.0,I7 - 8700,I7-8700,PATRÍCIA,CASADA,-,JANICE,31,2026-05-13 00:00:00,2026-05-14 00:00:00,,,,,True,,,,,,,,,,,,
MAIO_L141,MAIO,Maio,141,2026-05-11 00:00:00,8146,27.0,102.0,2754.0,I5 - 4570,I5-4570,ISAAC,CASADA,-,GILCERMAR,31,2026-05-12 00:00:00,2026-05-14 00:00:00,,,,,True,,,,,,,,,,,,
MAIO_L142,MAIO,Maio,142,2026-05-11 00:00:00,8146,3.0,102.0,306.0,I5 - 4590,I5-4590,ISAAC,CASADA,-,GILCERMAR,31,2026-05-12 00:00:00,2026-05-14 00:00:00,,,,,True,,,,,,,,,,,,
MAIO_L143,MAIO,Maio,143,2026-05-11 00:00:00,15334,250.0,17.21,4302.5,CABO CFTV CAT6 20M,LE-316,YHAN,CASADA,-,IT BLUE,31,2026-05-13 00:00:00,2026-05-13 00:00:00,,,,,True,,,,,,,,,,,,
MAIO_L144,MAIO,Maio,144,2026-05-11 00:00:00,15334,50.0,10.04,502.0,CABO C/ MALHA HDTV VERSION 1.4,LE-6612-5M,YHAN,CASADA,-,IT BLUE,31,2026-05-13 00:00:00,2026-05-13 00:00:00,,,,,True,,,,,,,,,,,,
MAIO_L145,MAIO,Maio,145,2026-05-11 00:00:00,15334,200.0,2.7,540.0,CABO HDTV VERSION 1.4,LE-6613-1.0M,YHAN,CASADA,-,IT BLUE,31,2026-05-13 00:00:00,2026-05-13 00:00:00,,,,,True,,,,,,,,,,,,
MAIO_L146,MAIO,Maio,146,2026-05-11 00:00:00,15334,200.0,4.46,892.0,CABO DE ORÇA P/ RADIO,LE-22,YHAN,CASADA,-,IT BLUE,31,2026-05-13 00:00:00,2026-05-13 00:00:00,,,,,True,,,,,,,,,,,,
MAIO_L147,MAIO,Maio,147,2026-05-11 00:00:00,15334,50.0,13.95,697.5,SUPORTE UNIVERSAL P/ CELULAR,LE-021,YHAN,CASADA,-,IT BLUE,31,2026-05-13 00:00:00,2026-05-13 00:00:00,,,,,True,,,,,,,,,,,,
MAIO_L148,MAIO,Maio,148,2026-05-11 00:00:00,15334,24.0,54.87,1316.88,RADIO REPRODUTOR DO SOM (B),LE-602,YHAN,CASADA,-,IT BLUE,31,2026-05-13 00:00:00,2026-05-13 00:00:00,,,,,True,,,,,,,,,,,,
MAIO_L149,MAIO,Maio,149,2026-05-11 00:00:00,15334,100.0,70.5,7050.0,CARREGADOR PORTATIL POWER BANK 10000MAH PD20W,MAX-0562,YHAN,CASADA,-,IT BLUE,31,2026-05-13 00:00:00,2026-05-13 00:00:00,,,,,True,,,,,,,,,,,,
MAIO_L150,MAIO,Maio,150,2026-05-11 00:00:00,15334,100.0,5.58,558.0,CABO HDMI 90 GRAUS,LE-6625-1.8M,YHAN,CASADA,-,IT BLUE,31,2026-05-13 00:00:00,2026-05-13 00:00:00,,,,,True,,,,,,,,,,,,
MAIO_L151,MAIO,Maio,151,2026-05-11 00:00:00,15334,200.0,5.21,1042.0,FONE DE OUVIDO,LE-0201,YHAN,CASADA,-,IT BLUE,31,2026-05-13 00:00:00,2026-05-13 00:00:00,,,,,True,,,,,,,,,,,,
MAIO_L152,MAIO,Maio,152,2026-05-11 00:00:00,15334,200.0,5.39,1078.0,CABO CFTV CAT6 3M,LE-312,YHAN,CASADA,-,IT BLUE,31,2026-05-13 00:00:00,2026-05-13 00:00:00,,,,,True,,,,,,,,,,,,
MAIO_L153,MAIO,Maio,153,2026-05-11 00:00:00,-,40.0,78.0,3120.0,DDR3 8GB 1600MHZ MACROVIP DESKTOP BOX,DDR3 8GB,GUSTAVO,NINJA,-,MP COMPUTADORES,31,2026-05-12 00:00:00,,,,,,True,,,,,,,,,,,,
MAIO_L154,MAIO,Maio,154,2026-05-11 00:00:00,789399,300.0,84.997,25499.1,PLACA MÃE DXMBH61S M2 LGA1155 DDR3 ,H61,GUSTAVO,NINJA,-,DUEX,1,2026-05-20 00:00:00,2026-05-20 00:00:00,,,,,False,,,,,,,,,,,,
MAIO_L155,MAIO,Maio,155,2026-05-11 00:00:00,789399,300.0,89.0,26700.0,PLACA MÃE DXMBB75S M2 LGA1155 DDR3,B75,GUSTAVO,NINJA,-,DUEX,1,2026-05-20 00:00:00,,,,,,False,,,,,,,,,,,,
MAIO_L156,MAIO,Maio,156,2026-05-11 00:00:00,789399,1000.0,25.0,25000.0,FONTE VXPRO 230W - VX 230SE SEM CABO,VXPRO 230,YHAN,ESTOQUE,-,DUEX,1,2026-05-21 00:00:00,2026-05-25 00:00:00,,,,,True,,,,,,,,,,,,
MAIO_L157,MAIO,Maio,157,2026-05-11 00:00:00,08560,10.0,89.0,890.0,ESPELHO LED  COM ORGANIZADOR,OIH-5201,OSMAR,ESTOQUE,-,OASIS,31,2026-05-20 00:00:00,2026-05-20 00:00:00,,,,,True,,,,,,,,,,,,
MAIO_L158,MAIO,Maio,158,2026-05-12 00:00:00,04760,200.0,25.0,5000.0,MICROPHONE,ON-916,GUILHERME,CASADA,-,ONISTEK,31,2026-05-12 00:00:00,2026-05-12 00:00:00,,,,,True,,,,,,,,,,,,
MAIO_L159,MAIO,Maio,159,2026-05-12 00:00:00,516057,500.0,6.0,3000.0,ADAPTADOR USB WIFI 300MBPS,KA-T8188,OSMAR,ESTOQUE,-,KAPBOM,1,2026-05-12 00:00:00,2026-05-14 00:00:00,,,,,True,,,,,,,,,,,,
MAIO_L160,MAIO,Maio,160,2026-05-12 00:00:00,05448,60.0,207.0,12420.0,PLACA DE VÍDEO 4GB DDR3,DELTA-R7 350,GUILHERME,CASADA,-,DELTA,31,2026-05-12 00:00:00,2026-05-12 00:00:00,,,,,True,,,,,,,,,,,,
MAIO_L161,MAIO,Maio,161,2026-05-12 00:00:00,-,30.0,250.0,7500.0,DDR4 8GB NOT KINGSTON,DDR4 8GB,OSMAR,CASADA,-,JOICE,31,2026-05-13 00:00:00,?,,,,,True,,,,,,,,,,,,
MAIO_L162,MAIO,Maio,162,2026-05-12 00:00:00,1026,7.0,215.0,1505.0,MONITOR AX24',AX24,OSMAR,CASADA,-,HAOQING,31,2026-05-12 00:00:00,2026-05-14 00:00:00,,,,,True,,,,,,,,,,,,
MAIO_L163,MAIO,Maio,163,2026-05-12 00:00:00,1026,50.0,180.0,9000.0,MONITOR AX22',AX22,OSMAR,CASADA,-,HAOQING,31,2026-05-12 00:00:00,2026-05-14 00:00:00,,,,,True,,,,,,,,,,,,
MAIO_L164,MAIO,Maio,164,2026-05-12 00:00:00,293,50.0,245.0,12250.0,HD 1TB WD PURPLE,HD 1TB,ISAAC,CASADA,-,JAVACOMP,31,2026-05-22 00:00:00,2026-05-22 00:00:00,,,,,True,,,,,,,,,,,,
MAIO_L165,MAIO,Maio,165,2026-05-12 00:00:00,293,15.0,399.0,5985.0,HD 2TB WD PURPLE,HD 2TB,ISAAC,CASADA,-,JAVACOMP,31,2026-05-22 00:00:00,2026-05-22 00:00:00,,,,,True,,,,,,,,,,,,
MAIO_L166,MAIO,Maio,166,2026-05-12 00:00:00,07864,1000.0,78.0,78000.0,PLACA MÃE H61 LGA1155 100/1000MBPS,G-H61/S,YHAN,ESTOQUE,-,KNUP,31,2026-05-12 00:00:00,2026-05-14 00:00:00,,,,,True,,,,,,,,,,,,
MAIO_L167,MAIO,Maio,167,2026-05-12 00:00:00,07873,400.0,300.0,120000.0,PLACA MÃE H511 LGA 1200,G-H511,ISAAC,CASADA,-,KNUP,31,2026-05-19 00:00:00,2026-05-20 00:00:00,,,,,True,,,,,,,,,,,,
MAIO_L168,MAIO,Maio,168,2026-05-12 00:00:00,07874,1.0,269.0,269.0,FECHADURA DIGITAL C/ CAMERA,KP-CA609,OSMAR,CASADA,-,KNUP,31,2026-05-19 00:00:00,2026-05-20 00:00:00,,,,,True,,,,,,,,,,,,
MAIO_L169,MAIO,Maio,169,2026-05-12 00:00:00,1027,50.0,180.0,9000.0,MONITOR AX22',AX22,OSMAR,CASADA,-,HAOQING,31,2026-05-12 00:00:00,2026-05-14 00:00:00,,,,,True,,,,,,,,,,,,
MAIO_L170,MAIO,Maio,170,2026-05-12 00:00:00,1027,100.0,180.0,18000.0,MONITOR AX22',AX22,YHAN,CASADA,-,HAOQING,31,2026-05-12 00:00:00,2026-05-13 00:00:00,,,,,True,,,,,,,,,,,,
MAIO_L171,MAIO,Maio,171,2026-05-12 00:00:00,01466,20.0,195.3,3906.0,MULTIMIDIA AUTOMOTIVE,VPL-1020,OSMAR,CASADA,-,TORQUEHAMMER,1,2026-05-13 00:00:00,2026-05-15 00:00:00,,,,,True,,,,,,,,,,,,
MAIO_L172,MAIO,Maio,172,2026-05-12 00:00:00,01466,20.0,12.834,256.68,CAMERA DE RÉ (BORBOLETA),VPL-3031,OSMAR,CASADA,-,TORQUEHAMMER,1,2026-05-13 00:00:00,2026-05-15 00:00:00,,,,,True,,,,,,,,,,,,
MAIO_L173,MAIO,Maio,173,2026-05-12 00:00:00,01466,80.0,12.834,1026.72,CAMERA DE RÉ (BORBOLETA),VPL-3031,OSMAR,ESTOQUE,-,TORQUEHAMMER,1,2026-05-13 00:00:00,2026-05-15 00:00:00,,,,,True,,,,,,,,,,,,
MAIO_L174,MAIO,Maio,174,2026-05-12 00:00:00,917515,50.0,325.0,16250.0,PLACA MÃE DESK BRAZILPC 1200 BPC-H510PM,61715,CESAR,LICITAÇÃO,-,POWER PC,31,2026-05-14 00:00:00,2026-05-19 00:00:00,,,,,True,,,,,,,,,,,,
MAIO_L175,MAIO,Maio,175,2026-05-12 00:00:00,-,176.0,486.17,85565.92,DDR4 16GB 3200MHZ PC,DDR4 16GB,ISAAC,CASADA,-,POTENCIAL,31,2026-05-20 00:00:00,2026-05-20 00:00:00,,,,,True,,,,,,,,,,,,
MAIO_L176,MAIO,Maio,176,2026-05-12 00:00:00,003580,10.0,2200.0,22000.0,NOVA STAR VC6 PRO (BR),02637,NETO,-,-,NOVA STAR,31,2026-05-18 00:00:00,,,,,,False,,,,,,,,,,,,
MAIO_L177,MAIO,Maio,177,2026-05-12 00:00:00,003580,5.0,1955.1,9775.5,PLUG IN SENDING CARD M09100077,02638,NETO,-,-,NOVA STAR,31,2026-05-18 00:00:00,,,,,,False,,,,,,,,,,,,
MAIO_L178,MAIO,Maio,178,2026-05-12 00:00:00,003580,2.0,1949.91,3899.82,PLUG IN SENDING CARD M04020051,02639,NETO,-,-,NOVA STAR,31,2026-05-18 00:00:00,,,,,,False,,,,,,,,,,,,
MAIO_L179,MAIO,Maio,179,2026-05-12 00:00:00,003580,3.0,850.0,2550.0,PLUG IN SENDING CARD M09100083,02640,NETO,-,-,NOVA STAR,31,2026-05-18 00:00:00,,,,,,False,,,,,,,,,,,,
MAIO_L180,MAIO,Maio,180,2026-05-12 00:00:00,003580,4.0,1699.07,6796.28,PLUG IN SENDING CARD M09090023,02641,NETO,-,-,NOVA STAR,31,2026-05-18 00:00:00,,,,,,False,,,,,,,,,,,,
MAIO_L181,MAIO,Maio,181,2026-05-13 00:00:00,1028,40.0,180.0,7200.0,MONITOR AX22',AX22,GUILHERME,CASADA,-,HAOQING,31,2026-05-13 00:00:00,2026-05-13 00:00:00,,,,,True,,,,,,,,,,,,
MAIO_L182,MAIO,Maio,182,2026-05-13 00:00:00,1028,15.0,152.0,2280.0,MONITOR AX20',AX20,GUILHERME,CASADA,-,HAOQING,31,2026-05-13 00:00:00,2026-05-13 00:00:00,,,,,True,,,,,,,,,,,,
MAIO_L183,MAIO,Maio,183,2026-05-13 00:00:00,-,200.0,120.0,24000.0,SSD 120GB CRUCIAL,SSD 120GB,GUILHERME,CASADA,-,CHYBEN,31,2026-05-13 00:00:00,2026-05-13 00:00:00,,,,,True,,,,,,,,,,,,
MAIO_L184,MAIO,Maio,184,2026-05-13 00:00:00,-,400.0,120.0,48000.0,DDR4 4GB,DDR4 4GB,GUILHERME,CASADA,-,THIAGO VECCHI,31,2026-05-13 00:00:00,2026-05-13 00:00:00,,,,,True,,,,,,,,,,,,
MAIO_L185,MAIO,Maio,185,2026-05-13 00:00:00,-,50.0,500.0,25000.0,DDR4 16GB,DDR4 16GB,GUILHERME,CASADA,-,THIAGO VECCHI,31,2026-05-13 00:00:00,2026-05-13 00:00:00,,,,,True,,,,,,,,,,,,
MAIO_L186,MAIO,Maio,186,2026-05-13 00:00:00,663,500.0,90.0,45000.0,I5 - 4590,I5-4590,ISAAC,CASADA,-,GB IMPORTS,31,2026-05-14 00:00:00,,,,,,True,,,,,,,,,,,,
MAIO_L187,MAIO,Maio,187,2026-05-13 00:00:00,-,400.0,100.0,40000.0,DDR3 8GB 1600 NOTE,DDR3 8GB,ISAAC,CASADA,-,JOICE,31,2026-05-18 00:00:00,2026-05-18 00:00:00,,,,,True,,,,,,,,,,,,
MAIO_L188,MAIO,Maio,188,2026-05-13 00:00:00,-,400.0,250.0,100000.0,DDR4 8GB 2666 NOTE,DDR4 8GB,ISAAC,CASADA,-,JOICE,31,2026-05-18 00:00:00,2026-05-18 00:00:00,,,,,True,,,,,,,,,,,,
MAIO_L189,MAIO,Maio,189,2026-05-13 00:00:00,-,50.0,100.9,5045.0,BAT UNIPOWER 12V 12AH (UP12120) R,A21 12V 12AH,ISAAC,CASADA,-,UNIPOWER,31,2026-05-27 00:00:00,2026-05-28 00:00:00,,,,,True,,,,,,,,,,,,linha_duplicada_suspeita;
MAIO_L190,MAIO,Maio,190,2026-05-13 00:00:00,-,50.0,100.9,5045.0,BAT UNIPOWER 12V 12AH (UP12120) R,A21 12V 12AH,ISAAC,ESTOQUE,-,UNIPOWER,31,2026-05-27 00:00:00,2026-05-28 00:00:00,,,,,True,,,,,,,,,,,,linha_duplicada_suspeita;
MAIO_L191,MAIO,Maio,191,2026-05-13 00:00:00,-,200.0,54.62,10924.0,"BAT UNIPOWER 12V 7,0E (UP1270E) R",A21 12V 7AH E,YHAN,ESTOQUE,-,UNIPOWER,31,2026-05-27 00:00:00,2026-05-28 00:00:00,,,,,True,,,,,,,,,,,,
MAIO_L192,MAIO,Maio,192,2026-05-13 00:00:00,-,50.0,49.23,2461.5,"BAT UNIP 12V 5,0AH UP1250 O",A21 12V 5AH,YHAN,ESTOQUE,-,UNIPOWER,31,2026-05-27 00:00:00,2026-05-28 00:00:00,,,,,True,,,,,,,,,,,,
MAIO_L193,MAIO,Maio,193,2026-05-13 00:00:00,15949,4.0,499.9,1999.6,CHAVE DE IMPACTO 21V 1300 N.M,BOM-9971,OSMAR,REPRESENTANTE,J.BATISTA,BOMVINK,31,2026-05-13 00:00:00,2026-05-18 00:00:00,,,,,True,,,,,,,,,,,,
MAIO_L194,MAIO,Maio,194,2026-05-13 00:00:00,15949,5.0,109.9,549.5,JOGO DE SOQUETES 1/2POL. CATRACA REVERSILVEL 22PÇS,BOM-3918,OSMAR,REPRESENTANTE,J.BATISTA,BOMVINK,31,2026-05-13 00:00:00,2026-05-18 00:00:00,,,,,True,,,,,,,,,,,,
MAIO_L195,MAIO,Maio,195,2026-05-13 00:00:00,15949,36.0,12.9,464.4,MARTELO UNHA 500G,BOM-1002,OSMAR,REPRESENTANTE,J.BATISTA,BOMVINK,31,2026-05-13 00:00:00,2026-05-18 00:00:00,,,,,True,,,,,,,,,,,,
MAIO_L196,MAIO,Maio,196,2026-05-13 00:00:00,15949,60.0,12.9,774.0,"ALICATE DE CORTE ISOLACAO 8""",BOM-1644,OSMAR,REPRESENTANTE,J.BATISTA,BOMVINK,31,2026-05-13 00:00:00,2026-05-18 00:00:00,,,,,True,,,,,,,,,,,,
MAIO_L197,MAIO,Maio,197,2026-05-13 00:00:00,15949,10.0,89.9,899.0,ESMERILHADEIRA ANGULAR 850W 110V,BOM-9551,OSMAR,REPRESENTANTE,J.BATISTA,BOMVINK,31,2026-05-13 00:00:00,2026-05-18 00:00:00,,,,,True,,,,,,,,,,,,
MAIO_L198,MAIO,Maio,198,2026-05-13 00:00:00,15949,10.0,79.9,799.0,FURADEIRA DE IMPACTO 600W 10MM 110V,BOM-9669,OSMAR,REPRESENTANTE,J.BATISTA,BOMVINK,31,2026-05-13 00:00:00,2026-05-18 00:00:00,,,,,True,,,,,,,,,,,,
MAIO_L199,MAIO,Maio,199,2026-05-13 00:00:00,15949,10.0,99.9,999.0,FURADEIRA DE IMPACTO PROFISSIONAL 13MM 750W 127V,BOM-9671,OSMAR,REPRESENTANTE,J.BATISTA,BOMVINK,31,2026-05-13 00:00:00,2026-05-18 00:00:00,,,,,True,,,,,,,,,,,,
MAIO_L200,MAIO,Maio,200,2026-05-13 00:00:00,15949,6.0,229.9,1379.4,SOPRADOR DE FOLHAS BRUSHILESS 21V,BOM-9744,OSMAR,REPRESENTANTE,J.BATISTA,BOMVINK,31,2026-05-13 00:00:00,2026-05-18 00:00:00,,,,,True,,,,,,,,,,,,
MAIO_L201,MAIO,Maio,201,2026-05-13 00:00:00,15949,20.0,79.9,1598.0,PARAFUSADERIA BATERIA 21V,BOM-9961,OSMAR,REPRESENTANTE,J.BATISTA,BOMVINK,31,2026-05-13 00:00:00,2026-05-18 00:00:00,,,,,True,,,,,,,,,,,,
MAIO_L202,MAIO,Maio,202,2026-05-13 00:00:00,15949,144.0,2.9,417.6,SUPORTE TIPO CANTONEIRA GAVALNIZADA 13*13M,BOM-5340,OSMAR,REPRESENTANTE,J.BATISTA,BOMVINK,31,2026-05-13 00:00:00,2026-05-18 00:00:00,,,,,True,,,,,,,,,,,,
MAIO_L203,MAIO,Maio,203,2026-05-13 00:00:00,15949,200.0,5.8,1160.0,JOGO DE PONTAS MONTADOS 5PCS ,BOM-5659,OSMAR,REPRESENTANTE,J.BATISTA,BOMVINK,31,2026-05-13 00:00:00,2026-05-18 00:00:00,,,,,True,,,,,,,,,,,,
MAIO_L204,MAIO,Maio,204,2026-05-13 00:00:00,15949,100.0,7.9,790.0,BICO DE ESGUICHO DE ALTA PRESSAO PARA MANGUEIRA DE LAVAGEM,BOM-7615,OSMAR,REPRESENTANTE,J.BATISTA,BOMVINK,31,2026-05-13 00:00:00,2026-05-18 00:00:00,,,,,True,,,,,,,,,,,,
MAIO_L205,MAIO,Maio,205,2026-05-13 00:00:00,15949,200.0,10.9,2180.0,REGISTRO VALVULA DE GAS ESFERICA RETA ROSCA 1/2 MACHO * 3/8,BOM-2253,OSMAR,REPRESENTANTE,J.BATISTA,BOMVINK,31,2026-05-13 00:00:00,2026-05-18 00:00:00,,,,,True,,,,,,,,,,,,
MAIO_L206,MAIO,Maio,206,2026-05-13 00:00:00,15949,40.0,22.9,916.0,"ALICATE BOMBA DAGUA 12""",BOM-1621,OSMAR,REPRESENTANTE,J.BATISTA,BOMVINK,31,2026-05-13 00:00:00,2026-05-18 00:00:00,,,,,True,,,,,,,,,,,,
MAIO_L207,MAIO,Maio,207,2026-05-13 00:00:00,15949,60.0,7.9,474.0,CHAVE EXTRATOR DE CORRENTE,BOM-1538,OSMAR,REPRESENTANTE,J.BATISTA,BOMVINK,31,2026-05-13 00:00:00,2026-05-18 00:00:00,,,,,True,,,,,,,,,,,,
MAIO_L208,MAIO,Maio,208,2026-05-13 00:00:00,15949,200.0,6.9,1380.0,BICO GRAXEIRO APLICADOR DE GRAXA PARA PISTOLA LUBRIFICACAO,BOM-1663,OSMAR,REPRESENTANTE,J.BATISTA,BOMVINK,31,2026-05-13 00:00:00,2026-05-18 00:00:00,,,,,True,,,,,,,,,,,,
MAIO_L209,MAIO,Maio,209,2026-05-13 00:00:00,8480,173.0,89.5,15483.5,I5 - 4570,I5-4570,ISAAC,ESTOQUE,-,CPU MASTER,31,2026-05-20 00:00:00,2026-05-20 00:00:00,,,,,True,,,,,,,,,,,,
MAIO_L210,MAIO,Maio,210,2026-05-13 00:00:00,8480,354.0,89.5,31683.0,I5 - 4590,I5-4590,ISAAC,ESTOQUE,-,CPU MASTER,31,2026-05-21 00:00:00,2026-05-21 00:00:00,,,,,True,,,,,,,,,,,,
MAIO_L211,MAIO,Maio,211,2026-05-13 00:00:00,8480,16.0,89.5,1432.0,I5 - 4670,I5-4670,ISAAC,ESTOQUE,-,CPU MASTER,31,2026-05-21 00:00:00,2026-05-21 00:00:00,,,,,True,,,,,,,,,,,,
MAIO_L212,MAIO,Maio,212,2026-05-13 00:00:00,8480,21.0,89.5,1879.5,I5 - 4690,I5-4690,ISAAC,ESTOQUE,-,CPU MASTER,31,2026-05-21 00:00:00,,,,,,False,,,,,,,,,,,,
MAIO_L213,MAIO,Maio,213,2026-05-13 00:00:00,-,120.0,18.0,2160.0,PASTA PARA NOTEBOOK,DNB-5,YHAN,CASADA,-,HWJ,31,2026-05-14 00:00:00,2026-05-18 00:00:00,,,,,True,,,,,,,,,,,,
MAIO_L214,MAIO,Maio,214,2026-05-13 00:00:00,05500,40.0,468.0,18720.0,PLACA DE VÍDEO GTX750TI 4GB DDR5,DELTA-GTX750TI,CESAR,LICITAÇÃO,-,DELTA,1,2026-05-14 00:00:00,2026-05-18 00:00:00,,,,,True,,,,,,,,,,,,
MAIO_L215,MAIO,Maio,215,2026-05-13 00:00:00,003597,10.0,450.0,4500.0,NOVA STAR ALL IN ONE CONTROLLER VC2(PT),02621,NETO,-,-,NOVA STAR,31,2026-05-18 00:00:00,,,,,,False,,,,,,,,,,,,
MAIO_L216,MAIO,Maio,216,2026-05-13 00:00:00,003597,7.0,3279.9,22959.3,NOVA STAR VX1000 PRO,02622,NETO,-,-,NOVA STAR,31,2026-05-18 00:00:00,,,,,,False,,,,,,,,,,,,
MAIO_L217,MAIO,Maio,217,2026-05-13 00:00:00,003597,3.0,545.0,1635.0,NOVA STAR H2,02624,NETO,-,-,NOVA STAR,31,2026-05-18 00:00:00,,,,,,False,,,,,,,,,,,,
MAIO_L218,MAIO,Maio,218,2026-05-13 00:00:00,003597,30.0,545.0,16350.0,NOVA STAR MCTRL300,02625,NETO,-,-,NOVA STAR,31,2026-05-18 00:00:00,,,,,,False,,,,,,,,,,,,
MAIO_L219,MAIO,Maio,219,2026-05-13 00:00:00,003597,3.0,2105.0,6315.0,NOVA STAR VX600 PRO,02626,NETO,-,-,NOVA STAR,31,2026-05-18 00:00:00,,,,,,False,,,,,,,,,,,,
MAIO_L220,MAIO,Maio,220,2026-05-13 00:00:00,003598,1.0,2749.9,2749.9,NOVA STAR CVT10-M,02627,NETO,-,-,NOVA STAR,31,2026-05-18 00:00:00,,,,,,False,,,,,,,,,,,,
MAIO_L221,MAIO,Maio,221,2026-05-13 00:00:00,003598,2.0,4679.9,9359.8,NOVA STAR VC2000 PRO,02628,NETO,-,-,NOVA STAR,31,2026-05-18 00:00:00,,,,,,False,,,,,,,,,,,,
MAIO_L222,MAIO,Maio,222,2026-05-13 00:00:00,003598,38.0,587.5,22325.0,NOVA STAR T40,02629,NETO,-,-,NOVA STAR,31,2026-05-18 00:00:00,,,,,,False,,,,,,,,,,,,
MAIO_L223,MAIO,Maio,223,2026-05-13 00:00:00,003599,1.0,1789.9,1789.9,NOVA STAR VX400 PRO,02632,NETO,-,-,NOVA STAR,31,2026-05-18 00:00:00,,,,,,False,,,,,,,,,,,,
MAIO_L224,MAIO,Maio,224,2026-05-13 00:00:00,003599,8.0,1019.9,8159.2,NOVA STAR TB60,02633,NETO,-,-,NOVA STAR,31,2026-05-18 00:00:00,,,,,,False,,,,,,,,,,,,
MAIO_L225,MAIO,Maio,225,2026-05-13 00:00:00,003599,10.0,400.0,4000.0,NOVA STAR TB20 PLUS,02634,NETO,-,-,NOVA STAR,31,2026-05-18 00:00:00,,,,,,False,,,,,,,,,,,,
MAIO_L226,MAIO,Maio,226,2026-05-13 00:00:00,003599,25.0,1019.9,25497.5,NOVA STAR VC4,02635,NETO,-,-,NOVA STAR,31,2026-05-18 00:00:00,,,,,,False,,,,,,,,,,,,
MAIO_L227,MAIO,Maio,227,2026-05-13 00:00:00,003599,6.0,739.9,4439.4,NOVA STAR VC4S,02636,NETO,-,-,NOVA STAR,31,2026-05-18 00:00:00,,,,,,False,,,,,,,,,,,,
MAIO_L228,MAIO,Maio,228,2026-05-14 00:00:00,917779,100.0,189.9,18990.0,MONITOR LED 21.5 BRAZILPC 22WR-75 FHD 75HZ PRETO,61289,YHAN,CASADA,-,POWER PC,31,2026-05-20 00:00:00,2026-05-25 00:00:00,,,,,True,,,,,,,,,,,,
MAIO_L229,MAIO,Maio,229,2026-05-14 00:00:00,917779,50.0,189.9,9495.0,MONITOR LED 21.5 BRAZILPC 22WR-75 FHD 75HZ PRETO,61289,ISAAC,CASADA,-,POWER PC,31,2026-05-20 00:00:00,,,,,,False,,,,,,,,,,,,
MAIO_L230,MAIO,Maio,230,2026-05-14 00:00:00,-,238.0,282.0,67116.0,DDR4 8GB 3200MHZ PC,DDR4 8GB,ISAAC,CASADA,-,POTENCIAL,31,2026-05-22 00:00:00,2026-05-22 00:00:00,,,,,True,,,,,,,,,,,,
MAIO_L231,MAIO,Maio,231,2026-05-14 00:00:00,05522,32.0,135.0,4320.0,SWITCH POE 8+2+1,ATS-1082,ISAAC,CASADA,-,AITEK,1,2026-05-14 00:00:00,2026-05-18 00:00:00,,,,,True,,,,,,,,,,,,linha_duplicada_suspeita;
MAIO_L232,MAIO,Maio,232,2026-05-14 00:00:00,05522,32.0,135.0,4320.0,SWITCH POE 8+2+1,ATS-1082,ISAAC,ESTOQUE,-,AITEK,1,2026-05-14 00:00:00,2026-05-18 00:00:00,,,,,True,,,,,,,,,,,,linha_duplicada_suspeita;
MAIO_L233,MAIO,Maio,233,2026-05-14 00:00:00,-,100.0,28.0,2800.0,FONTE LENOVO NOTEBOOK DE-08,DE-08,YHAN,ESTOQUE,-,JULIANA SAM,31,2026-05-19 00:00:00,2026-05-19 00:00:00,,,,,True,,,,,,,,,,,,
MAIO_L234,MAIO,Maio,234,2026-05-14 00:00:00,-,100.0,21.0,2100.0,FONTE LENOVO NOTEBOOK AC-05,AL-05,YHAN,ESTOQUE,-,JULIANA SAM,31,2026-05-19 00:00:00,2026-05-19 00:00:00,,,,,True,,,,,,,,,,,,
MAIO_L235,MAIO,Maio,235,2026-05-14 00:00:00,-,100.0,38.0,3800.0,FONTE LENOVO NOTEBOOK LE-13,LE-13,YHAN,ESTOQUE,-,JULIANA SAM,31,2026-05-19 00:00:00,2026-05-19 00:00:00,,,,,True,,,,,,,,,,,,
MAIO_L236,MAIO,Maio,236,2026-05-14 00:00:00,-,100.0,30.0,3000.0,FONTE LENOVO NOTEBOOK LE-12,LE-12,YHAN,ESTOQUE,-,JULIANA SAM,31,2026-05-19 00:00:00,2026-05-19 00:00:00,,,,,True,,,,,,,,,,,,
MAIO_L237,MAIO,Maio,237,2026-05-14 00:00:00,15907,100.0,6.51,651.0,CABO ACHTADO/MALHA HDTV VERSION 1.4,LE-6614-1.8M,YHAN,CASADA,-,IT BLUE,1,2026-05-15 00:00:00,2026-05-19 00:00:00,,,,,True,,,,,,,,,,,,
MAIO_L238,MAIO,Maio,238,2026-05-14 00:00:00,05535,50.0,85.5,4275.0,FONTE DE ALIMENTAÇÃO PC 200W,DELTA-EF500,ISAAC,CASADA,-,DELTA,31,2026-05-18 00:00:00,2026-05-18 00:00:00,,,,,True,,,,,,,,,,,,
MAIO_L239,MAIO,Maio,239,2026-05-14 00:00:00,-,300.0,38.0,11400.0,FONTE LENOVO NOTEBOOK LE-13,LE-13,GUILHERME,CASADA,-,JULIANA SAM,31,2026-05-18 00:00:00,2026-05-18 00:00:00,,,,,True,,,,,,,,,,,,
MAIO_L240,MAIO,Maio,240,2026-05-14 00:00:00,15907,100.0,5.115,511.5,CABO VGA+VGA 1.8M,LE-12,YHAN,CASADA,-,IT BLUE,1,2026-05-15 00:00:00,2026-05-19 00:00:00,,,,,True,,,,,,,,,,,,
MAIO_L241,MAIO,Maio,241,2026-05-14 00:00:00,15907,200.0,17.205,3441.0,CABO CGTV CAT6 20M,LE-316,YHAN,CASADA,-,IT BLUE,1,2026-05-15 00:00:00,2026-05-19 00:00:00,,,,,True,,,,,,,,,,,,
MAIO_L242,MAIO,Maio,242,2026-05-14 00:00:00,668,160.0,92.0,14720.0,I5 - 4570,I5-4570,GUSTAVO,NINJA,-,GB IMPORTS,31,2026-05-15 00:00:00,,,,,,True,,,,,,,,,,,,
MAIO_L243,MAIO,Maio,243,2026-05-14 00:00:00,-,200.0,120.0,24000.0,DDR4 4GB,DDR4 4GB,GUILHERME,CASADA,-,THIAGO VECCHI,31,2026-05-13 00:00:00,2026-05-15 00:00:00,,,,,True,,,,,,,,,,,,linha_duplicada_suspeita;
MAIO_L244,MAIO,Maio,244,2026-05-14 00:00:00,16110,8.0,329.9,2639.2,SOPRADOR A GASOLINA 26CC,BOM-9206,YHAN,CASADA,-,BOMVINK,31,2026-05-15 00:00:00,2026-05-15 00:00:00,,,,,True,,,,,,,,,,,,
MAIO_L245,MAIO,Maio,245,2026-05-14 00:00:00,16111,30.0,139.9,4197.0,SERRA MÁRMORE 1200W 110V,BOM-9549,YHAN,CASADA,-,BOMVINK,31,2026-05-15 00:00:00,2026-05-15 00:00:00,,,,,True,,,,,,,,,,,,
MAIO_L246,MAIO,Maio,246,2026-05-14 00:00:00,16111,24.0,139.9,3357.6,SERRA MÁRMORE 1200W 220V,BOM-9550,YHAN,CASADA,-,BOMVINK,31,2026-05-15 00:00:00,2026-05-15 00:00:00,,,,,True,,,,,,,,,,,,
MAIO_L247,MAIO,Maio,247,2026-05-14 00:00:00,16111,40.0,17.9,716.0,KIT DE CHAVES SOQUETES 40PCS 1/4 E 3/8,BOM-3906,YHAN,CASADA,-,BOMVINK,31,2026-05-15 00:00:00,2026-05-15 00:00:00,,,,,True,,,,,,,,,,,,
MAIO_L248,MAIO,Maio,248,2026-05-14 00:00:00,16111,90.0,53.9,4851.0,JOGO DE FERRAMENTAS 200PCS,BOM-3915,YHAN,CASADA,-,BOMVINK,31,2026-05-15 00:00:00,2026-05-15 00:00:00,,,,,True,,,,,,,,,,,,
MAIO_L249,MAIO,Maio,249,2026-05-14 00:00:00,-,10.0,320.0,3200.0,SDD 240GB ,-,PATRÍCIA,CASADA,-,NJS,31,2026-05-15 00:00:00,2026-05-15 00:00:00,,,,,True,,,,,,,,,,,,
MAIO_L250,MAIO,Maio,250,2026-05-14 00:00:00,-,3.0,779.0,2337.0,NV3 1TB,-,YHAN,CASADA,-,NJS,31,2026-05-18 00:00:00,2026-05-18 00:00:00,,,,,True,,,,,,,,,,,,
MAIO_L251,MAIO,Maio,251,2026-05-14 00:00:00,1132,50.0,685.0,34250.0,TRICICLO DRIFT 300W,-,YHAN,CASADA,-,TJS ENTERPRISES,31,2026-05-18 00:00:00,2026-05-18 00:00:00,,,,,True,,,,,,,,,,,,
MAIO_L252,MAIO,Maio,252,2026-05-14 00:00:00,1132,10.0,685.0,6850.0,TRICICLO DRIFT 300W,-,NETO,SHOWROOM,-,TJS ENTERPRISES,31,2026-05-18 00:00:00,2026-05-18 00:00:00,,,,,True,,,,,,,,,,,,
MAIO_L253,MAIO,Maio,253,2026-05-14 00:00:00,-,20.0,92.0,1840.0,I5 - 4440,I5440,YHAN,ESTOQUE,-,THIAGO VECCHI,31,2026-05-26 00:00:00,2026-05-27 00:00:00,,,,,True,,,,,,,,,,,,
MAIO_L254,MAIO,Maio,254,2026-05-14 00:00:00,-,23.0,92.0,2116.0,I5 - 4460,I54460,YHAN,ESTOQUE,-,THIAGO VECCHI,31,2026-05-26 00:00:00,2026-05-27 00:00:00,,,,,True,,,,,,,,,,,,
MAIO_L255,MAIO,Maio,255,2026-05-14 00:00:00,-,77.0,92.0,7084.0,I5 - 4570,I54570,YHAN,ESTOQUE,-,THIAGO VECCHI,31,2026-05-26 00:00:00,2026-05-27 00:00:00,,,,,True,,,,,,,,,,,,
MAIO_L256,MAIO,Maio,256,2026-05-15 00:00:00,08099,60.0,23.0,1380.0,CAIXA DE SOM MULTIMIDIA 2.0 CANAIS VOLUME,KP-RO823,YHAN,CASADA,-,KNUP,31,2026-05-19 00:00:00,2026-05-20 00:00:00,,,,,True,,,,,,,,,,,,
MAIO_L257,MAIO,Maio,257,2026-05-15 00:00:00,08099,40.0,23.0,920.0,CAIXA DE SOM MULTIMIDIA 2.0 CANAIS VOLUME,KP-RO823,YHAN,ESTOQUE,-,KNUP,31,2026-05-19 00:00:00,2026-05-21 00:00:00,,,,,True,,,,,,,,,,,,
MAIO_L258,MAIO,Maio,258,2026-05-15 00:00:00,917933,20.0,189.9,3798.0,MONITOR LED 21.5 BRAZILPC 22WR-75 FHD 75HZ PRETO,61289,ISAAC,CASADA,-,POWER PC,31,2026-05-20 00:00:00,,,,,,False,,,,,,,,,,,,
MAIO_L259,MAIO,Maio,259,2026-05-15 00:00:00,-,100.0,26.0,2600.0,FONTE LENOVO NOTEBOOK DE-01,DE-01,GUILHERME,CASADA,-,JULIANA SAM,31,2026-05-18 00:00:00,2026-05-18 00:00:00,,,,,True,,,,,,,,,,,,
MAIO_L260,MAIO,Maio,260,2026-05-15 00:00:00,917939,300.0,42.9,12870.0,GAB. MATX BRAZILPC BPC-N110 S/ FONTE ,50537,YHAN,CASADA,-,POWER PC,31,2026-05-20 00:00:00,2026-05-18 00:00:00,,,,,True,,,,,,,,,,,,
MAIO_L261,MAIO,Maio,261,2026-05-15 00:00:00,08135,15.0,143.0,2145.0,CAMERA IP WIRELESS 2 ANTENAS 5DBI,KP-CA209,OSMAR,CASADA,-,KNUP,31,2026-05-19 00:00:00,2026-05-21 00:00:00,,,,,True,,,,,,,,,,,,
MAIO_L262,MAIO,Maio,262,2026-05-15 00:00:00,08135,3.0,143.0,429.0,CAMERA IP WIRELESS 2 ANTENAS 5DBI,KP-CA209,OSMAR,ESTOQUE,-,KNUP,31,2026-05-19 00:00:00,2026-05-21 00:00:00,,,,,True,,,,,,,,,,,,
MAIO_L263,MAIO,Maio,263,2026-05-15 00:00:00,16323,24.0,26.9,645.6,KIT JOGO DE CHAVES CATRACA SOQUETE 46 PCS,BOM-3905,ISAAC,CASADA,-,BOMVINK,1,2026-05-20 00:00:00,2026-05-26 00:00:00,,,,,True,,,,,,,,,,,,
MAIO_L264,MAIO,Maio,264,2026-05-15 00:00:00,16311,2.0,139.9,279.8,SERRA MÁRMORE 1200W 110V,BOM-9549,YHAN,CASADA,-,BOMVINK,1,2026-05-20 00:00:00,2026-05-26 00:00:00,,,,,True,,,,,,,,,,,,
MAIO_L265,MAIO,Maio,265,2026-05-15 00:00:00,16311,4.0,139.9,559.6,SERRA MÁRMORE 1200W 110V,BOM-9549,YHAN,ESTOQUE,-,BOMVINK,1,2026-05-20 00:00:00,2026-05-26 00:00:00,,,,,True,,,,,,,,,,,,
MAIO_L266,MAIO,Maio,266,2026-05-15 00:00:00,-,15.0,44.04,660.6,SUPORTE PROJETOR COM GARRA ,-,GLEY,LICITAÇÃO,-,MERCADO LIVRE,1,2026-05-19 00:00:00,2026-05-19 00:00:00,,,,,True,,,,,,,,,,,,
MAIO_L267,MAIO,Maio,267,2026-05-15 00:00:00,-,4.0,355.3,1421.2,LAVADORA DE ALTA PRESSÃO 1600 220V,-,GLEY,LICITAÇÃO,-,MERCADO LIVRE,1,2026-05-25 00:00:00,2026-05-26 00:00:00,,,,,True,,,,,,,,,,,,
MAIO_L268,MAIO,Maio,268,2026-05-18 00:00:00,08236,600.0,58.0,34800.0,FONTE DE ALIMENTAÇÃO PC 500W,KP-522,YHAN,ESTOQUE,-,KNUP,31,2026-05-19 00:00:00,2026-05-21 00:00:00,,,,,True,,,,,,,,,,,,
MAIO_L269,MAIO,Maio,269,2026-05-18 00:00:00,08304,100.0,243.0,24300.0,PLACA MÃE A320 PC,G-A320,YHAN,CASADA,-,KNUP,31,2026-05-19 00:00:00,2026-05-21 00:00:00,,,,,True,,,,,,,,,,,,
MAIO_L270,MAIO,Maio,270,2026-05-18 00:00:00,-,15.0,550.0,8250.0,DDR4 16GB,DDR4 16GB,MIGUEL,ESTOQUE,-,AZUL PAPEL,31,2026-05-12 00:00:00,,,,,,True,,,,,,,,,,,,
MAIO_L271,MAIO,Maio,271,2026-05-18 00:00:00,08364,150.0,15.3,2295.0,PLACA MÃE RJ45 PC,KP-T90B,YHAN,ESTOQUE,-,KNUP,31,2026-05-21 00:00:00,2026-05-21 00:00:00,,,,,True,,,,,,,,,,,,
MAIO_L272,MAIO,Maio,272,2026-05-18 00:00:00,08364,50.0,15.3,765.0,PLACA MÃE RJ45 PC,KP-T90B,YHAN,CASADA,-,KNUP,31,2026-05-21 00:00:00,2026-05-21 00:00:00,,,,,True,,,,,,,,,,,,
MAIO_L273,MAIO,Maio,273,2026-05-18 00:00:00,918273,8.0,785.85,6286.8,PROJETOR BRAZILPC BPC-1080P M-18W 5000 LUMENS PRETO/BRANCO,52064,CESAR,LICITAÇÃO,-,POWER PC,31,2026-05-20 00:00:00,2026-05-21 00:00:00,,,,,True,,,,,,,,,,,,
MAIO_L274,MAIO,Maio,274,2026-05-18 00:00:00,-,50.0,60.995,3049.75,NIGHTCMOAMREBO GAMER NIGHTMARE-TECLADO/MOUSE/HEADSET/MOUSEPAD - CLANM,CL-CJ01,GUILHERME,CASADA,-,POTENCIAL,31,2026-05-27 00:00:00,2026-05-27 00:00:00,,,,,True,,,,,,,,,,,,
MAIO_L275,MAIO,Maio,275,2026-05-18 00:00:00,16491,2.0,279.9,559.8,TENDA DOBRAVEL SANFONADA 3M*3M,BOM-7740,ISAAC,CASADA,-,BOMVINK,31,2026-05-20 00:00:00,2026-05-26 00:00:00,,,,,True,,,,,,,,,,,,
MAIO_L276,MAIO,Maio,276,2026-05-18 00:00:00,16491,10.0,119.9,1199.0,PARAFUSADERIA BATERIA 21V,BOM-9969,ISAAC,CASADA,-,BOMVINK,31,2026-05-20 00:00:00,2026-05-26 00:00:00,,,,,True,,,,,,,,,,,,
MAIO_L277,MAIO,Maio,277,2026-05-18 00:00:00,0001,500.0,23.0,11500.0,LICENÇA WINDOWS 10 PRO SELO,-,ISAAC,CASADA,-,ALESSANDRA,1,2026-05-22 00:00:00,,,,,,True,,,,,,,,,,,,
MAIO_L278,MAIO,Maio,278,2026-05-18 00:00:00,0001,300.0,28.0,8400.0,LICENÇA WINDOWS 11 PRO SELO,-,ISAAC,CASADA,-,ALESSANDRA,1,2026-05-22 00:00:00,,,,,,True,,,,,,,,,,,,
MAIO_L279,MAIO,Maio,279,2026-05-18 00:00:00,-,20.0,538.54,10770.8,"HD EXT. 2TB TOSHIBA CANVIO BASICS 2.5"" USB 3.2 PRETO",-,CESAR,LICITAÇÃO,-,PARAGUAI,31,2026-06-01 00:00:00,2026-06-02 00:00:00,,,,,True,,,,,,,,,,,,
MAIO_L280,MAIO,Maio,280,2026-05-18 00:00:00,-,40.0,396.5,15860.0,HD SATA3 1TB WESTERN DIGITAL WD BLUE 7200RPM 64MB WD10EZEX,-,CESAR,LICITAÇÃO,-,PARAGUAI,31,2026-06-01 00:00:00,2026-06-02 00:00:00,,,,,True,,,,,,,,,,,,
MAIO_L281,MAIO,Maio,281,2026-05-18 00:00:00,-,40.0,25.0,1000.0,GRAVADOR E LEITOR DE CD E DVD - SATA,-,CESAR,LICITAÇÃO,-,ART SOLUTION,31,2026-05-20 00:00:00,2026-05-26 00:00:00,,,,,True,,,,,,,,,,,,
MAIO_L282,MAIO,Maio,282,2026-05-18 00:00:00,16577,60.0,12.99,779.4,"SERROTE CABO 22""",BOM-1532,OSMAR,REPRESENTANTE,J. BATISTA,BOMVINK,31,2026-05-20 00:00:00,2026-05-25 00:00:00,,,,,True,,,,,,,,,,,,
MAIO_L283,MAIO,Maio,283,2026-05-18 00:00:00,16577,60.0,15.9,954.0,CORTADOR DE TUBOS PVC MANUAL-42MM,BOM-1625,OSMAR,REPRESENTANTE,J. BATISTA,BOMVINK,31,2026-05-20 00:00:00,2026-05-25 00:00:00,,,,,True,,,,,,,,,,,,
MAIO_L284,MAIO,Maio,284,2026-05-18 00:00:00,16577,60.0,18.99,1139.4,JOGO DE 3 BROCA ESCALONADA,BOM-5021,OSMAR,REPRESENTANTE,J. BATISTA,BOMVINK,31,2026-05-20 00:00:00,2026-05-25 00:00:00,,,,,True,,,,,,,,,,,,
MAIO_L285,MAIO,Maio,285,2026-05-18 00:00:00,16577,400.0,6.99,2796.0,KIT 5 PÇS LAMINA DE SERRA TICO-TICO 152MM,BOM-5134,OSMAR,REPRESENTANTE,J. BATISTA,BOMVINK,31,2026-05-20 00:00:00,2026-05-25 00:00:00,,,,,True,,,,,,,,,,,,
MAIO_L286,MAIO,Maio,286,2026-05-18 00:00:00,16577,480.0,2.5,1200.0,SOLDA EM FIO ESTANHO 1MM,BOM-5587,OSMAR,REPRESENTANTE,J. BATISTA,BOMVINK,31,2026-05-20 00:00:00,2026-05-25 00:00:00,,,,,True,,,,,,,,,,,,
MAIO_L287,MAIO,Maio,287,2026-05-18 00:00:00,16577,200.0,5.9,1180.0,AFIADOR DE BROCAS TIPO BARRA PARA FURADEIRA 2-12.5MM,BOM-5644,OSMAR,REPRESENTANTE,J. BATISTA,BOMVINK,31,2026-05-20 00:00:00,2026-05-25 00:00:00,,,,,True,,,,,,,,,,,,
MAIO_L288,MAIO,Maio,288,2026-05-18 00:00:00,16577,100.0,12.8,1280.0,FERRO DE SOLDAR 127V-30W,BOM-9513,OSMAR,REPRESENTANTE,J. BATISTA,BOMVINK,31,2026-05-20 00:00:00,2026-05-25 00:00:00,,,,,True,,,,,,,,,,,,
MAIO_L289,MAIO,Maio,289,2026-05-18 00:00:00,16577,10.0,79.9,799.0,FURADEIRA DE IMPACTO 600W 10MM 110V,BOM-9669,OSMAR,REPRESENTANTE,J. BATISTA,BOMVINK,31,2026-05-20 00:00:00,2026-05-25 00:00:00,,,,,True,,,,,,,,,,,,
MAIO_L290,MAIO,Maio,290,2026-05-18 00:00:00,16577,240.0,2.99,717.6,"PINCEL TRINCHA PARA PINTURA PINTAR 3""",BOM-7532,OSMAR,REPRESENTANTE,J. BATISTA,BOMVINK,31,2026-05-20 00:00:00,2026-05-25 00:00:00,,,,,True,,,,,,,,,,,,
MAIO_L291,MAIO,Maio,291,2026-05-18 00:00:00,16577,50.0,9.9,495.0,ESGUICHO PARA MANGUEIRA 5 JATOS,BOM-7607,OSMAR,REPRESENTANTE,J. BATISTA,BOMVINK,31,2026-05-20 00:00:00,2026-05-25 00:00:00,,,,,True,,,,,,,,,,,,
MAIO_L292,MAIO,Maio,292,2026-05-18 00:00:00,16577,100.0,8.99,899.0,TORNEIRA PARA TANQUE ALONGADA 15CM INXO,BOM-2065,OSMAR,REPRESENTANTE,J. BATISTA,BOMVINK,31,2026-05-20 00:00:00,2026-05-25 00:00:00,,,,,True,,,,,,,,,,,,
MAIO_L293,MAIO,Maio,293,2026-05-18 00:00:00,16542,200.0,3.9,780.0,FITA ACRILICA DUPLA FACE 1.8*200CM,BOM-1301,OSMAR,REPRESENTANTE,J. BATISTA,BOMVINK,31,2026-05-20 00:00:00,2026-05-25 00:00:00,,,,,True,,,,,,,,,,,,
MAIO_L294,MAIO,Maio,294,2026-05-18 00:00:00,16542,144.0,7.99,1150.56,CANIVETE SUICO COM 15 FUNCOES,BOM-1517,OSMAR,REPRESENTANTE,J. BATISTA,BOMVINK,31,2026-05-20 00:00:00,2026-05-25 00:00:00,,,,,True,,,,,,,,,,,,
MAIO_L295,MAIO,Maio,295,2026-05-18 00:00:00,16542,60.0,11.8,708.0,MANDRIL C/ CHAVE 1/2*20F ROSCA,BOM-5016,OSMAR,REPRESENTANTE,J. BATISTA,BOMVINK,31,2026-05-20 00:00:00,2026-05-25 00:00:00,,,,,True,,,,,,,,,,,,
MAIO_L296,MAIO,Maio,296,2026-05-18 00:00:00,16542,200.0,8.9,1780.0,JOGO DE PONTAS PHILLPS PH2 P/ IMPACTO-AÇO S2 10 PÇS,BOM-5040,OSMAR,REPRESENTANTE,J. BATISTA,BOMVINK,31,2026-05-20 00:00:00,2026-05-25 00:00:00,,,,,True,,,,,,,,,,,,
MAIO_L297,MAIO,Maio,297,2026-05-18 00:00:00,16542,200.0,9.9,1980.0,"DISCO DE CORTE DE TUNGSTENIO PARA MADEIRA 4.5""",BOM-5102,OSMAR,REPRESENTANTE,J. BATISTA,BOMVINK,31,2026-05-20 00:00:00,2026-05-25 00:00:00,,,,,True,,,,,,,,,,,,
MAIO_L298,MAIO,Maio,298,2026-05-18 00:00:00,16542,50.0,17.99,899.5,CALIBRADOR PISTOLA DE PNEUS MANUAL O-220PSI 0-16BAR,BOM-8004,OSMAR,REPRESENTANTE,J. BATISTA,BOMVINK,31,2026-05-20 00:00:00,2026-05-25 00:00:00,,,,,True,,,,,,,,,,,,
MAIO_L299,MAIO,Maio,299,2026-05-18 00:00:00,16542,10.0,99.9,999.0,PISTOLA DE PINTURA 110V,BOM-9567,OSMAR,REPRESENTANTE,J. BATISTA,BOMVINK,31,2026-05-20 00:00:00,2026-05-25 00:00:00,,,,,True,,,,,,,,,,,,
MAIO_L300,MAIO,Maio,300,2026-05-18 00:00:00,16542,40.0,15.9,636.0,PISTOLA DE COLA QUENTE 60W,BOM-9512,OSMAR,REPRESENTANTE,J. BATISTA,BOMVINK,31,2026-05-20 00:00:00,2026-05-25 00:00:00,,,,,True,,,,,,,,,,,,
MAIO_L301,MAIO,Maio,301,2026-05-18 00:00:00,16542,40.0,22.9,916.0,ESGUICHO 8 EM 1 P/ MANGUEIRA C/ RESERVATORIO DE SABAO,BOM-7378,OSMAR,REPRESENTANTE,J. BATISTA,BOMVINK,31,2026-05-20 00:00:00,2026-05-25 00:00:00,,,,,True,,,,,,,,,,,,
MAIO_L302,MAIO,Maio,302,2026-05-18 00:00:00,16542,40.0,22.8,912.0,PROTETOR FACIAL MASCARA,BOM-7420,OSMAR,REPRESENTANTE,J. BATISTA,BOMVINK,31,2026-05-20 00:00:00,2026-05-25 00:00:00,,,,,True,,,,,,,,,,,,
MAIO_L303,MAIO,Maio,303,2026-05-18 00:00:00,16542,60.0,9.99,599.4,PA DOBRAVEL MULTIFUNCIONAL,BOM-7602,OSMAR,REPRESENTANTE,J. BATISTA,BOMVINK,31,2026-05-20 00:00:00,2026-05-25 00:00:00,,,,,True,,,,,,,,,,,,
MAIO_L304,MAIO,Maio,304,2026-05-18 00:00:00,16542,60.0,11.9,714.0,SUPORTE DE PRATELEIRA P/ BANHEIRO PORTA DE CANTO,BOM-2306,OSMAR,REPRESENTANTE,J. BATISTA,BOMVINK,31,2026-05-20 00:00:00,2026-05-25 00:00:00,,,,,True,,,,,,,,,,,,
MAIO_L305,MAIO,Maio,305,2026-05-18 00:00:00,16542,20.0,23.8,476.0,BOMBA GRAXA ENGRAXADEIRA MANUAL 400CC,BOM-1664,OSMAR,REPRESENTANTE,J. BATISTA,BOMVINK,31,2026-05-20 00:00:00,2026-05-25 00:00:00,,,,,True,,,,,,,,,,,,
MAIO_L306,MAIO,Maio,306,2026-05-18 00:00:00,16542,20.0,21.8,436.0,"CHAVE DE RODA CRUZ 14""",BOM-1210,OSMAR,REPRESENTANTE,J. BATISTA,BOMVINK,31,2026-05-20 00:00:00,2026-05-25 00:00:00,,,,,True,,,,,,,,,,,,
MAIO_L307,MAIO,Maio,307,2026-05-18 00:00:00,09120,3.0,2329.2,6987.6,BICICLETA ELETRICA DOBRAVE 450W,OIH-6704,ISAAC,CASADA,-,OASIS,31,2026-05-20 00:00:00,2026-05-18 00:00:00,,,,,True,,,,,,,,,,,,
MAIO_L308,MAIO,Maio,308,2026-05-18 00:00:00,09120,2.0,1260.0,2520.0,CARRINHO MULTIUSO DOBRAVEL 30KM/H,OIH-6720,ISAAC,CASADA,-,OASIS,31,2026-05-20 00:00:00,2026-05-18 00:00:00,,,,,True,,,,,,,,,,,,
MAIO_L309,MAIO,Maio,309,2026-05-18 00:00:00,14118,61000.0,2.5144,153378.4,BOB CABO LAN F/UTP CAT5 4X24 AWG CM 305 M BRE 4X24 AWG DUPLA CAPA E XTERNO 305 M PT,CAT5E,NETO,ESTOQUE,-,MEGA CABOS,1,2026-05-22 00:00:00,,,,,,False,,,,,,,,,,,,
MAIO_L310,MAIO,Maio,310,2026-05-18 00:00:00,14118,5000.0,2.5144,12572.0,BOB CABO LAN F/UTP CAT5E 4X24 AWG DUPLA CAPA EXTERNO 500 M PT,CAT5E,NETO,ESTOQUE,-,MEGA CABOS,1,2026-05-22 00:00:00,,,,,,False,,,,,,,,,,,,
MAIO_L311,MAIO,Maio,311,2026-05-18 00:00:00,14116,10675.0,2.3945,25561.2875,CX CABO LAN U/UTP CAT6 4X23 AWG CM 305 M BR,CAT6,NETO,ESTOQUE,-,MEGA CABOS,1,2026-05-22 00:00:00,,,,,,False,,,,,,,,,,,,
MAIO_L312,MAIO,Maio,312,2026-05-19 00:00:00,16719,6.0,139.9,839.4,PARAFUSADERIA BATERIA 21V,BOM-9963,ISAAC,CASADA,-,BOMVINK,1,2026-05-20 00:00:00,2026-05-25 00:00:00,,,,,True,,,,,,,,,,,,
MAIO_L313,MAIO,Maio,313,2026-05-19 00:00:00,16672,72.0,6.9,496.8,FITA ADESIVA BRANCA IMPRESSA-CUIDADO FRAGIL 4.8CM*100M-6PC,BOM-1379,GUSTAVO,NINJA,-,BOMVINK,1,2026-05-20 00:00:00,,,,,,True,,,,,,,,,,,,
MAIO_L314,MAIO,Maio,314,2026-05-19 00:00:00,16672,240.0,25.99,6237.6,LANTERNA DE CABEÇA RECARREGAVEL USB,BOM-4011,GUSTAVO,NINJA,-,BOMVINK,1,2026-05-20 00:00:00,,,,,,True,,,,,,,,,,,,
MAIO_L315,MAIO,Maio,315,2026-05-19 00:00:00,16672,300.0,12.99,3897.0,CORRENTE DE MOTOSSERRA,BOM-5625,GUSTAVO,NINJA,-,BOMVINK,1,2026-05-20 00:00:00,,,,,,True,,,,,,,,,,,,
MAIO_L316,MAIO,Maio,316,2026-05-19 00:00:00,16672,300.0,13.99,4197.0,CORRENTE DE MOTOSSERRA,BOM-5628,GUSTAVO,NINJA,-,BOMVINK,1,2026-05-20 00:00:00,,,,,,True,,,,,,,,,,,,
MAIO_L317,MAIO,Maio,317,2026-05-19 00:00:00,16672,200.0,6.99,1398.0,CORRENTE DE MOTOSSERRA,BOM-5622,GUSTAVO,NINJA,-,BOMVINK,1,2026-05-20 00:00:00,,,,,,True,,,,,,,,,,,,
MAIO_L318,MAIO,Maio,318,2026-05-19 00:00:00,16672,200.0,5.99,1198.0,CORRENTE DE MOTOSSERRA,BOM-5621,GUSTAVO,NINJA,-,BOMVINK,1,2026-05-20 00:00:00,,,,,,True,,,,,,,,,,,,
MAIO_L319,MAIO,Maio,319,2026-05-19 00:00:00,16319,50.0,51.95,2597.5,CARREGADOR PORTATIL POWER BANK 20000MAH ENERGIA SOLAR,MAX-0540,YHAN,CASADA,-,IT BLUE,31,2026-05-21 00:00:00,2026-05-26 00:00:00,,,,,True,,,,,,,,,,,,
MAIO_L320,MAIO,Maio,320,2026-05-19 00:00:00,16319,50.0,35.34,1767.0,CARREGADOR PORTATIL POWER BANK 10000MAH,MAX-0560,YHAN,CASADA,-,IT BLUE,31,2026-05-21 00:00:00,2026-05-26 00:00:00,,,,,True,,,,,,,,,,,,
MAIO_L321,MAIO,Maio,321,2026-05-19 00:00:00,16319,200.0,6.045,1209.0,CARREGADOR DE VIAGEM 2 USB 3.1A C/ CABO TIPO C,LE-519FC,YHAN,CASADA,-,IT BLUE,31,2026-05-21 00:00:00,2026-05-27 00:00:00,,,,,True,,,,,,,,,,,,
MAIO_L322,MAIO,Maio,322,2026-05-19 00:00:00,12025,12.0,297.0,3564.0,"TELA DE PROJEÇÃO 100"" 4:3",MPR-1100,YHAN,CASADA,-,TOMATE,31,2026-05-20 00:00:00,2026-05-26 00:00:00,,,,,True,,,,,,,,,,,,
MAIO_L323,MAIO,Maio,323,2026-05-19 00:00:00,12025,150.0,37.8,5670.0,CABO DE SAIDA CC 3 EM 1 (3M),MSL-002,YHAN,CASADA,-,TOMATE,31,2026-05-20 00:00:00,2026-05-26 00:00:00,,,,,True,,,,,,,,,,,,
MAIO_L324,MAIO,Maio,324,2026-05-19 00:00:00,12025,150.0,19.8,2970.0,MINI CABO DE ALIMENTAÇÃO Á PROVA TIPO C,MSL-010,YHAN,CASADA,-,TOMATE,31,2026-05-20 00:00:00,2026-05-26 00:00:00,,,,,True,,,,,,,,,,,,
MAIO_L325,MAIO,Maio,325,2026-05-19 00:00:00,12025,8.0,342.0,2736.0,SOUNDBAR 120W,MTS-2018,YHAN,CASADA,-,TOMATE,31,2026-05-20 00:00:00,2026-05-26 00:00:00,,,,,True,,,,,,,,,,,,
MAIO_L326,MAIO,Maio,326,2026-05-19 00:00:00,12025,12.0,297.0,3564.0,CAIXA DE SOM SOUNDBAR BLUETOOTH,MTS-2033,YHAN,CASADA,-,TOMATE,31,2026-05-20 00:00:00,2026-05-26 00:00:00,,,,,True,,,,,,,,,,,,
MAIO_L327,MAIO,Maio,327,2026-05-19 00:00:00,12025,4.0,513.0,2052.0,SOUNDBAR P/ TV COM SUBWOOFER,MTS-2036,YHAN,CASADA,-,TOMATE,31,2026-05-20 00:00:00,2026-05-26 00:00:00,,,,,True,,,,,,,,,,,,
MAIO_L328,MAIO,Maio,328,2026-05-19 00:00:00,12025,4.0,405.0,1620.0,CAIXA DE SOM SOUNDBAR BLUETOOTH,MTS-2054,YHAN,CASADA,-,TOMATE,31,2026-05-20 00:00:00,2026-05-26 00:00:00,,,,,True,,,,,,,,,,,,
MAIO_L329,MAIO,Maio,329,2026-05-19 00:00:00,12025,8.0,207.0,1656.0,CAIXA DE SOM SOUNDBAR BLUETOOTH,MTS-2055,YHAN,CASADA,-,TOMATE,31,2026-05-20 00:00:00,2026-05-26 00:00:00,,,,,True,,,,,,,,,,,,
MAIO_L330,MAIO,Maio,330,2026-05-19 00:00:00,12025,200.0,22.5,4500.0,ADAPTADOR MULTIFUNCIONAL 4 IN 1,MTV-728,YHAN,CASADA,-,TOMATE,31,2026-05-20 00:00:00,2026-05-26 00:00:00,,,,,True,,,,,,,,,,,,
MAIO_L331,MAIO,Maio,331,2026-05-19 00:00:00,12051,1.0,585.0,585.0,HOVERBOARDS,MPE-B6560,PATRÍCIA,CASADA,-,TOMATE,1,2026-05-20 00:00:00,2026-05-22 00:00:00,,,,,True,,,,,,,,,,,,
MAIO_L332,MAIO,Maio,332,2026-05-19 00:00:00,12051,1.0,585.0,585.0,HOVERBOARDS,MPE-B6561,PATRÍCIA,CASADA,-,TOMATE,1,2026-05-20 00:00:00,2026-05-22 00:00:00,,,,,True,,,,,,,,,,,,
MAIO_L333,MAIO,Maio,333,2026-05-19 00:00:00,12051,1.0,585.0,585.0,HOVERBOARDS,MPE-B6562,PATRÍCIA,CASADA,-,TOMATE,1,2026-05-20 00:00:00,2026-05-22 00:00:00,,,,,True,,,,,,,,,,,,
MAIO_L334,MAIO,Maio,334,2026-05-19 00:00:00,12051,1.0,585.0,585.0,HOVERBOARDS,MPE-B6565,PATRÍCIA,CASADA,-,TOMATE,1,2026-05-20 00:00:00,2026-05-22 00:00:00,,,,,True,,,,,,,,,,,,
MAIO_L335,MAIO,Maio,335,2026-05-19 00:00:00,306,10.0,250.0,2500.0,HD 1TB WD PURPLE,115,ISAAC,-,-,JAVACOMP,31,2026-05-25 00:00:00,2026-05-25 00:00:00,,,,,True,,,,,,,,,,,,
MAIO_L336,MAIO,Maio,336,2026-05-19 00:00:00,306,43.0,399.0,17157.0,HD 2TB WD PURPLE,116,ISAAC,-,-,JAVACOMP,31,2026-05-25 00:00:00,2026-05-25 00:00:00,,,,,True,,,,,,,,,,,,
MAIO_L337,MAIO,Maio,337,2026-05-19 00:00:00,306,6.0,450.0,2700.0,HD 3TB WD PURPLE,117,ISAAC,-,-,JAVACOMP,31,2026-05-25 00:00:00,2026-05-25 00:00:00,,,,,True,,,,,,,,,,,,
MAIO_L338,MAIO,Maio,338,2026-05-19 00:00:00,306,85.0,700.0,59500.0,HD 4TB WD PURPLE,118,ISAAC,-,-,JAVACOMP,31,2026-05-25 00:00:00,2026-05-22 00:00:00,,,,,True,,,,,,,,,,,,
MAIO_L339,MAIO,Maio,339,2026-05-19 00:00:00,306,2.0,1399.0,2798.0,HD 8TB WD PURPLE,434,ISAAC,-,-,JAVACOMP,31,2026-05-25 00:00:00,2026-05-25 00:00:00,,,,,True,,,,,,,,,,,,
MAIO_L340,MAIO,Maio,340,2026-05-19 00:00:00,306,8.0,2300.0,18400.0,HD 14TB WD PURPLE,500,ISAAC,-,-,JAVACOMP,31,2026-05-25 00:00:00,2026-05-25 00:00:00,,,,,True,,,,,,,,,,,,
MAIO_L341,MAIO,Maio,341,2026-05-20 00:00:00,08520,200.0,25.0,5000.0,COOLER PARA PROCESSADOR CPU,G-VR303,YHAN,CASADA,-,KNUP,31,2026-05-25 00:00:00,2026-05-27 00:00:00,,,,,True,,,,,,,,,,,,
MAIO_L342,MAIO,Maio,342,2026-05-20 00:00:00,-,50.0,270.0,13500.0,DDR4 8GB 3200 PC,DDR4 8GB,YHAN,CASADA,-,JOICE,31,2026-05-22 00:00:00,2026-05-25 00:00:00,,,,,True,,,,,,,,,,,,
MAIO_L343,MAIO,Maio,343,2026-05-20 00:00:00,16907,10.0,139.9,1399.0,LIXADORA ORBITAL 220V,BOM-9502,GLEY,LICITAÇÃO,-,BOMVINK,31,2026-05-20 00:00:00,2026-06-09 00:00:00,,,,,True,,,,,,,,,,,,
MAIO_L344,MAIO,Maio,344,2026-05-20 00:00:00,1029,10.0,180.0,1800.0,MONITOR AX22',AX22,GUILHERME,CASADA,-,HAOQING,31,2026-05-20 00:00:00,2026-05-20 00:00:00,,,,,True,,,,,,,,,,,,
MAIO_L345,MAIO,Maio,345,2026-05-20 00:00:00,50845,10.0,300.0,3000.0,I7 - 6700 LGA 1151,I7-6700,CESAR,LICITAÇÃO,-,JANICE,31,2026-05-21 00:00:00,2026-05-26 00:00:00,,,,,True,,,,,,,,,,,,
MAIO_L346,MAIO,Maio,346,2026-05-20 00:00:00,05732,40.0,25.2,1008.0,CAPA PROTETORA P/ MOTO,ACA-MOTO-GP,GUILHERME,CASADA,-,DELTA,31,2026-05-20 00:00:00,2026-05-20 00:00:00,,,,,True,,,,,,,,,,,,
MAIO_L347,MAIO,Maio,347,2026-05-20 00:00:00,-,200.0,120.0,24000.0,DDR4 4GB,DDR4 4GB,YHAN,CASADA,-,THIAGO VECCHI,31,2026-05-22 00:00:00,2026-05-25 00:00:00,,,,,True,,,,,,,,,,,,linha_duplicada_suspeita;
MAIO_L348,MAIO,Maio,348,2026-05-20 00:00:00,760385,123.0,82.3728,10131.8544,ESTAB ES-500VA BM 115V BEM LIGADO CLK,-,YHAN,CASADA,-,COLETEK,1,2026-05-21 00:00:00,2026-05-26 00:00:00,,,,,True,,,,,,,,,,,,
MAIO_L349,MAIO,Maio,349,2026-05-20 00:00:00,760385,77.0,82.3728,6342.7056,ESTAB ES-500VA BM 115V BEM LIGADO CLK,-,YHAN,ESTOQUE,-,COLETEK,1,2026-05-21 00:00:00,2026-05-26 00:00:00,,,,,True,,,,,,,,,,,,
MAIO_L350,MAIO,Maio,350,2026-05-20 00:00:00,760385,200.0,63.9527,12790.54,ESTAB ES-300VA MONO 115V BEM LIGADO CLK,-,YHAN,ESTOQUE,-,COLETEK,1,2026-05-21 00:00:00,2026-05-26 00:00:00,,,,,True,,,,,,,,,,,,
MAIO_L351,MAIO,Maio,351,2026-05-20 00:00:00,0088833,100.0,20.0,2000.0,FONTE UNIVERSAL PARA NOTEBOOK,FC-11,YHAN,CASADA,-,F&L,31,2026-05-22 00:00:00,2026-05-26 00:00:00,,,,,True,,,,,,,,,,,,
MAIO_L352,MAIO,Maio,352,2026-05-20 00:00:00,14119,10000.0,2.5144,25144.0,BOB CABO LAN F/UTP CAT5 4X24 AWG CM 305 M BR,CAT5E,NETO,ESTOQUE,-,MEGA CABOS,1,2026-05-22 00:00:00,,,,,,False,,,,,,,,,,,,
MAIO_L353,MAIO,Maio,353,2026-05-20 00:00:00,14120,15860.0,1.5308,24278.488,CX CABO LAN U/UTP CAT5E 4X24 AWG CM 305 M BR,CAT5E,NETO,ESTOQUE,-,MEGA CABOS,1,2026-05-21 00:00:00,,,,,,False,,,,,,,,,,,,
MAIO_L354,MAIO,Maio,354,2026-05-20 00:00:00,14117,5000.0,2.5144,12572.0,BOB CABO LAN F/UTP CAT5E 4X24 AWG DUPLA CAPA EXTERNO 500 M PT,CAT5E,NETO,ESTOQUE,-,MEGA CABOS,1,2026-05-22 00:00:00,,,,,,False,,,,,,,,,,,,
MAIO_L355,MAIO,Maio,355,2026-05-20 00:00:00,-,127.0,390.0,49530.0,NVME 512GB KINGSTON,-,OSMAR,CASADA,-,CHYBEN,31,2026-05-22 00:00:00,2026-05-25 00:00:00,,,,,True,,,,,,,,,,,,
MAIO_L356,MAIO,Maio,356,2026-05-20 00:00:00,918577,300.0,149.9,44970.0,MONITOR LED 20' TRONOS PRETO TRS-20WV 75HZ,61152,YHAN,CASADA,-,POWER PC,31,2026-05-20 00:00:00,,,,,,False,,,,,,,,,,,,
MAIO_L357,MAIO,Maio,357,2026-05-21 00:00:00,310,100.0,250.0,25000.0,HD 1TB WD PURPLE,115,ISAAC,CASADA,-,JAVACOMP,31,2026-05-25 00:00:00,2026-05-26 00:00:00,,,,,True,,,,,,,,,,,,
MAIO_L358,MAIO,Maio,358,2026-05-21 00:00:00,1030,150.0,180.0,27000.0,MONITOR AX22',AX22,YHAN,ESTOQUE,-,HAOQING,31,2026-05-21 00:00:00,,,,,,False,,,,,,,,,,,,
MAIO_L359,MAIO,Maio,359,2026-05-21 00:00:00,08755,40.0,300.0,12000.0,PLACA MÃE H511 LGA 1200,G-H511,YHAN,CASADA,-,KNUP,31,2026-05-22 00:00:00,2026-05-25 00:00:00,,,,,True,,,,,,,,,,,,
MAIO_L360,MAIO,Maio,360,2026-05-21 00:00:00,08755,60.0,300.0,18000.0,PLACA MÃE H511 LGA 1200,G-H511,YHAN,ESTOQUE,-,KNUP,31,2026-05-22 00:00:00,2026-05-25 00:00:00,,,,,True,,,,,,,,,,,,
MAIO_L361,MAIO,Maio,361,2026-05-21 00:00:00,12262,800.0,7.2,5760.0,ANTENA DIGITAL ,MTV-3015,ISAAC,CASADA,-,TOMATE,1,2026-05-21 00:00:00,2026-05-25 00:00:00,,,,,True,,,,,,,,,,,,
MAIO_L362,MAIO,Maio,362,2026-05-21 00:00:00,692,200.0,78.0,15600.0,I5 - 3470,I5-3470,GUSTAVO,NINJA,-,GB IMPORTS,31,2026-05-26 00:00:00,,,,,,True,,,,,,,,,,,,
MAIO_L363,MAIO,Maio,363,2026-05-21 00:00:00,790615,10000.0,7.2951,72951.0,COOLER PARA PROCESSADOR INTEL AKFAND85 ARKTEK,028504-9,YHAN,ESTOQUE,-,DUEX,31,2026-06-08 00:00:00,2026-06-10 00:00:00,,,,,True,,,,,,,,,,,,
MAIO_L364,MAIO,Maio,364,2026-05-21 00:00:00,790621,500.0,199.571,99785.5,PLACA MÃE VXPRO VXMBH110 LGA1151,H110,YHAN,ESTOQUE,-,DUEX,31,2026-06-10 00:00:00,2026-06-11 00:00:00,,,,,True,,,,,,,,,,,,
MAIO_L365,MAIO,Maio,365,2026-05-21 00:00:00,790621,240.0,223.245,53578.8,PLACA MÃE DUEX DXMBA520G AM4,A250,YHAN,ESTOQUE,-,DUEX,31,2026-06-10 00:00:00,2026-06-11 00:00:00,,,,,True,,,,,,,,,,,,
MAIO_L366,MAIO,Maio,366,2026-05-22 00:00:00,08804,800.0,42.0,33600.0,PLACA PCI-EXPRESS PARA REDES SEM FIO,KP-T118,ISAAC,CASADA,-,KNUP,31,2026-05-22 00:00:00,2026-05-25 00:00:00,,,,,True,,,,,,,,,,,,
MAIO_L367,MAIO,Maio,367,2026-05-22 00:00:00,08804,200.0,42.0,8400.0,PLACA PCI-EXPRESS PARA REDES SEM FIO,KP-T118,YHAN,CASADA,-,KNUP,31,2026-05-22 00:00:00,2026-05-25 00:00:00,,,,,True,,,,,,,,,,,,
MAIO_L368,MAIO,Maio,368,2026-05-22 00:00:00,17220,5.0,229.9,1149.5,ASPIRADOR DE PO E AGUA 1400W 15 LITROS 127V,BOM-7015,YHAN,CASADA,-,BOMVINK,31,2026-05-26 00:00:00,2026-05-25 00:00:00,,,,,True,,,,,,,,,,,,
MAIO_L369,MAIO,Maio,369,2026-05-22 00:00:00,17220,20.0,17.9,358.0,KIT DE CHAVES SOQUETES 40PCS 1/4 E 3/8,BOM-3906,YHAN,CASADA,-,BOMVINK,31,2026-05-26 00:00:00,2026-05-25 00:00:00,,,,,True,,,,,,,,,,,,
MAIO_L370,MAIO,Maio,370,2026-05-22 00:00:00,17220,12.0,329.9,3958.8,ROCADEIRA APARADOR DE GRAMA C/ 2 BATERIAS,BOM-9111,YHAN,CASADA,-,BOMVINK,31,2026-05-26 00:00:00,2026-05-25 00:00:00,,,,,True,,,,,,,,,,,,
MAIO_L371,MAIO,Maio,371,2026-05-22 00:00:00,17220,10.0,89.9,899.0,FURADEIRA DE IMPACTO 220V,BOM-9544,YHAN,CASADA,-,BOMVINK,31,2026-05-26 00:00:00,2026-05-25 00:00:00,,,,,True,,,,,,,,,,,,
MAIO_L372,MAIO,Maio,372,2026-05-22 00:00:00,17220,12.0,139.9,1678.8,SERRA MÁRMORE 1200W 110V,BOM-9549,YHAN,CASADA,-,BOMVINK,31,2026-05-26 00:00:00,2026-05-25 00:00:00,,,,,True,,,,,,,,,,,,
MAIO_L373,MAIO,Maio,373,2026-05-22 00:00:00,17220,10.0,109.9,1099.0,SOPRADOR AR TURBO 21V,BOM-9725,YHAN,CASADA,-,BOMVINK,31,2026-05-26 00:00:00,2026-05-25 00:00:00,,,,,True,,,,,,,,,,,,
MAIO_L374,MAIO,Maio,374,2026-05-22 00:00:00,05131,120.0,24.3,2916.0,MICROFONE,ON-M0014/5M,YHAN,CASADA,-,ONISTEK,31,2026-05-22 00:00:00,2026-05-26 00:00:00,,,,,True,,,,,,,,,,,,
MAIO_L375,MAIO,Maio,375,2026-05-22 00:00:00,16740,50.0,12.555,627.75,CABO CFTV CAT6 15M,LE-315,YHAN,CASADA,-,IT BLUE,1,2026-05-26 00:00:00,2026-05-28 00:00:00,,,,,True,,,,,,,,,,,,
MAIO_L376,MAIO,Maio,376,2026-05-22 00:00:00,16740,50.0,17.205,860.25,CABO CFTV CAT6 20M,LE-316,YHAN,CASADA,-,IT BLUE,1,2026-05-26 00:00:00,2026-05-28 00:00:00,,,,,True,,,,,,,,,,,,
MAIO_L377,MAIO,Maio,377,2026-05-22 00:00:00,16740,32.0,23.994,767.808,CABO CFTV CAT6 30M,LE-317,YHAN,CASADA,-,IT BLUE,1,2026-05-26 00:00:00,2026-05-28 00:00:00,,,,,True,,,,,,,,,,,,
MAIO_L378,MAIO,Maio,378,2026-05-22 00:00:00,16740,50.0,15.81,790.5,CABO RJ45 30M,LE-307,YHAN,CASADA,-,IT BLUE,1,2026-05-26 00:00:00,2026-05-28 00:00:00,,,,,True,,,,,,,,,,,,
MAIO_L379,MAIO,Maio,379,2026-05-22 00:00:00,16740,50.0,8.37,418.5,CABO RJ45 15M,LE-305,YHAN,CASADA,-,IT BLUE,1,2026-05-26 00:00:00,2026-05-28 00:00:00,,,,,True,,,,,,,,,,,,
MAIO_L380,MAIO,Maio,380,2026-05-22 00:00:00,16750,600.0,1.767,1060.2,CABO DE DADOS TYPE-C,LE-108,YHAN,CASADA,-,LELONG,1,2026-05-26 00:00:00,2026-05-28 00:00:00,,,,,True,,,,,,,,,,,,
MAIO_L381,MAIO,Maio,381,2026-05-25 00:00:00,05217,6.0,81.0,486.0,SUPORTE PARA MONITOR,ON-F100,YHAN,CASADA,-,ONISTEK,1,2026-05-26 00:00:00,2026-06-10 00:00:00,,,,,False,,,,,,,,,,,,
MAIO_L382,MAIO,Maio,382,2026-05-25 00:00:00,09642,10.0,89.0,890.0,ESPELHO LED COM ORGANIZADOR ,OIH-5201,LARA,ESTOQUE,-,OASIS,1,2026-05-26 00:00:00,2026-05-28 00:00:00,,,,,True,,,,,,,,,,,,
MAIO_L383,MAIO,Maio,383,2026-05-25 00:00:00,08942,20.0,250.0,5000.0,PLACA MÃE H310 PC,G-H310,YHAN,ESTOQUE,-,KNUP,31,2026-05-26 00:00:00,2026-05-27 00:00:00,,,,,True,,,,,,,,,,,,linha_duplicada_suspeita;
MAIO_L384,MAIO,Maio,384,2026-05-25 00:00:00,08942,20.0,250.0,5000.0,PLACA MÃE H310 PC,G-H310,YHAN,CASADA,-,KNUP,31,2026-05-26 00:00:00,2026-05-27 00:00:00,,,,,True,,,,,,,,,,,,linha_duplicada_suspeita;
MAIO_L385,MAIO,Maio,385,2026-05-25 00:00:00,1031,50.0,180.0,9000.0,MONITOR AX22',AX22,GUILHERME,CASADA,-,HAOQING,31,2026-05-25 00:00:00,2026-05-26 00:00:00,,,,,True,,,,,,,,,,,,
MAIO_L386,MAIO,Maio,386,2026-05-25 00:00:00,919248,600.0,135.0,81000.0,"MONITOR LED 19"" TRONOS TRS-HK19WY PRETO",57966,GUILHERME,CASADA,-,POWER PC,31,2026-06-01 00:00:00,2026-06-01 00:00:00,,,,,True,,,,,,,,,,,,
MAIO_L387,MAIO,Maio,387,2026-05-26 00:00:00,240862,100.0,9.25,925.0,CONECTOR RJ45 CRISTAL 8P8C CAT5E/6A ,CONT-RJ45P100,OSMAR,CASADA,-,EXBOM,31,2026-05-29 00:00:00,2026-06-01 00:00:00,,,,,True,,,,,,,,,,,,
MAIO_L388,MAIO,Maio,388,2026-05-26 00:00:00,8180,100.0,95.0,9500.0,I5 - 4590,I54590,GUSTAVO,NINJA,-,GILCEMAR,31,2026-05-26 00:00:00,,,,,,True,,,,,,,,,,,,
MAIO_L389,MAIO,Maio,389,2026-05-26 00:00:00,09035,60.0,305.0,18300.0,PLACA MÃE H610 PC,G-H610,GUILHERME,CASADA,-,KNUP,31,2026-05-26 00:00:00,2026-05-26 00:00:00,,,,,True,,,,,,,,,,,,
MAIO_L390,MAIO,Maio,390,2026-05-26 00:00:00,-,10.0,270.0,2700.0,DDR4 8GB 3200 FURY COM DISPADOR,DDR4 8GB,GUILHERME,CASADA,-,JOICE,31,2026-05-26 00:00:00,2026-05-27 00:00:00,,,,,True,,,,,,,,,,,,
MAIO_L391,MAIO,Maio,391,2026-05-26 00:00:00,09038,96.0,98.0,9408.0,CAMERA DE SEGURANÇA IP LENTE DUPLA PROTEÇÃO IP66,LB-CA247,ISAAC,CASADA,-,KNUP,1,2026-05-27 00:00:00,2026-05-29 00:00:00,,,,,True,,,,,,,,,,,,
MAIO_L392,MAIO,Maio,392,2026-05-26 00:00:00,09038,100.0,64.3,6430.0,CAMERA EXTERIOR INTELIGENTE,LB-CA244,ISAAC,CASADA,-,KNUP,1,2026-05-27 00:00:00,2026-05-29 00:00:00,,,,,True,,,,,,,,,,,,
MAIO_L393,MAIO,Maio,393,2026-05-26 00:00:00,30109,120.0,47.2,5664.0,CONVERSOR DIGITAL TERRESTRE,KA-1998,YHAN,CASADA,-,KAPBOM,31,2026-05-26 00:00:00,2026-05-28 00:00:00,,,,,True,,,,,,,,,,,,
MAIO_L394,MAIO,Maio,394,2026-05-26 00:00:00,8582,154.0,389.0,59906.0,I5 - 9400,I59400,ISAAC,CASADA,-,CPU MASTER,31,2026-05-29 00:00:00,2026-05-29 00:00:00,,,,,True,,,,,,,,,,,,
MAIO_L395,MAIO,Maio,395,2026-05-26 00:00:00,8582,327.0,389.0,127203.0,I5 - 9500,I59500,ISAAC,CASADA,-,CPU MASTER,31,2026-05-29 00:00:00,2026-05-29 00:00:00,,,,,True,,,,,,,,,,,,
MAIO_L396,MAIO,Maio,396,2026-05-26 00:00:00,791105,500.0,191.6798,95839.9,PLACA MÃE VXPRO VXMBB250 LGA 1151,027069-4,YHAN,ESTOQUE,-,DUEX,31,2026-06-10 00:00:00,2026-06-11 00:00:00,,,,,True,,,,,,,,,,,,
MAIO_L397,MAIO,Maio,397,2026-05-26 00:00:00,02522,1.0,10400.0,10400.0,"TELA INTERATIVA TOUCH DE 98""",D-DG98TI,NETO,SHOWROOM,-,GRASEP,31,2026-05-27 00:00:00,,,,,,True,,,,,,,,,,,,
MAIO_L398,MAIO,Maio,398,2026-05-26 00:00:00,02522,1.0,600.0,600.0,"SUPORTE DE METAL PARA LOUSA INTERATIVA 60""-150""",D-ZJ05,NETO,SHOWROOM,-,GRASEP,31,2026-05-27 00:00:00,,,,,,True,,,,,,,,,,,,
MAIO_L399,MAIO,Maio,399,2026-05-26 00:00:00,17610,10.0,79.9,799.0,ESMERILHADEIRA ANGULAR 710W 220V,BOM-9546,OSMAR,REPRESENTANTE,J. BATISTA,BOMVINK,31,2026-05-27 00:00:00,2026-05-29 00:00:00,,,,,True,,,,,,,,,,,,
MAIO_L400,MAIO,Maio,400,2026-05-26 00:00:00,17610,24.0,19.9,477.6,MACHADO COM CABO DE FIBRA 600G,BOM-1005,OSMAR,REPRESENTANTE,J. BATISTA,BOMVINK,31,2026-05-27 00:00:00,2026-05-29 00:00:00,,,,,True,,,,,,,,,,,,
MAIO_L401,MAIO,Maio,401,2026-05-26 00:00:00,17610,72.0,10.9,784.8,"ALICATE UNIVERSAL 8""",BOM-1603,OSMAR,REPRESENTANTE,J. BATISTA,BOMVINK,31,2026-05-27 00:00:00,2026-05-29 00:00:00,,,,,True,,,,,,,,,,,,
MAIO_L402,MAIO,Maio,402,2026-05-26 00:00:00,17610,30.0,19.9,597.0,JOGO DE ACESSORIOS SOQUETES 3 PÇS ENCAIXE 1PCT-3PÇS,BOM-3223,OSMAR,REPRESENTANTE,J. BATISTA,BOMVINK,31,2026-05-27 00:00:00,2026-05-29 00:00:00,,,,,True,,,,,,,,,,,,
MAIO_L403,MAIO,Maio,403,2026-05-26 00:00:00,17610,400.0,6.99,2796.0,KIT COM 5 PÇS LAMINA DE SERRA TICO-TICO 152MM,BOM-5134,OSMAR,REPRESENTANTE,J. BATISTA,BOMVINK,31,2026-05-27 00:00:00,2026-05-29 00:00:00,,,,,True,,,,,,,,,,,,
MAIO_L404,MAIO,Maio,404,2026-05-26 00:00:00,17610,60.0,7.9,474.0,NIVEL MANUAL COM REGUA DE 50 CM E 3 BOLHAS,BOM-6521,OSMAR,REPRESENTANTE,J. BATISTA,BOMVINK,31,2026-05-27 00:00:00,2026-05-29 00:00:00,,,,,True,,,,,,,,,,,,
MAIO_L405,MAIO,Maio,405,2026-05-26 00:00:00,17610,100.0,12.8,1280.0,FERRO DE SOLDAR 127V-30W,BOM-9513,OSMAR,REPRESENTANTE,J. BATISTA,BOMVINK,31,2026-05-27 00:00:00,2026-05-29 00:00:00,,,,,True,,,,,,,,,,,,
MAIO_L406,MAIO,Maio,406,2026-05-26 00:00:00,17610,96.0,6.99,671.04,KIT DE REPARO PARA PNEUS 4 PÇS,BOM-3630,OSMAR,REPRESENTANTE,J. BATISTA,BOMVINK,31,2026-05-27 00:00:00,2026-05-29 00:00:00,,,,,True,,,,,,,,,,,,
MAIO_L407,MAIO,Maio,407,2026-05-26 00:00:00,17610,10.0,99.9,999.0,PISTOLA DE PINTURA 110V,BOM-9567,OSMAR,REPRESENTANTE,J. BATISTA,BOMVINK,31,2026-05-27 00:00:00,2026-05-29 00:00:00,,,,,True,,,,,,,,,,,,
MAIO_L408,MAIO,Maio,408,2026-05-26 00:00:00,-,12.0,2200.0,26400.0,PAINEL DE LED PLACA 1M X 50CM 3.9 - CASE C/ 6 PLACAS,PL-391-OUT,PATRÍCIA,CASADA,-,CAMILO CRUZ,31,2026-06-02 00:00:00,,,,,,False,,,,,,,,,,,,
MAIO_L409,MAIO,Maio,409,2026-05-27 00:00:00,09076,1000.0,48.5,48500.0,CONVERSOR DE FIBRA OPTICA 1000MBPS RJ45,KP-AD147,YHAN,ESTOQUE,-,KNUP,31,2026-05-27 00:00:00,2026-05-28 00:00:00,,,,,True,,,,,,,,,,,,
MAIO_L410,MAIO,Maio,410,2026-05-27 00:00:00,09095,8.0,360.0,2880.0,IMPRESSORA TERMICA PARA ETIQUETAS,KP-IM608,ISAAC,CASADA,-,KNUP,31,2026-05-29 00:00:00,2026-05-29 00:00:00,,,,,True,,,,,,,,,,,,
MAIO_L411,MAIO,Maio,411,2026-05-27 00:00:00,17676,12.0,379.9,4558.8,"MOTOSERRA A GASOLINA 58CC 20""",BOM-9203,YHAN,CASADA,-,BOMVINK,31,2026-05-27 00:00:00,,,,,,False,,,,,,,,,,,,
MAIO_L412,MAIO,Maio,412,2026-05-27 00:00:00,17676,20.0,17.9,358.0,KIT DE CHAVES SOQUETES 40PCS 1/4 E 3/8,BOM-3906,YHAN,CASADA,-,BOMVINK,31,2026-05-27 00:00:00,,,,,,False,,,,,,,,,,,,
MAIO_L413,MAIO,Maio,413,2026-05-27 00:00:00,09178,20.0,85.0,1700.0,PLACA MÃE B75 PC,G-B75,GUILHERME,CASADA,-,KNUP,31,2026-05-27 00:00:00,2026-05-27 00:00:00,,,,,True,,,,,,,,,,,,
MAIO_L414,MAIO,Maio,414,2026-05-27 00:00:00,09185,200.0,85.0,17000.0,PLACA MÃE B75 PC,G-B75,GUILHERME,ESTOQUE,-,KNUP,31,2026-05-27 00:00:00,2026-05-27 00:00:00,,,,,True,,,,,,,,,,,,
MAIO_L415,MAIO,Maio,415,2026-05-27 00:00:00,09185,200.0,82.0,16400.0,PLACA MÃE H61 PC,G-H61/K,GUILHERME,ESTOQUE,-,KNUP,31,2026-05-27 00:00:00,2026-05-27 00:00:00,,,,,True,,,,,,,,,,,,
MAIO_L416,MAIO,Maio,416,2026-05-27 00:00:00,919506,1000.0,71.0,71000.0,GAB. MATX BRAZIL PC BPC-N110MATX-B C/ FONTE,65576,YHAN,ESTOQUE,-,POWER PC,31,2026-06-01 00:00:00,2026-06-03 00:00:00,,,,,True,,,,,,,,,,,,
MAIO_L417,MAIO,Maio,417,2026-05-27 00:00:00,-,4.0,280.96,1123.84,LAVADORA DE ALTA PRESSÃO WAP WL 220V ,-,GLEY,LICITAÇÃO,-,MERCADO LIVRE,1,2026-05-29 00:00:00,2026-05-29 00:00:00,,,,,True,,,,,,,,,,,,
MAIO_L418,MAIO,Maio,418,2026-05-27 00:00:00,-,2.0,280.96,561.92,LAVADORA DE ALTA PRESSÃO WAP WL 220V ,-,GLEY,LICITAÇÃO,-,MERCADO LIVRE,1,2026-05-29 00:00:00,2026-05-29 00:00:00,,,,,True,,,,,,,,,,,,
MAIO_L419,MAIO,Maio,419,2026-05-27 00:00:00,06054,100.0,85.5,8550.0,FONTE PC 500W,DELTA-EF500,YHAN,CASADA,-,DELTA,1,2026-05-27 00:00:00,2026-05-29 00:00:00,,,,,True,,,,,,,,,,,,
MAIO_L420,MAIO,Maio,420,2026-05-27 00:00:00,-,1.0,1203.9,1203.9,"SMART TV HQ FHD 43""",118201,GLEY,LICITAÇÃO,-,BELMICRO,1,2026-06-04 00:00:00,2026-06-03 00:00:00,,,,,True,,,,,,,,,,,,
MAIO_L421,MAIO,Maio,421,2026-05-27 00:00:00,-,10.0,270.0,2700.0,DDR4 8GB 3200 NOT ,DDR4 8GB,YHAN,CASADA,-,JOICE,31,2026-05-27 00:00:00,2026-05-29 00:00:00,,,,,True,,,,,,,,,,,,
MAIO_L422,MAIO,Maio,422,2026-05-27 00:00:00,-,10.0,270.0,2700.0,DDR4 8GB 3200 PC (FURY,DDR4 8GB,YHAN,CASADA,-,JOICE,31,2026-05-27 00:00:00,2026-05-29 00:00:00,,,,,True,,,,,,,,,,,,
MAIO_L423,MAIO,Maio,423,2026-05-27 00:00:00,17308,200.0,2.976,595.2,CABO PARA IMPRESSORA 1.8M,LE-902-1.8M,YHAN,CASADA,-,LELONG,1,2026-05-29 00:00:00,2026-06-01 00:00:00,,,,,True,,,,,,,,,,,,
MAIO_L424,MAIO,Maio,424,2026-05-27 00:00:00,17308,100.0,4.185,418.5,CABO PARA IMPRESSORA 3M,LE-902-3M,YHAN,CASADA,-,LELONG,1,2026-05-29 00:00:00,2026-06-01 00:00:00,,,,,True,,,,,,,,,,,,
MAIO_L425,MAIO,Maio,425,2026-05-27 00:00:00,09247,100.0,300.0,30000.0,PLACA MÃE H511 LGA 1200,G-H511,YHAN,CASADA,-,KNUP,31,2026-05-29 00:00:00,,,,,,False,,,,,,,,,,,,
MAIO_L426,MAIO,Maio,426,2026-05-27 00:00:00,01725,100.0,12.834,1283.4,CAMERA DE RÉ BORBOLETA,VPL-3031,ISAAC,CASADA,-,TORQUEHAMMER,1,2026-05-28 00:00:00,2026-06-01 00:00:00,,,,,True,,,,,,,,,,,,
MAIO_L427,MAIO,Maio,427,2026-05-27 00:00:00,17339,400.0,6.789,2715.6,CABO HDTV 4 EM 1,LE-6623,ISAAC,CASADA,-,LELONG,31,2026-05-29 00:00:00,2026-06-01 00:00:00,,,,,True,,,,,,,,,,,,
MAIO_L428,MAIO,Maio,428,2026-05-27 00:00:00,09931,12.0,68.4,820.8,ESPELHO COM LUZ LED,OIH-5259,LARA,-,-,OASIS,1,2026-05-29 00:00:00,2026-06-01 00:00:00,,,,,True,,,,,,,,,,,,
MAIO_L429,MAIO,Maio,429,2026-05-27 00:00:00,09931,2.0,351.0,702.0,MAQUINA DE GELO 127V,OIH-5522,LARA,SHOWROOM,-,OASIS,1,2026-05-29 00:00:00,2026-06-01 00:00:00,,,,,True,,,,,,,,,,,,
MAIO_L430,MAIO,Maio,430,2026-05-28 00:00:00,06081,30.0,68.4,2052.0,CAMERA WIFI SMART PTZ,ML-220 PRO,ISAAC,CASADA,-,AITEK,31,2026-06-02 00:00:00,,,,,,False,,,,,,,,,,,,
MAIO_L431,MAIO,Maio,431,2026-05-28 00:00:00,12887,10.0,25.2,252.0,BALANÇA DIGITAL,MU-002,ISAAC,CASADA,-,TOMATE,31,2026-05-28 00:00:00,2026-05-28 00:00:00,,,,,True,,,,,,,,,,,,
MAIO_L432,MAIO,Maio,432,2026-05-28 00:00:00,12887,40.0,34.2,1368.0,COPO ELETRICO PORTATIL PARA SUCO,MAZ-131,ISAAC,CASADA,-,TOMATE,31,2026-05-28 00:00:00,2026-05-28 00:00:00,,,,,True,,,,,,,,,,,,
MAIO_L433,MAIO,Maio,433,2026-05-28 00:00:00,12887,12.0,58.5,702.0,MAQUINA DE PIPOCA 127V,MZ-117A,ISAAC,CASADA,-,TOMATE,31,2026-05-28 00:00:00,2026-05-28 00:00:00,,,,,True,,,,,,,,,,,,
MAIO_L434,MAIO,Maio,434,2026-05-28 00:00:00,12887,100.0,25.2,2520.0,MICROFONE DE LAPELA TIPO-C,MT-222OC,ISAAC,CASADA,-,TOMATE,31,2026-05-28 00:00:00,2026-05-28 00:00:00,,,,,True,,,,,,,,,,,,
MAIO_L435,MAIO,Maio,435,2026-05-28 00:00:00,12887,100.0,7.92,792.0,SUPORTE FIXO PARA TV,MT-12,ISAAC,CASADA,-,TOMATE,31,2026-05-28 00:00:00,2026-05-28 00:00:00,,,,,True,,,,,,,,,,,,
MAIO_L436,MAIO,Maio,436,2026-05-28 00:00:00,12887,15.0,38.7,580.5,SUPORTE ARTICULADO,MT-17,ISAAC,CASADA,-,TOMATE,31,2026-05-28 00:00:00,2026-05-28 00:00:00,,,,,True,,,,,,,,,,,,
MAIO_L437,MAIO,Maio,437,2026-05-28 00:00:00,530166,40.0,25.6,1024.0,KIT CHURRASCO EM AÇO INOX 4 PEÇAS,KA-6428,ISAAC,CASADA,-,KAPBOM,31,2026-05-28 00:00:00,2026-05-28 00:00:00,,,,,True,,,,,,,,,,,,
MAIO_L438,MAIO,Maio,438,2026-05-28 00:00:00,17842,10.0,249.9,2499.0,CHAVE DE IMPACTO 21V,BOM-9966,ISAAC,CASADA,-,BOMVINK,31,2026-05-28 00:00:00,2026-05-28 00:00:00,,,,,True,,,,,,,,,,,,
MAIO_L439,MAIO,Maio,439,2026-05-28 00:00:00,17842,60.0,17.99,1079.4,CHAVE TIGRE,BOM-1201,ISAAC,CASADA,-,BOMVINK,31,2026-05-28 00:00:00,2026-05-28 00:00:00,,,,,True,,,,,,,,,,,,
MAIO_L440,MAIO,Maio,440,2026-05-28 00:00:00,17842,10.0,79.9,799.0,KIT DE FERRAMENTAS COMPLETA 126PCS,BOM-3907,ISAAC,CASADA,-,BOMVINK,31,2026-05-28 00:00:00,2026-05-28 00:00:00,,,,,True,,,,,,,,,,,,
MAIO_L441,MAIO,Maio,441,2026-05-28 00:00:00,17842,24.0,26.9,645.6,KIT JOGO DE CHAVES CATRACA SOQUETE 46 PCS,BOM-3905,ISAAC,CASADA,-,BOMVINK,31,2026-05-28 00:00:00,2026-05-28 00:00:00,,,,,True,,,,,,,,,,,,
MAIO_L442,MAIO,Maio,442,2026-05-28 00:00:00,17842,20.0,79.9,1598.0,ESMERILHADEIRA ANGULAR 220V,BOM-9546,ISAAC,CASADA,-,BOMVINK,31,2026-05-28 00:00:00,2026-05-28 00:00:00,,,,,True,,,,,,,,,,,,
MAIO_L443,MAIO,Maio,443,2026-05-28 00:00:00,17842,20.0,59.9,1198.0,SOPRADOR TERMICO 220V,BOM-9560,ISAAC,CASADA,-,BOMVINK,31,2026-05-28 00:00:00,2026-05-28 00:00:00,,,,,True,,,,,,,,,,,,
MAIO_L444,MAIO,Maio,444,2026-05-28 00:00:00,17842,20.0,109.9,2198.0,PARAFUSADEIRA BATERIA 21V,BOM-9970,ISAAC,CASADA,-,BOMVINK,31,2026-05-28 00:00:00,2026-05-28 00:00:00,,,,,True,,,,,,,,,,,,
MAIO_L445,MAIO,Maio,445,2026-05-28 00:00:00,17842,20.0,21.9,438.0,MOP SPRAY COM RESERVATÓRIO,BOM- 7372,ISAAC,CASADA,-,BOMVINK,31,2026-05-28 00:00:00,2026-05-28 00:00:00,,,,,True,,,,,,,,,,,,
MAIO_L446,MAIO,Maio,446,2026-05-28 00:00:00,17842,20.0,26.99,539.8,MANGUEIRA MAGICA JARDIM 22.5M,BOM- 7611,ISAAC,CASADA,-,BOMVINK,31,2026-05-28 00:00:00,2026-05-28 00:00:00,,,,,True,,,,,,,,,,,,
MAIO_L447,MAIO,Maio,447,2026-05-28 00:00:00,17842,100.0,12.9,1290.0,ARANDELA SOLAR PAREDE EXTERNO LED,BOM-4222,ISAAC,CASADA,-,BOMVINK,31,2026-05-28 00:00:00,2026-05-28 00:00:00,,,,,True,,,,,,,,,,,,
MAIO_L448,MAIO,Maio,448,2026-05-28 00:00:00,17842,50.0,12.99,649.5,MULTÍMETRO DIGITAL,BOM-6002,ISAAC,CASADA,-,BOMVINK,31,2026-05-28 00:00:00,2026-05-28 00:00:00,,,,,True,,,,,,,,,,,,
MAIO_L449,MAIO,Maio,449,2026-05-28 00:00:00,1032,200.0,180.0,36000.0,MONITOR AX22',AX22,YHAN,ESTOQUE,-,HAOQING,31,2026-05-29 00:00:00,,,,,,True,,,,,,,,,,,,
MAIO_L450,MAIO,Maio,450,2026-05-28 00:00:00,09314,5.0,290.0,1450.0,ETIQUETAS ADESIVAS PARA IMPRESSÃO TERMICA,KP-PP01,GUILHERME,CASADA,-,KNUP,31,2026-05-29 00:00:00,2026-05-29 00:00:00,,,,,True,,,,,,,,,,,,
MAIO_L451,MAIO,Maio,451,2026-05-28 00:00:00,17463,200.0,9.486,1897.2,CABO CFTV CAT6 10M,LE-314,GUSTAVO,NINJA,-,LELONG,1,2026-05-29 00:00:00,,,,,,True,,,,,,,,,,,,
MAIO_L452,MAIO,Maio,452,2026-05-28 00:00:00,17896,100.0,12.8,1280.0,FERRO DE SOLDAR 220V-30W,BOM-9516,ISAAC,CASADA,-,BOMVINK,31,ATRASADO,,,,,,False,,,,,,,,,,,,
MAIO_L453,MAIO,Maio,453,2026-05-28 00:00:00,17896,100.0,11.99,1199.0,FERRO DE SOLDAR 220V-40W,BOM-9517,ISAAC,CASADA,-,BOMVINK,31,ATRASADO,,,,,,False,,,,,,,,,,,,
MAIO_L454,MAIO,Maio,454,2026-05-28 00:00:00,12927,40.0,32.4,1296.0,CHALEIRA TÉRMICA,AK-1023,ISAAC,CASADA,-,TOMATE,31,ATRASADO,,,,,,False,,,,,,,,,,,,
MAIO_L455,MAIO,Maio,455,2026-05-28 00:00:00,17675,3.0,249.9,749.7,ASPIRADOR DE PO E AGUA 1400W 15 LITROS 220V,BOM-7016,ISAAC,CASADA,-,BOMVINK,31,2026-06-10 00:00:00,,,,,,False,,,,,,,,,,,,
MAIO_L456,MAIO,Maio,456,2026-05-28 00:00:00,17675,3.0,229.9,689.7,ASPIRADOR DE PO E AGUA 1400W 15 LITROS 127V,BOM-7015,ISAAC,CASADA,-,BOMVINK,31,2026-06-10 00:00:00,,,,,,False,,,,,,,,,,,,
MAIO_L457,MAIO,Maio,457,2026-05-28 00:00:00,17675,5.0,179.9,899.5,LAVADORA DE PRESSAO PORTATIL 21V,BOM-7006,ISAAC,CASADA,-,BOMVINK,31,2026-06-10 00:00:00,,,,,,False,,,,,,,,,,,,
MAIO_L458,MAIO,Maio,458,2026-05-28 00:00:00,17675,5.0,219.9,1099.5,LAVADORA DE PRESSAO PORTATIL 21V,BOM-7021,ISAAC,CASADA,-,BOMVINK,31,2026-06-10 00:00:00,,,,,,False,,,,,,,,,,,,
MAIO_L459,MAIO,Maio,459,2026-05-28 00:00:00,17675,2.0,379.9,759.8,"MOTOSERRA A GASOLINA 58CC 20""",BOM-9203,ISAAC,CASADA,-,BOMVINK,31,2026-06-10 00:00:00,,,,,,False,,,,,,,,,,,,
MAIO_L460,MAIO,Maio,460,2026-05-28 00:00:00,17675,12.0,59.9,718.8,SOPRADOR E ASPIRADOR ELETRICO 220V 700W,BOM-9588,ISAAC,CASADA,-,BOMVINK,31,2026-06-10 00:00:00,,,,,,False,,,,,,,,,,,,
MAIO_L461,MAIO,Maio,461,2026-05-28 00:00:00,17675,48.0,89.9,4315.2,MINI SOPRADOR TURBO COM FUNÇÃO DE ASPIRAÇÃO,BOM-9729,ISAAC,CASADA,-,BOMVINK,31,2026-06-10 00:00:00,,,,,,False,,,,,,,,,,,,
MAIO_L462,MAIO,Maio,462,2026-05-28 00:00:00,17675,50.0,129.9,6495.0,TRENA FITA METRICA DIGITAL COM NIVEL A LASER 40M,BOM-6541,ISAAC,CASADA,-,BOMVINK,31,2026-06-10 00:00:00,,,,,,False,,,,,,,,,,,,
MAIO_L463,MAIO,Maio,463,2026-05-28 00:00:00,17675,50.0,89.9,4495.0,TRENA FITA METRICA DIGITAL COM NIVEL A LASER 40M,BOM-6543,ISAAC,CASADA,-,BOMVINK,31,2026-06-10 00:00:00,,,,,,False,,,,,,,,,,,,
MAIO_L464,MAIO,Maio,464,2026-05-28 00:00:00,17675,100.0,11.9,1190.0,MEDIDOR DIGITAL DE PROFUNDIDADE DE SULCO DE PNEU,BOM-6519,ISAAC,CASADA,-,BOMVINK,31,2026-06-10 00:00:00,,,,,,False,,,,,,,,,,,,
MAIO_L465,MAIO,Maio,465,2026-05-28 00:00:00,17675,20.0,79.9,1598.0,GRAMPEADOR PNEUMÁTICO PROFISSIONAL 10 A 22MM,BOM-8011,ISAAC,CASADA,-,BOMVINK,31,2026-06-10 00:00:00,,,,,,False,,,,,,,,,,,,
MAIO_L466,MAIO,Maio,466,2026-05-28 00:00:00,17675,20.0,62.9,1258.0,"TORNEIRA MISTURADOR MONOCOMANDO COM BICA EXTENSIVEL 1/2""",BOM-2024,ISAAC,CASADA,-,BOMVINK,31,2026-06-10 00:00:00,,,,,,False,,,,,,,,,,,,
MAIO_L467,MAIO,Maio,467,2026-05-28 00:00:00,05391,12.0,52.2,626.4,PIPOQUEIRA ELETRICA 110V,ON-PP601,YHAN,CASADA,-,ONISTEK,1,2026-05-29 00:00:00,2026-06-01 00:00:00,,,,,True,,,,,,,,,,,,
MAIO_L468,MAIO,Maio,468,2026-05-28 00:00:00,05391,4.0,160.2,640.8,FRITADEIRA ELETRICA AIR FRYER 110V,ON-FT103,YHAN,CASADA,-,ONISTEK,1,2026-05-29 00:00:00,2026-06-01 00:00:00,,,,,True,,,,,,,,,,,,
MAIO_L469,MAIO,Maio,469,2026-05-28 00:00:00,16010,200.0,26.4,5280.0,CARTÃO DE MEMÓRIA 32GB,-,GUILHERME,CASADA,-,MASTER DRIVE,31,2026-06-02 00:00:00,2026-06-02 00:00:00,,,,,True,,,,,,,,,,,,
MAIO_L470,MAIO,Maio,470,2026-05-28 00:00:00,16010,100.0,13.8,1380.0,PENDRIVE MINI 16GB PREMIUM,-,GUILHERME,CASADA,-,MASTER DRIVE,31,2026-06-02 00:00:00,2026-06-02 00:00:00,,,,,True,,,,,,,,,,,,
MAIO_L471,MAIO,Maio,471,2026-05-28 00:00:00,16003,1000.0,118.0,118000.0,SSD 120GB,SSD120GB,YHAN,ESTOQUE,-,MASTER DRIVE,31,ATRASADO,,,,,,False,,,,,,,,,,,,
MAIO_L472,MAIO,Maio,472,2026-05-28 00:00:00,16002,2000.0,26.4,52800.0,CARTÃO DE MEMÓRIA 32GB,-,ISAAC,CASADA,-,MASTER DRIVE,31,2026-06-03 00:00:00,2026-06-03 00:00:00,,,,,True,,,,,,,,,,,,
MAIO_L473,MAIO,Maio,473,2026-05-28 00:00:00,16002,2000.0,41.7,83400.0,CARTÃO DE MEMÓRIA 64GB,-,ISAAC,CASADA,-,MASTER DRIVE,31,2026-06-03 00:00:00,2026-06-03 00:00:00,,,,,True,,,,,,,,,,,,
MAIO_L474,MAIO,Maio,474,2026-05-29 00:00:00,02583,1.0,522.0,522.0,RADIO PORTATIL BLUETOOTH/USB,D-X011,YHAN,CASADA,-,GRASEP,1,2026-05-29 00:00:00,2026-06-01 00:00:00,,,,,True,,,,,,,,,,,,
MAIO_L475,MAIO,Maio,475,2026-05-29 00:00:00,17995,1.0,359.9,359.9,KIT DE FERRAMENTAS 182 PÇS C/ MALA DE FERRAMENTAS,BOM-3929,ISAAC,CASADA,-,BOMVINK,1,2026-06-02 00:00:00,,,,,,False,,,,,,,,,,,,
MAIO_L476,MAIO,Maio,476,2026-05-29 00:00:00,17995,10.0,139.9,1399.0,"MINI MOTOSSERRA PORTATIL A BATERIA 6""",BOM-9102,ISAAC,CASADA,-,BOMVINK,1,2026-06-02 00:00:00,2026-06-03 00:00:00,,,,,True,,,,,,,,,,,,
MAIO_L477,MAIO,Maio,477,2026-05-29 00:00:00,17995,5.0,299.9,1499.5,KIT MARTELETE 21V-10BATERIAS,BOM-9716,ISAAC,CASADA,-,BOMVINK,1,2026-06-02 00:00:00,2026-06-03 00:00:00,,,,,True,,,,,,,,,,,,
MAIO_L478,MAIO,Maio,478,2026-05-29 00:00:00,9368,600.0,18.0,10800.0,KIT FAN P/ GABINETE,G-VR346,YHAN,CASADA,-,KNUP,31,2026-06-01 00:00:00,2026-06-03 00:00:00,,,,,True,,,,,,,,,,,,
MAIO_L479,MAIO,Maio,479,2026-05-29 00:00:00,-,287.0,486.56,139642.72,PC DDR4 16GB 3200 BK MEMORIA RAM - PC DDR4 16GB 3200mhz BK CALOR PRETO - CLANM,-,GUILHERME,CASADA,-,POTENCIAL,31,2026-05-29 00:00:00,,,,,,False,,,,,,,,,,,,
MAIO_L480,MAIO,Maio,480,2026-05-29 00:00:00,-,25.0,453.69,11342.25,PC DDR4 16GB 3200 WT MREGMBORIA RAM - PC DDR4 16GB 3200mhz DE CALOR BRANCO RGB - CLANM,-,GUILHERME,CASADA,-,POTENCIAL,31,2026-05-29 00:00:00,,,,,,False,,,,,,,,,,,,
MAIO_L481,MAIO,Maio,481,2026-05-29 00:00:00,-,26.0,208.58,5423.08,PC DDR4 8GB 3200 BK MEMORIA RAM - PC DDR4 8GB 3200mhz BK CALOR PRETO - CLANM,-,GUILHERME,CASADA,-,POTENCIAL,31,2026-05-29 00:00:00,,,,,,False,,,,,,,,,,,,
MAIO_L482,MAIO,Maio,482,2026-05-29 00:00:00,-,50.0,914.03,45701.5,PC DDR5 16GB 6000 WTMEMORIA RAM - PC DDR5 16GB 6000XMP CALOR BRANCO - CLANM,-,GUILHERME,CASADA,-,POTENCIAL,31,2026-05-29 00:00:00,,,,,,False,,,,,,,,,,,,
JUNHO_L8,JUNHO,Junho,8,2026-06-01 00:00:00,09459,20.0,198.0,3960.0,FONTE DE ALIMENTAÇÃO P/ PC (ATX 650W),FO-MAX02,GUILHERME,CASADA,-,KNUP,31,2026-06-01 00:00:00,2026-06-01 00:00:00,,,,,True,,,,,,,,,,,,
JUNHO_L9,JUNHO,Junho,9,2026-06-01 00:00:00,18201,60.0,14.8,888.0,KIT CHAVES ISOLADAS PARA ELETRICISTA,BOM-3110,OSMAR,REPRESENTANTE,J.BATISTA,BOMVINK,31,2026-06-03 00:00:00,2026-06-04 00:00:00,,,,,True,,,,,,,,,,,,
JUNHO_L10,JUNHO,Junho,10,2026-06-01 00:00:00,18201,50.0,20.99,1049.5,CONJUNTO DE TARRAXAS E MACHOS 8 PÇS,BOM-3230,OSMAR,REPRESENTANTE,J.BATISTA,BOMVINK,31,2026-06-03 00:00:00,2026-06-04 00:00:00,,,,,True,,,,,,,,,,,,
JUNHO_L11,JUNHO,Junho,11,2026-06-01 00:00:00,18201,50.0,20.9,1045.0,JOGO DE MACHOS VIRA-MACHO M3 A M12 C/ 8 PÇS,BOM-3231,OSMAR,REPRESENTANTE,J.BATISTA,BOMVINK,31,2026-06-03 00:00:00,2026-06-04 00:00:00,,,,,True,,,,,,,,,,,,
JUNHO_L12,JUNHO,Junho,12,2026-06-01 00:00:00,18201,4.0,169.9,679.6,ALICATE HIDRAULICO PRENSA CRIMPA TERMINAL 10 / 300MM,BOM-3629,OSMAR,REPRESENTANTE,J.BATISTA,BOMVINK,31,2026-06-03 00:00:00,2026-06-04 00:00:00,,,,,True,,,,,,,,,,,,
JUNHO_L13,JUNHO,Junho,13,2026-06-01 00:00:00,18201,100.0,8.99,899.0,KIT SACA PARAFUSOS 6 PÇS,BOM-5204,OSMAR,REPRESENTANTE,J.BATISTA,BOMVINK,31,2026-06-03 00:00:00,2026-06-04 00:00:00,,,,,True,,,,,,,,,,,,
JUNHO_L14,JUNHO,Junho,14,2026-06-01 00:00:00,18201,60.0,59.99,3599.4,TRENA FITA METRICA DIGITAL COM NIVEL A LASER 40M,BOM-6544,OSMAR,REPRESENTANTE,J.BATISTA,BOMVINK,31,2026-06-03 00:00:00,2026-06-04 00:00:00,,,,,True,,,,,,,,,,,,
JUNHO_L15,JUNHO,Junho,15,2026-06-01 00:00:00,18201,100.0,11.8,1180.0,MASCARA FACIAL TRANSPARENTE,BOM-7422,OSMAR,REPRESENTANTE,J.BATISTA,BOMVINK,31,2026-06-03 00:00:00,2026-06-04 00:00:00,,,,,True,,,,,,,,,,,,
JUNHO_L16,JUNHO,Junho,16,2026-06-01 00:00:00,18201,72.0,10.9,784.8,"ALICATE UNIVERSAL 8""",BOM-1603,OSMAR,REPRESENTANTE,J.BATISTA,BOMVINK,31,2026-06-03 00:00:00,2026-06-04 00:00:00,,,,,True,,,,,,,,,,,,
JUNHO_L17,JUNHO,Junho,17,2026-06-01 00:00:00,18201,96.0,8.9,854.4,TRENA METRICA 7.5M,BOM-6509,OSMAR,REPRESENTANTE,J.BATISTA,BOMVINK,31,2026-06-03 00:00:00,2026-06-04 00:00:00,,,,,True,,,,,,,,,,,,
JUNHO_L18,JUNHO,Junho,18,2026-06-01 00:00:00,18201,120.0,4.5,540.0,TRENA METRICA 5M,BOM-6508,OSMAR,REPRESENTANTE,J.BATISTA,BOMVINK,31,2026-06-03 00:00:00,2026-06-04 00:00:00,,,,,True,,,,,,,,,,,,
JUNHO_L19,JUNHO,Junho,19,2026-06-01 00:00:00,18201,100.0,11.99,1199.0,FERRO DE SOLDAR 127-40W,BOM-9514,OSMAR,REPRESENTANTE,J.BATISTA,BOMVINK,31,2026-06-03 00:00:00,2026-06-04 00:00:00,,,,,True,,,,,,,,,,,,
JUNHO_L20,JUNHO,Junho,20,2026-06-01 00:00:00,18201,5.0,179.9,899.5,FURADEIRA E MARTELETE COM IMPACTO 800W 110V,BOM-9557,OSMAR,REPRESENTANTE,J.BATISTA,BOMVINK,31,2026-06-03 00:00:00,2026-06-04 00:00:00,,,,,True,,,,,,,,,,,,
JUNHO_L21,JUNHO,Junho,21,2026-06-01 00:00:00,18201,4.0,179.9,719.6,PALINA ELETRICA 800W 127V,BOM-9637,OSMAR,REPRESENTANTE,J.BATISTA,BOMVINK,31,2026-06-03 00:00:00,2026-06-04 00:00:00,,,,,True,,,,,,,,,,,,
JUNHO_L22,JUNHO,Junho,22,2026-06-01 00:00:00,334,80.0,79.99,6399.2,HD 500GB SEAGATE,HD 500 GB,ISAAC,CASADA,-,JAVACOMP,31,2026-06-08 00:00:00,2026-06-09 00:00:00,2026-06-02 00:00:00,,,,True,,,,,,,,,,,,
JUNHO_L23,JUNHO,Junho,23,2026-06-01 00:00:00,334,140.0,79.99,11198.6,HD 500GB WD PURPLE,HD 500 GB,ISAAC,CASADA,-,JAVACOMP,31,2026-06-08 00:00:00,2026-06-09 00:00:00,2026-06-02 00:00:00,,,,True,,,,,,,,,,,,
JUNHO_L24,JUNHO,Junho,24,2026-06-01 00:00:00,334,12.0,250.0,3000.0,HD 1TB WD PURPLE,HD 1TB,ISAAC,CASADA,-,JAVACOMP,31,2026-06-08 00:00:00,2026-06-09 00:00:00,2026-06-02 00:00:00,,,,True,,,,,,,,,,,,
JUNHO_L25,JUNHO,Junho,25,2026-06-01 00:00:00,334,3.0,250.0,750.0,HD 1TB SEAGATE,HD 1TB,ISAAC,CASADA,-,JAVACOMP,31,2026-06-08 00:00:00,2026-06-09 00:00:00,2026-06-02 00:00:00,,,,True,,,,,,,,,,,,
JUNHO_L26,JUNHO,Junho,26,2026-06-01 00:00:00,334,20.0,700.0,14000.0,HD 4TB WD PURPLE,HD 4TB,ISAAC,CASADA,-,JAVACOMP,31,2026-06-08 00:00:00,2026-06-09 00:00:00,2026-06-02 00:00:00,,,,True,,,,,,,,,,,,
JUNHO_L27,JUNHO,Junho,27,2026-06-01 00:00:00,-,100.0,60.99,6099.0,COMBO NIGHTCMOAMREBO GAMER NIGHTMARE - TECLADO/MOUSE/HEADSET/MOUSEPAD - CLANM,CL-C-J01,GUILHERME,CASADA,-,POTENCIAL,1,2026-06-09 00:00:00,2026-06-10 00:00:00,,,,,True,,,,,,,,,,,,
JUNHO_L28,JUNHO,Junho,28,2026-06-01 00:00:00,1033,100.0,180.0,18000.0,"MONITOR AX22""",AX22,GUILHERME,CASADA,-,HAOQING,31,2026-06-01 00:00:00,2026-06-01 00:00:00,,,,,True,,,,,,,,,,,,
JUNHO_L29,JUNHO,Junho,29,2026-06-01 00:00:00,920209,500.0,135.0,67500.0,MONITOR LED 19 TRONOS TRS-HK19WY PRETO,57966,YHAN,ESTOQUE,-,POWERPC,31,CANCELADO,,,,,,False,,,,,,,,,,,,
JUNHO_L30,JUNHO,Junho,30,2026-06-01 00:00:00,920209,200.0,189.9,37980.0,MONITOR LED 21.5 ENTERPRISE EPR22WR-75 FHD 75HZ PRETO,72864,YHAN,ESTOQUE,-,POWERPC,31,CANCELADO,,,,,,False,,,,,,,,,,,,
JUNHO_L31,JUNHO,Junho,31,2026-06-01 00:00:00,02614,60.0,3600.0,216000.0,ALL IN ONE AOC A24E99-05 I5 124OP 16GB DDR4 512GB SSD,A24E99-05,YHAN,CASADA,-,GRASEP,31,2026-06-03 00:00:00,2026-06-08 00:00:00,,,,,True,,,,,,,,,,,,
JUNHO_L32,JUNHO,Junho,32,2026-06-01 00:00:00,06230,10.0,540.0,5400.0,FECHADURA SMART FACIAL,ALPHA-210,NETO,ESTOQUE,-,AITEK,1,2026-06-03 00:00:00,2026-06-04 00:00:00,,,,,True,,,,,,,,,,,,
JUNHO_L33,JUNHO,Junho,33,2026-06-01 00:00:00,29786,6.0,478.597,2871.582,CAIXA DE SOM AMPLIFICADA BLUETOOTH 15 900W,HP-900,GLEY,LICITAÇÃO,-,AQUARIO,1,2026-06-11 00:00:00,2026-06-11 00:00:00,,,,,True,,,,,,,,,,,,
JUNHO_L34,JUNHO,Junho,34,2026-06-01 00:00:00,-,50.0,199.27,9963.5,DDR4 8GB 2666 MHZ PC CLANM,DDR4 8GB,ISAAC,CASADA,-,POTENCIAL,1,2026-06-08 00:00:00,,,,,,False,,,,,,,,,,,,
JUNHO_L35,JUNHO,Junho,35,2026-06-01 00:00:00,1148,100.0,685.0,68500.0,TRICICLO DRIFT 300W,-,YHAN,CASADA,-,TJS ,31,2026-06-09 00:00:00,2026-06-09 00:00:00,2026-06-03 00:00:00,,,,True,,,,,,,,,,,,
JUNHO_L36,JUNHO,Junho,36,2026-06-01 00:00:00,4474,1.0,7990.0,7990.0,GT2000 - BICICLETA ELETRICA COM BATERIA DE IONS E MOTOR 1000W,PRD03401,YHAN,SHOWROOM,-,PANDA,31,2026-06-09 00:00:00,2026-06-09 00:00:00,2026-06-01 00:00:00,,,,True,,,,,,,,,,,,
JUNHO_L37,JUNHO,Junho,37,2026-06-01 00:00:00,12752,1.0,8200.0,8200.0,"TRICICLO ELETRICO DESMONTADO, MODELO WSD-U1S TRICICLO",193-WSD-U1S,YHAN,SHOWROOM,-,PANDA,31,2026-06-09 00:00:00,2026-06-09 00:00:00,2026-06-01 00:00:00,,,,True,,,,,,,,,,,,
JUNHO_L38,JUNHO,Junho,38,2026-06-01 00:00:00,3248,1.0,6300.0,6300.0,SCOOTER ELETRICA PRETA,A4,YHAN,SHOWROOM,-,PANDA,31,2026-06-15 00:00:00,2026-06-17 00:00:00,2026-06-16 00:00:00,,,,True,,,,,,,,,,,,
JUNHO_L39,JUNHO,Junho,39,2026-06-01 00:00:00,3248,1.0,6300.0,6300.0,SCOOTER ELETRICA VERDE,A4,YHAN,SHOWROOM,-,PANDA,31,2026-06-15 00:00:00,2026-06-17 00:00:00,2026-06-16 00:00:00,,,,True,,,,,,,,,,,,
JUNHO_L40,JUNHO,Junho,40,2026-06-01 00:00:00,3248,1.0,6300.0,6300.0,SCOOTER ELETRICA BRANCA,A4,YHAN,SHOWROOM,-,PANDA,31,2026-06-15 00:00:00,2026-06-17 00:00:00,2026-06-16 00:00:00,,,,True,,,,,,,,,,,,
JUNHO_L41,JUNHO,Junho,41,2026-06-01 00:00:00,207851,150.0,59.27,8890.5,SUPORTE MESA P/ MONITOR ATE 26,ISM-2026-B,GLEY,LICITAÇÃO,-,AVATRON,31,2026-06-14 00:00:00,2026-06-15 00:00:00,2026-06-02 00:00:00,,,,True,,,,,,,,,,,,
JUNHO_L42,JUNHO,Junho,42,2026-06-01 00:00:00,920211,90.0,842.31,75807.9,PROJETOR BRAZILPC BPC-1080P M18-W 5000 LUMENS,52064,CESAR,LICITAÇÃO,-,POWERPC,31,2026-06-11 00:00:00,2026-06-11 00:00:00,2026-07-03 00:00:00,2026-08-02 00:00:00,2026-09-01 00:00:00,,True,,,,,,,,,,,,
JUNHO_L43,JUNHO,Junho,43,2026-06-01 00:00:00,-,36.0,486.56,17516.16,DDR4 16GB 3200mhz BK PC - C/ DISSIPADOR DE CALOR PRETO - CLANM,-,ISAAC,CASADA,-,POTENCIAL,1,2026-06-09 00:00:00,,,,,,False,,,,,,,,,,,,
JUNHO_L44,JUNHO,Junho,44,2026-06-01 00:00:00,-,5.0,208.58,1042.9,DDR4 8GB 3200mhz BK PC - C/ DISSIPADOR DE CALOR PRETO - CLANM,-,ISAAC,CASADA,-,POTENCIAL,1,2026-06-09 00:00:00,,,,,,False,,,,,,,,,,,,
JUNHO_L45,JUNHO,Junho,45,2026-06-01 00:00:00,-,6.0,914.03,5484.18,DDR5 16GB 6000XMP PC - C/ DISSIPADOR DE CALOR BRANCO - CLANM,-,ISAAC,CASADA,-,POTENCIAL,1,2026-06-09 00:00:00,,,,,,False,,,,,,,,,,,,
JUNHO_L46,JUNHO,Junho,46,2026-06-01 00:00:00,12759,1.0,7000.0,7000.0,SCOOTER R13 PRETA,R13,NETO,SHOWROOM,-,PANDA,31,2026-06-15 00:00:00,2026-06-17 00:00:00,2026-06-16 00:00:00,,,,True,,,,,,,,,,,,
JUNHO_L47,JUNHO,Junho,47,2026-06-02 00:00:00,12386,1000.0,12.54,12540.0,FILTRO DE LINHA PREMIUM 6 TOMADAS PRETO,-,YHAN,CASADA,-,ELETRO G2,31,2026-06-10 00:00:00,2026-06-10 00:00:00,2026-06-02 00:00:00,,,,True,,,,,,,,,,,,
JUNHO_L48,JUNHO,Junho,48,2026-06-02 00:00:00,06282,30.0,114.75,3442.5,CAMERA PRO IP PTZ EXTERNA,ALPHA-1122,ISAAC,CASADA,-,AITEK,1,2026-06-03 00:00:00,2026-06-04 00:00:00,,,,,True,,,,,,,,,,,,
JUNHO_L49,JUNHO,Junho,49,2026-06-02 00:00:00,18391,4.0,399.9,1599.6,"MOTOSERRA A GASOLINA 40CC 16""",BOM-9209,GLEY,LICITAÇÃO,-,BOMVINK,31,2026-06-03 00:00:00,2026-06-04 00:00:00,,,,,True,,,,,,,,,,,,
JUNHO_L50,JUNHO,Junho,50,2026-06-02 00:00:00,-,10.0,453.68,4536.8,DDR4 16GB 3200MHZ - CLANM,DDR4 16GB,ISAAC,CASADA,-,POTENCIAL,1,2026-06-08 00:00:00,,,,,,False,,,,,,,,,,,,
JUNHO_L51,JUNHO,Junho,51,2026-06-02 00:00:00,-,30.0,199.27,5978.1,DDR4 8GB 2666 MHZ PC CLANM,DDR4 8GB,ISAAC,CASADA,-,POTENCIAL,1,2026-06-08 00:00:00,,,,,,False,,,,,,,,,,,,
JUNHO_L52,JUNHO,Junho,52,2026-06-02 00:00:00,09559,160.0,85.0,13600.0,PLACA MÃE B75 PC,G-B75,GUILHERME,CASADA,-,KNUP,31,2026-06-02 00:00:00,2026-06-02 00:00:00,,,,,True,,,,,,,,,,,,
JUNHO_L53,JUNHO,Junho,53,2026-06-02 00:00:00,09546,500.0,55.0,27500.0,DISCO DE ARMAZENAMENTO DE DADOS 500GB,KP-HD830,ISAAC,CASADA,-,KNUP,31,2026-06-09 00:00:00,2026-06-10 00:00:00,2026-06-02 00:00:00,,,,True,,,,,,,,,,,,
JUNHO_L54,JUNHO,Junho,54,2026-06-02 00:00:00,-,30.0,385.0,11550.0,NVME 512GB ,-,YHAN,CASADA,-,CHYBEN,31,2026-06-07 00:00:00,2026-06-08 00:00:00,2026-06-03 00:00:00,,,,True,,,,,,,,,,,,
JUNHO_L55,JUNHO,Junho,55,2026-06-02 00:00:00,18452,5.0,139.9,699.5,FURADEIRA DE IMPACTO 21V 50 N.M,BOM-9974,GLEY,LICITAÇÃO,-,BOMVINK,1,2026-06-03 00:00:00,2026-06-09 00:00:00,,,,,True,,,,,,,,,,,,
JUNHO_L56,JUNHO,Junho,56,2026-06-02 00:00:00,18462,4.0,289.9,1159.6,MARTELO PERFURADOR E ROMPEDOR 1000W-110V,BOM-9595,ISAAC,CASADA,-,BOMVINK,1,2026-06-03 00:00:00,2026-06-09 00:00:00,,,,,True,,,,,,,,,,,,
JUNHO_L57,JUNHO,Junho,57,2026-06-02 00:00:00,18462,4.0,259.9,1039.6,MAQUINA DE SOLDA 220V,BOM-9574,ISAAC,CASADA,-,BOMVINK,1,2026-06-03 00:00:00,2026-06-09 00:00:00,,,,,True,,,,,,,,,,,,
JUNHO_L58,JUNHO,Junho,58,2026-06-02 00:00:00,18462,4.0,319.9,1279.6,MAQUINA DE SOLDA 110V,BOM-9573,ISAAC,CASADA,-,BOMVINK,1,2026-06-03 00:00:00,2026-06-09 00:00:00,,,,,True,,,,,,,,,,,,
JUNHO_L59,JUNHO,Junho,59,2026-06-02 00:00:00,18468,100.0,12.99,1299.0,CORRENTE DE MOTOSSERRA,BOM-5625,GUSTAVO,NINJA,-,BOMVINK,1,2026-06-03 00:00:00,,,,,,True,,,,,,,,,,,,
JUNHO_L60,JUNHO,Junho,60,2026-06-02 00:00:00,18468,500.0,8.99,4495.0,CORRENTE DE MOTOSSERRA,BOM-5627,GUSTAVO,NINJA,-,BOMVINK,1,2026-06-03 00:00:00,,,,,,True,,,,,,,,,,,,
JUNHO_L61,JUNHO,Junho,61,2026-06-02 00:00:00,18468,40.0,15.9,636.0,SABRE DE MOTOSSERRA,BOM-5635,GUSTAVO,NINJA,-,BOMVINK,1,2026-06-03 00:00:00,,,,,,True,,,,,,,,,,,,
JUNHO_L62,JUNHO,Junho,62,2026-06-02 00:00:00,09599,120.0,385.0,46200.0,TECNOLOGIA EM COMUNICAÇÃO E ENTRETERIMENTO,RG-TB08-V2,GLEY,LICITAÇÃO,-,KNUP,31,2026-06-03 00:00:00,2026-06-08 00:00:00,,,,,True,,,,,,,,,,,,
JUNHO_L63,JUNHO,Junho,63,2026-06-02 00:00:00,-,40.0,760.91,30436.4,DDR5 16GB 6000XMP BK RGB PC,DDR5 16GB BK,ISAAC,CASADA,-,POTENCIAL,1,ATRASADO,,,,,,False,,,,,,,,,,,,
JUNHO_L64,JUNHO,Junho,64,2026-06-02 00:00:00,-,24.0,760.91,18261.84,DDR5 16GB 6000XMP WT RGB PC,DDR5 16GB WT,ISAAC,CASADA,-,POTENCIAL,1,ATRASADO,,,,,,False,,,,,,,,,,,,
JUNHO_L65,JUNHO,Junho,65,2026-06-02 00:00:00,-,50.0,730.0,36500.0,MEMÓRIA DDR4 32GB,DDR4 32GB,NETO,ESTOQUE,-,FÁBIO PIA,31,2026-06-02 00:00:00,,-,,,,False,,,,,,,,,,,,
JUNHO_L66,JUNHO,Junho,66,2026-06-02 00:00:00,-,40.0,380.0,15200.0,MEMÓRIA DDR4 16GB,DDR4 16GB,NETO,ESTOQUE,-,FÁBIO PIA,31,2026-06-02 00:00:00,,-,,,,False,,,,,,,,,,,,
JUNHO_L67,JUNHO,Junho,67,2026-06-02 00:00:00,-,5.0,794.0,3970.0,NVME 1TB,-,YHAN,CASADA,-,-,31,2026-06-04 00:00:00,2026-06-08 00:00:00,,,,,True,,,,,,,,,,,,
JUNHO_L68,JUNHO,Junho,68,2026-06-02 00:00:00,18371,2.0,429.9,859.8,SOPRADOR A GASOLINA 58CC,BOM-9218,NETO,SHOWROOM,-,BOMVINK,31,2026-06-16 00:00:00,,,,,,False,,,,,,,,,,,,
JUNHO_L69,JUNHO,Junho,69,2026-06-02 00:00:00,18371,2.0,559.9,1119.8,SERRA DE ROLOS DE BANCADA 300MM 120W BIVOLT,BOM-9756,NETO,SHOWROOM,-,BOMVINK,31,2026-06-16 00:00:00,,,,,,False,,,,,,,,,,,,
JUNHO_L70,JUNHO,Junho,70,2026-06-02 00:00:00,18371,1.0,1499.9,1499.9,"PLAINA DESEMPENADEIRA ELETRICA P/ MADEIRA 13"" 2300W 127V",BOM-9675,NETO,SHOWROOM,-,BOMVINK,31,2026-06-16 00:00:00,,,,,,False,,,,,,,,,,,,
JUNHO_L71,JUNHO,Junho,71,2026-06-02 00:00:00,18371,1.0,99.9,99.9,KIT RETIFICA ELETRICA 110V 44PÇS,BOM-9603,NETO,SHOWROOM,-,BOMVINK,31,2026-06-16 00:00:00,,,,,,False,,,,,,,,,,,,
JUNHO_L72,JUNHO,Junho,72,2026-06-02 00:00:00,18371,1.0,1399.9,1399.9,"PLAINA DESEMPENADEIRA ELETRICA DE BANCADA C/ BASE 8"" 2000W 127V",BOM-9673,NETO,SHOWROOM,-,BOMVINK,31,2026-06-16 00:00:00,,,,,,False,,,,,,,,,,,,
JUNHO_L73,JUNHO,Junho,73,2026-06-02 00:00:00,18371,1.0,2999.9,2999.9,CORTADORA DE CONCRETO A GASOLINA 74CC,BOM-9261,NETO,SHOWROOM,-,BOMVINK,31,2026-06-16 00:00:00,,,,,,False,,,,,,,,,,,,
JUNHO_L74,JUNHO,Junho,74,2026-06-02 00:00:00,18371,1.0,429.9,429.9,SERRA DE ESQUADRIA 1250W 210MM 110V,BOM-9639,NETO,SHOWROOM,-,BOMVINK,31,2026-06-16 00:00:00,,,,,,False,,,,,,,,,,,,
JUNHO_L75,JUNHO,Junho,75,2026-06-02 00:00:00,18371,1.0,859.9,859.9,SERRA DE BANCADA ELETRICA 1800W 127V,BOM-9677,NETO,SHOWROOM,-,BOMVINK,31,2026-06-16 00:00:00,,,,,,False,,,,,,,,,,,,
JUNHO_L76,JUNHO,Junho,76,2026-06-03 00:00:00,09621,40.0,36.6,1464.0,SWITCH 5 PORTAS,KP-SW105,GUILHERME,CASADA,-,KNUP,31,2026-06-08 00:00:00,2026-06-04 00:00:00,,,,,True,,,,,,,,,,,,
JUNHO_L77,JUNHO,Junho,77,2026-06-03 00:00:00,09621,40.0,56.4,2256.0,SWITCH 8 PORTAS,KP-SW106,GUILHERME,CASADA,-,KNUP,31,2026-06-08 00:00:00,2026-06-04 00:00:00,,,,,True,,,,,,,,,,,,
JUNHO_L78,JUNHO,Junho,78,2026-06-03 00:00:00,09621,150.0,5.9,885.0,CABO CONVERSOR HDMI X 3 RCA 1.5M,KP-YP5022 1.5,GUILHERME,CASADA,-,KNUP,31,2026-06-08 00:00:00,2026-06-04 00:00:00,,,,,True,,,,,,,,,,,,
JUNHO_L79,JUNHO,Junho,79,2026-06-03 00:00:00,09621,20.0,94.5,1890.0,REPETIDOR WIFI,KP-RW406G,GUILHERME,CASADA,-,KNUP,31,2026-06-08 00:00:00,2026-06-04 00:00:00,,,,,True,,,,,,,,,,,,
JUNHO_L80,JUNHO,Junho,80,2026-06-03 00:00:00,09621,50.0,67.5,3375.0,MINI IMPRESSORA TERMICA PORTATIL USB,KP-1025,GUILHERME,CASADA,-,KNUP,31,2026-06-08 00:00:00,2026-06-04 00:00:00,,,,,True,,,,,,,,,,,,
JUNHO_L81,JUNHO,Junho,81,2026-06-03 00:00:00,09621,20.0,25.2,504.0,BASE PARA NOTEBOOK DE PLASTICO,OR-9012 (6G),GUILHERME,CASADA,-,KNUP,31,2026-06-08 00:00:00,2026-06-04 00:00:00,,,,,True,,,,,,,,,,,,
JUNHO_L82,JUNHO,Junho,82,2026-06-03 00:00:00,09621,100.0,9.1,910.0,SUPORTE AUTOMOTIVO PARA SMARTPHONE,OR-SP21 (6G),GUILHERME,CASADA,-,KNUP,31,2026-06-08 00:00:00,2026-06-04 00:00:00,,,,,True,,,,,,,,,,,,
JUNHO_L83,JUNHO,Junho,83,2026-06-03 00:00:00,09621,20.0,72.0,1440.0,"DOCKSTANTION VERTICAL PARA HDS DE 2,5 E 3,5 USB 2.0",KP-HD819,GUILHERME,CASADA,-,KNUP,31,2026-06-03 00:00:00,2026-06-04 00:00:00,,,,,True,,,,,,,,,,,,
JUNHO_L84,JUNHO,Junho,84,2026-06-03 00:00:00,09621,20.0,85.5,1710.0,"DOCKSTANTION VERTICAL PARA HDS DE 2,5 E 3,5 USB 3.0",KP-HD820,GUILHERME,CASADA,-,KNUP,31,2026-06-03 00:00:00,2026-06-04 00:00:00,,,,,True,,,,,,,,,,,,
JUNHO_L85,JUNHO,Junho,85,2026-06-03 00:00:00,09621,6.0,367.0,2202.0,FONTE DE ALIMENTAÇÃO P/ PC (ATX 1000W),FO-MAX10 (6G),GUILHERME,CASADA,-,KNUP,31,2026-06-08 00:00:00,2026-06-04 00:00:00,,,,,True,,,,,,,,,,,,
JUNHO_L86,JUNHO,Junho,86,2026-06-03 00:00:00,09621,400.0,2.8,1120.0,MOUSE PAD,KP-S03,GUILHERME,CASADA,-,KNUP,31,2026-06-03 00:00:00,2026-06-04 00:00:00,,,,,True,,,,,,,,,,,,
JUNHO_L87,JUNHO,Junho,87,2026-06-03 00:00:00,06355,200.0,10.8,2160.0,CAIXA DE SOM COMPUTADOR ,ACS-4511,OSMAR,CASADA,-,AITEK,1,2026-06-09 00:00:00,2026-06-15 00:00:00,,,,,True,,,,,,,,,,,,
JUNHO_L88,JUNHO,Junho,88,2026-06-03 00:00:00,-,25.0,270.0,6750.0,DDR4 8GB 3200MHZ,DDR4 8GB,YHAN,CASADA,-,JOICE,31,2026-06-03 00:00:00,2026-06-04 00:00:00,2026-06-03 00:00:00,,,,True,,,,,,,,,,,,
JUNHO_L89,JUNHO,Junho,89,2026-06-03 00:00:00,16129,300.0,10.2,3060.0,PENDRIVE MINI 4GB PREMIUM,-,GUILHERME,CASADA,-,MASTER DRIVE,31,2026-06-07 00:00:00,2026-06-08 00:00:00,,,,,True,,,,,,,,,,,,
JUNHO_L90,JUNHO,Junho,90,2026-06-03 00:00:00,16129,100.0,12.1,1210.0,PENDRIVE MINI 8GB PREMIUM,-,GUILHERME,CASADA,-,MASTER DRIVE,31,2026-06-07 00:00:00,2026-06-08 00:00:00,,,,,True,,,,,,,,,,,,
JUNHO_L91,JUNHO,Junho,91,2026-06-03 00:00:00,16129,600.0,13.8,8280.0,PENDRIVE MINI 16GB PREMIUM,-,GUILHERME,CASADA,-,MASTER DRIVE,31,2026-06-07 00:00:00,2026-06-08 00:00:00,,,,,True,,,,,,,,,,,,
JUNHO_L92,JUNHO,Junho,92,2026-06-03 00:00:00,16129,300.0,18.0,5400.0,CARTÃO DE MEMÓRIA 16GB,-,GUILHERME,CASADA,-,MASTER DRIVE,31,2026-06-07 00:00:00,2026-06-08 00:00:00,,,,,True,,,,,,,,,,,,
JUNHO_L93,JUNHO,Junho,93,2026-06-03 00:00:00,16129,300.0,26.4,7920.0,CARTÃO DE MEMÓRIA 32GB,-,GUILHERME,CASADA,-,MASTER DRIVE,31,2026-06-07 00:00:00,2026-06-08 00:00:00,,,,,True,,,,,,,,,,,,
JUNHO_L94,JUNHO,Junho,94,2026-06-03 00:00:00,16129,300.0,41.7,12510.0,CARTÃO DE MEMÓRIA 64GB,-,GUILHERME,CASADA,-,MASTER DRIVE,31,2026-06-07 00:00:00,2026-06-08 00:00:00,,,,,True,,,,,,,,,,,,
JUNHO_L95,JUNHO,Junho,95,2026-06-03 00:00:00,16129,300.0,10.8,3240.0,PENDRIVE BIGBLACK 4GB,KA-8502,GUILHERME,CASADA,-,MASTER DRIVE,31,2026-06-07 00:00:00,2026-06-08 00:00:00,,,,,True,,,,,,,,,,,,
JUNHO_L96,JUNHO,Junho,96,2026-06-03 00:00:00,16129,300.0,12.3,3690.0,PENDRIVE BIGBLACK 8GB,-,GUILHERME,CASADA,-,MASTER DRIVE,31,2026-06-07 00:00:00,2026-06-08 00:00:00,,,,,True,,,,,,,,,,,,
JUNHO_L97,JUNHO,Junho,97,2026-06-03 00:00:00,16130,5000.0,10.0,50000.0,PENDRIVE MINI 4GB PREMIUM,-,GUILHERME,CASADA,-,MASTER DRIVE,31,2026-06-07 00:00:00,2026-06-08 00:00:00,,,,,True,,,,,,,,,,,,
JUNHO_L98,JUNHO,Junho,98,2026-06-03 00:00:00,06359,50.0,85.5,4275.0,FONTE PC AUTOMATICO 500W,DELTA-EF500,ISAAC,CASADA,-,DELTA,1,ATRASADO,,,,,,False,,,,,,,,,,,,
JUNHO_L99,JUNHO,Junho,99,2026-06-03 00:00:00,09670,200.0,2.7,540.0,CABO USB 2.0 AXB P/ IMPRESSORA 3M,KP-5001 3M,GUILHERME,CASADA,-,KNUP,31,2026-06-08 00:00:00,2026-06-04 00:00:00,,,,,True,,,,,,,,,,,,
JUNHO_L100,JUNHO,Junho,100,2026-06-03 00:00:00,02650,1566.0,130.0,203580.0,"MONITOR LED 19"" RESOLUÇÃO 1140*900",D-MN002,NETO,ESTOQUE,-,GRASEP,31,2026-07-01 00:00:00,,,,,,False,,,,,,,,,,,,
JUNHO_L101,JUNHO,Junho,101,2026-06-03 00:00:00,02650,2262.0,179.9,406933.8,"MONITOR LED 21.5"" RESOLUÇÃO 1920*1080",D-MN003,NETO,ESTOQUE,-,GRASEP,31,2026-07-01 00:00:00,,,,,,False,,,,,,,,,,,,
JUNHO_L102,JUNHO,Junho,102,2026-06-03 00:00:00,02650,872.0,215.0,187480.0,"MONITOR LED 24"" RESOLUÇÃO 1920*1080",D-MN004,NETO,ESTOQUE,-,GRASEP,31,ATRASADO,,,,,,False,,,,,,,,,,,,
JUNHO_L103,JUNHO,Junho,103,2026-06-03 00:00:00,16155,1000.0,118.0,118000.0,SSD 120GB,SSD 120GB,YHAN,ESTOQUE,-,MASTER DRIVE,1,2026-06-03 00:00:00,,,,,,False,,,,,,,,,,,,
JUNHO_L104,JUNHO,Junho,104,2026-06-03 00:00:00,-,13.0,760.91,9891.83,DDR5 16GB 6000XMP BK RGB PC - C/ DISSIPADOR DE CALOR PRETO RGB - CLANM,-,ISAAC,CASADA,-,POTENCIAL,1,2026-06-09 00:00:00,,,,,,False,,,,,,,,,,,,
JUNHO_L105,JUNHO,Junho,105,2026-06-03 00:00:00,-,8.0,760.91,6087.28,DDR5 16GB 6000XMP WT RGB PC - C/ DISSIPADOR DE CALOR BRANCO RGB - CLANM,-,ISAAC,CASADA,-,POTENCIAL,1,2026-06-09 00:00:00,,,,,,False,,,,,,,,,,,,
JUNHO_L106,JUNHO,Junho,106,2026-06-03 00:00:00,5200/2573,4.0,1738.86,6955.44,JBLBANDBOXTRIOBR,28913968,NETO,-,-,JBL,1,2026-06-15 00:00:00,,,,,,False,,,,,,,,,,,,
JUNHO_L107,JUNHO,Junho,107,2026-06-03 00:00:00,18557,60.0,65.36,3921.6,BOMBA DE AR COMPRESSOR DIGITAL PORTATIL COM LED,BOM-8917,YHAN,CASADA,-,BOMVINK,31,2026-06-07 00:00:00,2026-06-08 00:00:00,,,,,True,,,,,,,,,,,,
JUNHO_L108,JUNHO,Junho,108,2026-06-03 00:00:00,18557,30.0,132.91,3987.3,"JOGO DE SOQUETES 1/2"" C/ REVERSIVEL COMBINADAS 37PÇS",BOM-3917,YHAN,CASADA,-,BOMVINK,31,2026-06-07 00:00:00,2026-06-08 00:00:00,,,,,True,,,,,,,,,,,,
JUNHO_L109,JUNHO,Junho,109,2026-06-03 00:00:00,18557,30.0,20.81,624.3,CABO CHUPETA TRANSMISSÃO 800AMP 2.2M,BOM-1802,YHAN,CASADA,-,BOMVINK,31,2026-06-07 00:00:00,2026-06-08 00:00:00,,,,,True,,,,,,,,,,,,
JUNHO_L110,JUNHO,Junho,110,2026-06-03 00:00:00,18557,10.0,75.91,759.1,ESMERILHADEIRA ANGULAR 710W 110V,BOM-9545,YHAN,CASADA,-,BOMVINK,31,2026-06-07 00:00:00,2026-06-08 00:00:00,,,,,True,,,,,,,,,,,,
JUNHO_L111,JUNHO,Junho,111,2026-06-03 00:00:00,18557,20.0,75.91,1518.2,ESMERILHADEIRA ANGULAR 710W 220V,BOM-9546,YHAN,CASADA,-,BOMVINK,31,2026-06-07 00:00:00,2026-06-08 00:00:00,,,,,True,,,,,,,,,,,,
JUNHO_L112,JUNHO,Junho,112,2026-06-03 00:00:00,18557,40.0,33.16,1326.4,"KIT DE JOGO DE SOQUETES C/ ENCAIXE DE 1/2"" 12PE",BOM-3210,YHAN,CASADA,-,BOMVINK,31,2026-06-07 00:00:00,2026-06-08 00:00:00,,,,,True,,,,,,,,,,,,
JUNHO_L113,JUNHO,Junho,113,2026-06-03 00:00:00,18557,10.0,94.91,949.1,"JOGO DE SOQUETES 1/2"" CATRACA REVERSIVEL 22PÇS",BOM-3918,YHAN,CASADA,-,BOMVINK,31,2026-06-07 00:00:00,2026-06-08 00:00:00,,,,,True,,,,,,,,,,,,
JUNHO_L114,JUNHO,Junho,114,2026-06-03 00:00:00,18557,12.0,217.46,2609.52,KIT DE SERRA MARMORE E ESMERILHADEIRA 220V 650/900W 2EM1,BOM-9602,YHAN,CASADA,-,BOMVINK,31,2026-06-07 00:00:00,2026-06-08 00:00:00,,,,,True,,,,,,,,,,,,
JUNHO_L115,JUNHO,Junho,115,2026-06-03 00:00:00,18557,12.0,217.46,2609.52,KIT DE SERRA MARMORE E ESMERILHADEIRA 110V 650/900W 2EM1,BOM-9601,YHAN,CASADA,-,BOMVINK,31,2026-06-07 00:00:00,2026-06-08 00:00:00,,,,,True,,,,,,,,,,,,
JUNHO_L116,JUNHO,Junho,116,2026-06-03 00:00:00,18557,18.0,104.49,1880.82,LUZ DE TRABALHO PORTÁTIL MULTIFUNCIONAL 21V,BOM-4229,YHAN,CASADA,-,BOMVINK,31,2026-06-07 00:00:00,2026-06-08 00:00:00,,,,,True,,,,,,,,,,,,
JUNHO_L117,JUNHO,Junho,117,2026-06-04 00:00:00,606075,600.0,6.8,4080.0,"MOUSE C/ FIO LED 1,2M RESOLUÇÃO 800/1200/1600/2400",KA-643,GUILHERME,CASADA,-,KAPBOM,31,2026-06-04 00:00:00,2026-06-04 00:00:00,,,,,True,,,,,,,,,,,,
JUNHO_L118,JUNHO,Junho,118,2026-06-05 00:00:00,606094,100.0,10.4,1040.0,MINI CAIXA DE SOM BLUETOOTH,KA-8502,GUILHERME,CASADA,-,KAPBOM,31,2026-06-07 00:00:00,2026-06-08 00:00:00,,,,,True,,,,,,,,,,,,
JUNHO_L119,JUNHO,Junho,119,2026-06-05 00:00:00,606094,60.0,24.8,1488.0,"TECLADO BLUETOOTH 28,5*18CM",KA-690A,GUILHERME,CASADA,-,KAPBOM,31,2026-06-07 00:00:00,2026-06-08 00:00:00,,,,,True,,,,,,,,,,,,
JUNHO_L120,JUNHO,Junho,120,2026-06-05 00:00:00,606094,80.0,26.4,2112.0,TECLADO BLUETOOTH DOBRAVEL,KA-690K,GUILHERME,CASADA,-,KAPBOM,31,2026-06-07 00:00:00,2026-06-08 00:00:00,,,,,True,,,,,,,,,,,,
JUNHO_L121,JUNHO,Junho,121,2026-06-05 00:00:00,606094,60.0,36.0,2160.0,TECLADO DOBRÁVEL E MOUSE S/ FIO BT,KA-668C,GUILHERME,CASADA,-,KAPBOM,31,2026-06-07 00:00:00,2026-06-08 00:00:00,,,,,True,,,,,,,,,,,,
JUNHO_L122,JUNHO,Junho,122,2026-06-05 00:00:00,606094,250.0,7.92,1980.0,CONVERSOR VGA-HDMI,KPA-V078,GUILHERME,CASADA,-,KAPBOM,31,2026-06-07 00:00:00,2026-06-08 00:00:00,,,,,True,,,,,,,,,,,,
JUNHO_L123,JUNHO,Junho,123,2026-06-05 00:00:00,606094,100.0,20.0,2000.0,PENDRIVE USB DE 16GB COM INTERFACE DUPLA,KA-R-16,GUILHERME,CASADA,-,KAPBOM,31,2026-06-07 00:00:00,2026-06-08 00:00:00,,,,,True,,,,,,,,,,,,
JUNHO_L124,JUNHO,Junho,124,2026-06-05 00:00:00,606094,100.0,18.4,1840.0,PENDRIVE USB DE 8GB COM INTERFACE DUPLA,KA-R-8,GUILHERME,CASADA,-,KAPBOM,31,2026-06-07 00:00:00,2026-06-08 00:00:00,,,,,True,,,,,,,,,,,,
JUNHO_L125,JUNHO,Junho,125,2026-06-05 00:00:00,606094,30.0,32.0,960.0,MINI LASER PROJETOR P/ FESTA C/ 6 TROCA IMAGEM,KA-1039,GUILHERME,CASADA,-,KAPBOM,31,2026-06-07 00:00:00,2026-06-08 00:00:00,,,,,True,,,,,,,,,,,,
JUNHO_L126,JUNHO,Junho,126,2026-06-05 00:00:00,606094,200.0,11.2,2240.0,FONTE DE ALIMENTAÇÃO REGULADA UNIVERSAL ,KAP-C115,GUILHERME,CASADA,-,KAPBOM,31,2026-06-07 00:00:00,2026-06-08 00:00:00,,,,,True,,,,,,,,,,,,
JUNHO_L127,JUNHO,Junho,127,2026-06-05 00:00:00,606094,144.0,16.0,2304.0,CADEADO DE AÇO DE 30MM ,H2741,GUILHERME,CASADA,-,KAPBOM,31,2026-06-07 00:00:00,2026-06-08 00:00:00,,,,,True,,,,,,,,,,,,
JUNHO_L128,JUNHO,Junho,128,2026-06-05 00:00:00,05596,60.0,8.91,534.6,BOMBA ELETRICA RECARREGAVEL P/ GALÕES DE AGUA,ON-TA04,GUILHERME,CASADA,-,ONISTEK,31,2026-06-07 00:00:00,2026-06-08 00:00:00,,,,,True,,,,,,,,,,,,
JUNHO_L129,JUNHO,Junho,129,2026-06-05 00:00:00,05596,24.0,54.0,1296.0,KIT DE UTENSILIOS DE SILICONE PARA COZINHA,ON-LD004,GUILHERME,CASADA,-,ONISTEK,31,2026-06-07 00:00:00,2026-06-08 00:00:00,,,,,True,,,,,,,,,,,,
JUNHO_L130,JUNHO,Junho,130,2026-06-05 00:00:00,05596,20.0,61.2,1224.0,VARAL DE LUZES DE LED SOLAR,ON-LU118,GUILHERME,CASADA,-,ONISTEK,31,2026-06-07 00:00:00,2026-06-08 00:00:00,,,,,True,,,,,,,,,,,,
JUNHO_L131,JUNHO,Junho,131,2026-06-05 00:00:00,05596,24.0,27.9,669.6,CHALEIRA ELETRICA,ON-CL200/110,GUILHERME,CASADA,-,ONISTEK,31,2026-06-07 00:00:00,2026-06-08 00:00:00,,,,,True,,,,,,,,,,,,
JUNHO_L132,JUNHO,Junho,132,2026-06-05 00:00:00,05596,20.0,31.5,630.0,GARRAFA TÉRMICA,ON-LD045,GUILHERME,CASADA,-,ONISTEK,31,2026-06-07 00:00:00,2026-06-08 00:00:00,,,,,True,,,,,,,,,,,,
JUNHO_L133,JUNHO,Junho,133,2026-06-05 00:00:00,02668,20.0,73.0,1460.0,APARELHO RECPTOR DE RADIO DIFUSÃO,D-3204,GUILHERME,CASADA,-,GRASEP,31,2026-06-07 00:00:00,2026-06-08 00:00:00,,,,,True,,,,,,,,,,,,
JUNHO_L134,JUNHO,Junho,134,2026-06-05 00:00:00,02668,30.0,50.0,1500.0,RADIO PORTATIL FM/AM/USB,D-1602,GUILHERME,CASADA,-,GRASEP,31,2026-06-07 00:00:00,2026-06-08 00:00:00,,,,,True,,,,,,,,,,,,
JUNHO_L135,JUNHO,Junho,135,2026-06-05 00:00:00,02668,7.0,620.0,4340.0,"MONITOR LED 15,6"" POTENCIA 10W/12V",D-TELA03,GUILHERME,CASADA,-,GRASEP,31,2026-06-07 00:00:00,2026-06-08 00:00:00,,,,,True,,,,,,,,,,,,
JUNHO_L136,JUNHO,Junho,136,2026-06-05 00:00:00,02668,50.0,23.0,1150.0,RADIO PORTATIL BLUETOOTH/USB,D-Y03,GUILHERME,CASADA,-,GRASEP,31,2026-06-07 00:00:00,2026-06-08 00:00:00,,,,,True,,,,,,,,,,,,
JUNHO_L137,JUNHO,Junho,137,2026-06-05 00:00:00,02668,10.0,158.0,1580.0,APARELHO RECPTOR DE RADIO DIFUSÃO,D-X612,GUILHERME,CASADA,-,GRASEP,31,2026-06-07 00:00:00,2026-06-08 00:00:00,,,,,True,,,,,,,,,,,,
JUNHO_L138,JUNHO,Junho,138,2026-06-05 00:00:00,02668,20.0,68.0,1360.0,RADIO PORTATIL BLUETOOTH/USB,D-G228,GUILHERME,CASADA,-,GRASEP,31,2026-06-07 00:00:00,2026-06-08 00:00:00,,,,,True,,,,,,,,,,,,
JUNHO_L139,JUNHO,Junho,139,2026-06-05 00:00:00,02668,40.0,60.0,2400.0,RADIO PORTATIL BLUETOOTH/USB,D-G700,GUILHERME,CASADA,-,GRASEP,31,2026-06-07 00:00:00,2026-06-08 00:00:00,,,,,True,,,,,,,,,,,,
JUNHO_L140,JUNHO,Junho,140,2026-06-05 00:00:00,02668,20.0,40.0,800.0,RADIO PORTATIL BLUETOOTH/USB,D-K003,GUILHERME,CASADA,-,GRASEP,31,2026-06-07 00:00:00,2026-06-08 00:00:00,,,,,True,,,,,,,,,,,,
JUNHO_L141,JUNHO,Junho,141,2026-06-05 00:00:00,02668,100.0,12.5,1250.0,MUSICAL LED LAMP,D-LY06,GUILHERME,CASADA,-,GRASEP,31,2026-06-07 00:00:00,2026-06-08 00:00:00,,,,,True,,,,,,,,,,,,
JUNHO_L142,JUNHO,Junho,142,2026-06-05 00:00:00,920720,150.0,135.0,20250.0,"MONITOR LED 19"" BRAZIL PC BPC-19WE02-B PRETO",57944,GUSTAVO,NINJA,-,POWERPC,31,2026-06-10 00:00:00,,,,,,True,,,,,,,,,,,,
JUNHO_L143,JUNHO,Junho,143,2026-06-05 00:00:00,3429,100.0,10.8438,1084.38,PELÍCULA NANOTECH HD NEW EDITION 3 GERAÇÃO 180X120MM,581,LUCI,BINÁRIO,-,AMET,1,2026-06-10 00:00:00,2026-06-12 00:00:00,,,,,True,,,,,,,,,,,,
JUNHO_L144,JUNHO,Junho,144,2026-06-05 00:00:00,-,29.0,453.68,13156.72,DDR4 16GB 3200mhz WT RGB PC - C/ DISSIPADOR DE CALOR BRANCO RGB - CLANM,-,ISAAC,CASADA,-,POTENCIAL,1,2026-06-09 00:00:00,2026-06-12 00:00:00,,,,,True,,,,,,,,,,,,
JUNHO_L145,JUNHO,Junho,145,2026-06-08 00:00:00,09831,20.0,250.0,5000.0,PLACA MÃE H310 PC,G-H310,GUILHERME,CASADA,-,KNUP,31,2026-06-09 00:00:00,2026-06-10 00:00:00,,,,,True,,,,,,,,,,,,
JUNHO_L146,JUNHO,Junho,146,2026-06-08 00:00:00,19219,30.0,89.9,2697.0,FURADEIRA DE IMPACTO 110V ,BOM-9543,YHAN,CASADA,-,BOMVINK,31,2026-06-12 00:00:00,2026-06-12 00:00:00,,,,,True,,,,,,,,,,,,
JUNHO_L147,JUNHO,Junho,147,2026-06-08 00:00:00,19219,20.0,89.9,1798.0,FURADEIRA DE IMPACTO 220V,BOM-9544,YHAN,CASADA,-,BOMVINK,31,2026-06-12 00:00:00,2026-06-12 00:00:00,,,,,True,,,,,,,,,,,,
JUNHO_L148,JUNHO,Junho,148,2026-06-08 00:00:00,19219,100.0,15.99,1599.0,KIT DE CHAVES SOQUETES C/ 40PÇS 1/4 E 3/8,BOM-3906,YHAN,CASADA,-,BOMVINK,31,2026-06-12 00:00:00,2026-06-12 00:00:00,,,,,True,,,,,,,,,,,,
JUNHO_L149,JUNHO,Junho,149,2026-06-08 00:00:00,19219,50.0,115.9,5795.0,PARAFUSADEIRA BATERIA 21V,BOM-9969,YHAN,CASADA,-,BOMVINK,31,2026-06-12 00:00:00,2026-06-12 00:00:00,,,,,True,,,,,,,,,,,,
JUNHO_L150,JUNHO,Junho,150,2026-06-08 00:00:00,19219,50.0,89.9,4495.0,PARAFUSADEIRA BATERIA 12V,BOM-9968,YHAN,CASADA,-,BOMVINK,31,2026-06-12 00:00:00,2026-06-12 00:00:00,,,,,True,,,,,,,,,,,,
JUNHO_L151,JUNHO,Junho,151,2026-06-08 00:00:00,19219,200.0,169.9,33980.0,SERRA CIRCULAR 110OW 110V,BOM-9577,YHAN,CASADA,-,BOMVINK,31,2026-06-12 00:00:00,2026-06-12 00:00:00,,,,,True,,,,,,,,,,,,
JUNHO_L152,JUNHO,Junho,152,2026-06-08 00:00:00,19219,42.0,139.9,5875.8,SERRA MARMORE 1200W 110V,BOM-9549,YHAN,CASADA,-,BOMVINK,31,2026-06-12 00:00:00,2026-06-12 00:00:00,,,,,True,,,,,,,,,,,,
JUNHO_L153,JUNHO,Junho,153,2026-06-08 00:00:00,19219,50.0,99.9,4995.0,SOPRADOR AR TURBO 21V,BOM-9725,YHAN,CASADA,-,BOMVINK,31,2026-06-12 00:00:00,2026-06-12 00:00:00,,,,,True,,,,,,,,,,,,
JUNHO_L154,JUNHO,Junho,154,2026-06-08 00:00:00,09854,20.0,25.2,504.0,BASE P/ NOTBOOK DE PLÁSTICO,OR-9012,GUILHERME,CASADA,-,KNUP,31,2026-06-08 00:00:00,2026-06-09 00:00:00,,,,,True,,,,,,,,,,,,
JUNHO_L155,JUNHO,Junho,155,2026-06-08 00:00:00,09854,6.0,367.0,2202.0,FONTE DE ALIMENTAÇÃO P/ PC (ATX 1000W),FO-MAX10,GUILHERME,CASADA,-,KNUP,31,2026-06-08 00:00:00,2026-06-09 00:00:00,,,,,True,,,,,,,,,,,,
JUNHO_L156,JUNHO,Junho,156,2026-06-08 00:00:00,09854,40.0,11.2,448.0,ANTENA DIGITAL HDTV INTERNA E EXTERNA ,OR-MI802/5M,GUILHERME,CASADA,-,KNUP,31,2026-06-08 00:00:00,2026-06-09 00:00:00,,,,,True,,,,,,,,,,,,
JUNHO_L157,JUNHO,Junho,157,2026-06-08 00:00:00,18876,48.0,44.9,2155.2,CHUVEIRO ELETRICO C/ DUCHA 6000W 110V,BOM-2485,YHAN,CASADA,-,BOMVINK,31,2026-06-12 00:00:00,2026-06-12 00:00:00,,,,,True,,,,,,,,,,,,
JUNHO_L158,JUNHO,Junho,158,2026-06-08 00:00:00,18876,24.0,44.9,1077.6,CHUVEIRO ELETRICO C/ DUCHA 6000W 220V,BOM-2486,YHAN,CASADA,-,BOMVINK,31,2026-06-12 00:00:00,2026-06-12 00:00:00,,,,,True,,,,,,,,,,,,
JUNHO_L159,JUNHO,Junho,159,2026-06-08 00:00:00,18876,12.0,199.9,2398.8,SERRA CIRCULAR C/ GUIAMENTO A LASER 1350W 110V,BOM-9579,YHAN,CASADA,-,BOMVINK,31,2026-06-12 00:00:00,2026-06-12 00:00:00,,,,,True,,,,,,,,,,,,
JUNHO_L160,JUNHO,Junho,160,2026-06-08 00:00:00,18876,12.0,159.9,1918.8,PISTOLA DE PINTURA PILVERIZADA ELETRICA 127V 800W,BOM-9643,YHAN,CASADA,-,BOMVINK,31,2026-06-12 00:00:00,2026-06-12 00:00:00,,,,,True,,,,,,,,,,,,
JUNHO_L161,JUNHO,Junho,161,2026-06-08 00:00:00,18876,72.0,55.9,4024.8,COMPRESSOR DE AR PORTÁTIL DIGITAL ,BOM-8903,YHAN,CASADA,-,BOMVINK,31,2026-06-12 00:00:00,2026-06-12 00:00:00,,,,,True,,,,,,,,,,,,
JUNHO_L162,JUNHO,Junho,162,2026-06-08 00:00:00,18876,80.0,26.99,2159.2,PURIFICADOR DE AGUA P/ TORNEIRA,BOM-2509,YHAN,CASADA,-,BOMVINK,31,2026-06-12 00:00:00,MERCADORIA NÃO RETIRADA,,,,,True,,,,,,,,,,,,
JUNHO_L163,JUNHO,Junho,163,2026-06-08 00:00:00,18876,50.0,19.99,999.5,LUMINARIA DE JARDIM C/ PLACA SOLAR ESPETO 8 LEDS,BOM-4606,YHAN,CASADA,-,BOMVINK,31,2026-06-12 00:00:00,2026-06-12 00:00:00,,,,,True,,,,,,,,,,,,
JUNHO_L164,JUNHO,Junho,164,2026-06-08 00:00:00,18876,30.0,46.9,1407.0,KIT 8 LUMINARIAS SOLAR DE JARDIM,BOM-4620,YHAN,CASADA,-,BOMVINK,31,2026-06-12 00:00:00,2026-06-12 00:00:00,,,,,True,,,,,,,,,,,,
JUNHO_L165,JUNHO,Junho,165,2026-06-08 00:00:00,18876,20.0,50.9,1018.0,KIT 6 LUMINARIAS SOLAR DE JARDIM 98*98*405,BOM-4612,YHAN,CASADA,-,BOMVINK,31,2026-06-12 00:00:00,2026-06-12 00:00:00,,,,,True,,,,,,,,,,,,
JUNHO_L166,JUNHO,Junho,166,2026-06-08 00:00:00,18887,100.0,8.99,899.0,KIT SACA PARAFUSOS 6 PÇS,BOM-5204,OSMAR,REPRESENTANTE,J.BATISTA,BOMVINK,31,2026-06-16 00:00:00,2026-06-17 00:00:00,,,,,True,,,,,,,,,,,,
JUNHO_L167,JUNHO,Junho,167,2026-06-08 00:00:00,18887,50.0,156.0,7800.0,DISCO REBOLO DESBASTE DIAMANTADO TURBO CONCRETO 115MM,BOM-5120,OSMAR,REPRESENTANTE,J.BATISTA,BOMVINK,31,2026-06-16 00:00:00,2026-06-17 00:00:00,,,,,True,,,,,,,,,,,,
JUNHO_L168,JUNHO,Junho,168,2026-06-08 00:00:00,18887,10.0,199.9,1999.0,NIVEL A LASER C/ 16 LINHAS ,BOM-6213,OSMAR,REPRESENTANTE,J.BATISTA,BOMVINK,31,2026-06-16 00:00:00,2026-06-17 00:00:00,,,,,True,,,,,,,,,,,,
JUNHO_L169,JUNHO,Junho,169,2026-06-08 00:00:00,18887,60.0,28.8,1728.0,TERMOMETRO DIGITAL INFRAVERMELHO MIRA LASER,BOM-6701,OSMAR,REPRESENTANTE,J.BATISTA,BOMVINK,31,2026-06-16 00:00:00,2026-06-17 00:00:00,,,,,True,,,,,,,,,,,,
JUNHO_L170,JUNHO,Junho,170,2026-06-08 00:00:00,18918,8.0,289.9,2319.2,MARTELO PERFURADOR E ROMPEDOR 1000W-110V,BOM-9595,ISAAC,CASADA,-,BOMVINK,31,2026-06-16 00:00:00,2026-06-17 00:00:00,,,,,True,,,,,,,,,,,,
JUNHO_L171,JUNHO,Junho,171,2026-06-08 00:00:00,09866,100.0,139.0,13900.0,SWITCH POE 8 PORTAS,KP-PW004,ISAAC,CASADA,-,KNUP,31,2026-06-09 00:00:00,2026-06-10 00:00:00,,,,,True,,,,,,,,,,,,
JUNHO_L172,JUNHO,Junho,172,2026-06-08 00:00:00,09866,50.0,335.0,16750.0,SWITCH POE 16 PORTAS,KP-PW005,ISAAC,CASADA,-,KNUP,31,2026-06-09 00:00:00,2026-06-10 00:00:00,,,,,True,,,,,,,,,,,,
JUNHO_L173,JUNHO,Junho,173,2026-06-08 00:00:00,226619,120.0,155.82,18698.4,GABINETE GAMER PRETO,GB1790,GUILHERME,CASADA,-,HAYOM,31,CANCELADO,,2026-06-10 00:00:00,,,,False,,,,,,,,,,,,
JUNHO_L174,JUNHO,Junho,174,2026-06-08 00:00:00,0002,500.0,65.0,32500.0,HD 500 GB DESK SEAGATE,-,ISAAC,CASADA,-,ALESSANDRA,1,2026-06-19 00:00:00,2026-06-19 00:00:00,2026-06-09 00:00:00,,,,True,,,,,,,,,,,,
JUNHO_L175,JUNHO,Junho,175,2026-06-08 00:00:00,06453,200.0,28.8,5760.0,SWITCH 5 PORTAS,ATS-105G,GLEY,LICITAÇÃO,-,AITEK,1,2026-06-09 00:00:00,2026-06-15 00:00:00,,,,,True,,,,,,,,,,,,
JUNHO_L176,JUNHO,Junho,176,2026-06-08 00:00:00,06453,200.0,52.2,10440.0,SWITCH 8 PORTAS 1000MBPS,ATS-108G,GLEY,LICITAÇÃO,-,AITEK,1,2026-06-09 00:00:00,2026-06-15 00:00:00,,,,,True,,,,,,,,,,,,
JUNHO_L177,JUNHO,Junho,177,2026-06-08 00:00:00,06453,64.0,135.0,8640.0,SWITCH POE 8+2+1,ATS-1082,GLEY,LICITAÇÃO,-,AITEK,1,2026-06-09 00:00:00,2026-06-15 00:00:00,,,,,True,,,,,,,,,,,,
JUNHO_L178,JUNHO,Junho,178,2026-06-08 00:00:00,18706,200.0,5.115,1023.0,CARREGADOR UNIVERSAL LCD P/ CELULAR,LE-U300,YHAN,CASADA,-,IT BLUE,1,2026-06-09 00:00:00,2026-06-10 00:00:00,,,,,True,,,,,,,,,,,,
JUNHO_L179,JUNHO,Junho,179,2026-06-08 00:00:00,18706,100.0,6.51,651.0,CABO RJ45 10M,LE-304,YHAN,CASADA,-,IT BLUE,1,2026-06-09 00:00:00,2026-06-10 00:00:00,,,,,True,,,,,,,,,,,,
JUNHO_L180,JUNHO,Junho,180,2026-06-08 00:00:00,18706,50.0,8.37,418.5,CABO RJ45 15M,LE-305,YHAN,CASADA,-,IT BLUE,1,2026-06-09 00:00:00,2026-06-10 00:00:00,,,,,True,,,,,,,,,,,,
JUNHO_L181,JUNHO,Junho,181,2026-06-08 00:00:00,18706,50.0,15.81,790.5,CABO RJ45 30M,LE-307,YHAN,CASADA,-,IT BLUE,1,2026-06-09 00:00:00,2026-06-10 00:00:00,,,,,True,,,,,,,,,,,,
JUNHO_L182,JUNHO,Junho,182,2026-06-08 00:00:00,18706,200.0,5.301,1060.2,FONE DE OUVIDO ,LE-0213,YHAN,CASADA,-,IT BLUE,1,2026-06-09 00:00:00,2026-06-10 00:00:00,,,,,True,,,,,,,,,,,,
JUNHO_L183,JUNHO,Junho,183,2026-06-08 00:00:00,18706,200.0,6.975,1395.0,CARREGADOR DE VIAGEM 2 USB 5.1A,LE-258,YHAN,CASADA,-,IT BLUE,1,2026-06-09 00:00:00,2026-06-10 00:00:00,,,,,True,,,,,,,,,,,,
JUNHO_L184,JUNHO,Junho,184,2026-06-08 00:00:00,18706,200.0,6.975,1395.0,CARREGADOR VEICULAR 1 USB 1 TIPO-C 3.4A,LE-531,YHAN,CASADA,-,IT BLUE,1,2026-06-09 00:00:00,2026-06-10 00:00:00,,,,,True,,,,,,,,,,,,
JUNHO_L185,JUNHO,Junho,185,2026-06-08 00:00:00,18706,200.0,10.044,2008.8,CARREGADOR VEICULAR 1 USB 1PD 48W,LE-536,YHAN,CASADA,-,IT BLUE,1,2026-06-09 00:00:00,2026-06-10 00:00:00,,,,,True,,,,,,,,,,,,
JUNHO_L186,JUNHO,Junho,186,2026-06-08 00:00:00,18706,200.0,18.507,3701.4,RADIO REPRODUTOR DE SOM,LE-650,YHAN,CASADA,-,IT BLUE,1,2026-06-09 00:00:00,2026-06-10 00:00:00,,,,,True,,,,,,,,,,,,
JUNHO_L187,JUNHO,Junho,187,2026-06-08 00:00:00,18706,150.0,10.695,1604.25,FLASH LIGHT,LE-8345,YHAN,CASADA,-,IT BLUE,1,2026-06-09 00:00:00,2026-06-10 00:00:00,,,,,True,,,,,,,,,,,,
JUNHO_L188,JUNHO,Junho,188,2026-06-08 00:00:00,18706,24.0,52.08,1249.92,FLASH LIGHT,LE-8306,YHAN,CASADA,-,IT BLUE,1,2026-06-09 00:00:00,2026-06-10 00:00:00,,,,,True,,,,,,,,,,,,
JUNHO_L189,JUNHO,Junho,189,2026-06-08 00:00:00,18706,60.0,22.32,1339.2,FLASH LIGHT,LE-8347,YHAN,CASADA,-,IT BLUE,1,2026-06-09 00:00:00,2026-06-10 00:00:00,,,,,True,,,,,,,,,,,,
JUNHO_L190,JUNHO,Junho,190,2026-06-08 00:00:00,-,20.0,250.0,5000.0,DDR4 8GB 2666 PC,DDR4 8GB,ISAAC,CASADA,-,JOICE,31,2026-06-11 00:00:00,2026-06-11 00:00:00,2026-06-09 00:00:00,,,,True,,,,,,,,,,,,
JUNHO_L191,JUNHO,Junho,191,2026-06-08 00:00:00,-,6.0,190.0,1140.0,FIRE TV STIC SELECT 8GB WI-FI 5,-,PATRÍCIA,CASADA,-,LENA WJR,31,2026-06-12 00:00:00,2026-06-12 00:00:00,2026-06-08 00:00:00,,,,True,,,,,,,,,,,,
JUNHO_L192,JUNHO,Junho,192,2026-06-09 00:00:00,-,10.0,806.5,8065.0,DDR5 16GB 4800XMP BK PC - C/ DISSIPADOR DE CALOR PRETO - CLANM,DDR5 16GB,PATRÍCIA,CASADA,-,POTENCIAL,1,2026-06-08 00:00:00,,,,,,False,,,,,,,,,,,,
JUNHO_L193,JUNHO,Junho,193,2026-06-09 00:00:00,09922,12.0,286.0,3432.0,FONTE DE ALIMENTAÇÃO P/ PC (ATX 750W),FO-MAX08,YHAN,CASADA,-,KNUP,31,2026-06-10 00:00:00,2026-06-10 00:00:00,,,,,True,,,,,,,,,,,,
JUNHO_L194,JUNHO,Junho,194,2026-06-09 00:00:00,09970,100.0,300.0,30000.0,PLACA MÃE H511 LGA1200,G-H511,YHAN,CASADA,-,KNUP,31,2026-06-11 00:00:00,2026-06-15 00:00:00,,,,,True,,,,,,,,,,,,
JUNHO_L195,JUNHO,Junho,195,2026-06-09 00:00:00,09969,100.0,250.0,25000.0,PLACA MÃE H310 PC,G-H310,GUILHERME,CASADA,-,KNUP,31,2026-06-15 00:00:00,2026-06-17 00:00:00,,,,,True,,,,,,,,,,,,
JUNHO_L196,JUNHO,Junho,196,2026-06-09 00:00:00,09977,10.0,232.0,2320.0,FONTE DE ALIMENTAÇÃO P/ PC (ATX 750W),FO-MAX03RGB,ISAAC,CASADA,-,KNUP,31,2026-06-10 00:00:00,2026-06-10 00:00:00,,,,,True,,,,,,,,,,,,
JUNHO_L197,JUNHO,Junho,197,2026-06-09 00:00:00,09977,100.0,94.5,9450.0,SMARTWATCH,RG-W90,ISAAC,CASADA,-,KNUP,31,2026-06-10 00:00:00,2026-06-10 00:00:00,,,,,True,,,,,,,,,,,,
JUNHO_L198,JUNHO,Junho,198,2026-06-09 00:00:00,09977,60.0,34.2,2052.0,RELOGIO ESPORTIVO,RG-SW35,ISAAC,CASADA,-,KNUP,31,2026-06-10 00:00:00,2026-06-10 00:00:00,,,,,True,,,,,,,,,,,,
JUNHO_L199,JUNHO,Junho,199,2026-06-09 00:00:00,921152,1000.0,135.0,135000.0,"MONITOR LED 19"" BRAZIL PC BPC-19WE02-B PRETO",57944,GUILHERME,CASADA,-,POWERPC,31,ATRASADO,,,,,,False,,,,,,,,,,,,
JUNHO_L200,JUNHO,Junho,200,2026-06-09 00:00:00,19091,20.0,89.9,1798.0,ESMERILHADEIRA ANGULAR 850W 110V,BOM-9551,ISAAC,CASADA,-,BOMVINK,1,2026-06-15 00:00:00,2026-06-17 00:00:00,,,,,True,,,,,,,,,,,,
JUNHO_L201,JUNHO,Junho,201,2026-06-10 00:00:00,06531,20.0,522.0,10440.0,PLACA DE VÍDEO RX550 4GB DDR5,DELTA-RX560,YHAN,ESTOQUE,-,DELTA,1,2026-06-10 00:00:00,2026-06-15 00:00:00,,,,,True,,,,,,,,,,,,
JUNHO_L202,JUNHO,Junho,202,2026-06-10 00:00:00,90404,30.0,25.0,750.0,ADAPTADOR USB 3.0 P/ RJ45 10/100/1000,LT-1168,YHAN,CASADA,-,F&L,31,2026-06-15 00:00:00,2026-06-15 00:00:00,2026-06-10 00:00:00,,,,True,,,,,,,,,,,,
JUNHO_L203,JUNHO,Junho,203,2026-06-10 00:00:00,90404,170.0,25.0,4250.0,ADAPTADOR USB 3.0 P/ RJ45 10/100/1000,LT-1168,YHAN,ESTOQUE,-,F&L,31,2026-06-15 00:00:00,2026-06-15 00:00:00,2026-06-10 00:00:00,,,,True,,,,,,,,,,,,
JUNHO_L204,JUNHO,Junho,204,2026-06-10 00:00:00,02755,1.0,10400.0,10400.0,"TELA INTERATIVA TOUCH 98""",D-DG98TI,NETO,SHOWROOM,-,GRASEP,31,2026-06-11 00:00:00,,,,,,False,,,,,,,,,,,,
JUNHO_L205,JUNHO,Junho,205,2026-06-10 00:00:00,02755,1.0,600.0,600.0,"SUPORTE DE METAL PARA TELA INTERATIVA 60""-150""",D-ZJ05,NETO,SHOWROOM,-,GRASEP,31,2026-06-11 00:00:00,,,,,,False,,,,,,,,,,,,
JUNHO_L206,JUNHO,Junho,206,2026-06-10 00:00:00,14205,6.0,193.5,1161.0,ETIQUETA TÉRMICA 5000*2,MPT-10M,GUSTAVO,NINJA,-,TOMATE,1,2026-06-11 00:00:00,,,,,,True,,,,,,,,,,,,
JUNHO_L207,JUNHO,Junho,207,2026-06-10 00:00:00,14205,10.0,36.0,360.0,BOBINA TÉRMICA 57*15MM,MPT-P5838,GUSTAVO,NINJA,-,TOMATE,1,2026-06-11 00:00:00,,,,,,True,,,,,,,,,,,,
JUNHO_L208,JUNHO,Junho,208,2026-06-10 00:00:00,09983,100.0,9.0,900.0,CONTROLE DE VÍDEO GAME,KP-3124,GUSTAVO,NINJA,-,KNUP,1,2026-06-24 00:00:00,,,,,,True,,,,,,,,,,,,
JUNHO_L209,JUNHO,Junho,209,2026-06-10 00:00:00,09983,100.0,40.5,4050.0,CONTROLE DE MÃO P/ VIDRO ELÉTRICO,KP-GM033,GUSTAVO,NINJA,-,KNUP,1,2026-06-24 00:00:00,,,,,,True,,,,,,,,,,,,
JUNHO_L210,JUNHO,Junho,210,2026-06-10 00:00:00,09983,50.0,44.5,2225.0,"CONTROLE DE JOGOS JOYPAD, TIPO MANETE",KP-GM036,GUSTAVO,NINJA,-,KNUP,1,2026-06-24 00:00:00,,,,,,True,,,,,,,,,,,,
JUNHO_L211,JUNHO,Junho,211,2026-06-10 00:00:00,09983,100.0,44.5,4450.0,CASE SSD M.2,KP-HD829/N,GUSTAVO,NINJA,-,KNUP,1,2026-06-24 00:00:00,,,,,,True,,,,,,,,,,,,
JUNHO_L212,JUNHO,Junho,212,2026-06-10 00:00:00,613108,100.0,28.0,2800.0,ADAPTADOR WIFI C/ 4 ANTENAS (5G) 1200M,KA-T8190,YHAN,CASADA,-,KAPBOM,1,2026-06-16 00:00:00,2026-06-17 00:00:00,,,,,True,,,,,,,,,,,,
JUNHO_L213,JUNHO,Junho,213,2026-06-10 00:00:00,10122,1500.0,80.0,120000.0,PLACA MÃE H61 LGA1155 REALTEK 8111E 100/1000MBPS,G-H61/S,GUILHERME,CASADA,-,KNUP,1,ATRASADO,,,,,,False,,,,,,,,,,,,
JUNHO_L214,JUNHO,Junho,214,2026-06-10 00:00:00,10122,500.0,80.0,40000.0,PLACA MÃE H61 LGA1155 REALTEK 8111E 100/1000MBPS,G-H61/S,GUILHERME,ESTOQUE,-,KNUP,1,2026-06-15 00:00:00,2026-06-15 00:00:00,,,,,True,,,,,,,,,,,,
JUNHO_L215,JUNHO,Junho,215,2026-06-10 00:00:00,2126,2.0,1899.0,3798.0,"SMART TV HQ QLED UHD 55""",96635,GLEY,LICITAÇÃO,-,BELMICRO,1,2026-06-11 00:00:00,2026-06-11 00:00:00,,,,,True,,,,,,,,,,,,
JUNHO_L216,JUNHO,Junho,216,2026-06-10 00:00:00,5153,2.0,1899.0,3798.0,"SMART TV HQ QLED UHD 55""",96635,GLEY,LICITAÇÃO,-,BELMICRO,1,2026-06-11 00:00:00,2026-06-11 00:00:00,,,,,True,,,,,,,,,,,,
JUNHO_L217,JUNHO,Junho,217,2026-06-10 00:00:00,921326,100.0,135.0,13500.0,"MONITOR LED 19"" BRAZIL PC BPC-19WE02-B PRETO",57944,GUILHERME,CASADA,-,POWERPC,31,2026-06-17 00:00:00,2026-06-18 00:00:00,,,,,True,,,,,,,,,,,,
JUNHO_L218,JUNHO,Junho,218,2026-06-10 00:00:00,921326,350.0,135.0,47250.0,"MONITOR LED 19"" TRONOS TRS-HK19WY PRETO VESA WIDESCREEN",57966,GUILHERME,CASADA,-,POWERPC,31,2026-06-17 00:00:00,2026-06-18 00:00:00,,,,,True,,,,,,,,,,,,
JUNHO_L219,JUNHO,Junho,219,2026-06-10 00:00:00,-,3.0,810.0,2430.0,NVME 1TB,-,YHAN,CASADA,-,NJS,31,2026-06-12 00:00:00,2026-06-12 00:00:00,ABATER,,,,True,,,,,,,,,,,,
JUNHO_L220,JUNHO,Junho,220,2026-06-10 00:00:00,14150,800.0,12.058,9646.4,"FILTRO DE LINHA 04 TOMADAS PR PP CIRCULAR 3X0 75X1,00M SACO PLASTICO",-,-,-,-,MEGATRON,31,2026-06-12 00:00:00,,,,,,False,,,,,,,,,,,,
JUNHO_L221,JUNHO,Junho,221,2026-06-10 00:00:00,14150,600.0,20.134,12080.4,"FILTRO DE LINHA 06 TOMADAS PT PP CIRCULAR 3X0 75X3,00M SACO",-,-,-,-,MEGATRON,31,2026-06-12 00:00:00,,,,,,False,,,,,,,,,,,,
JUNHO_L222,JUNHO,Junho,222,2026-06-10 00:00:00,14150,300.0,14.31,4293.0,"FILTRO DE LINHA 05 TOMADAS PR PP CIRCULAR 3X0, 75X1,00M SACO PLASTICO",-,-,-,-,MEGATRON,31,2026-06-12 00:00:00,,,,,,False,,,,,,,,,,,,
JUNHO_L223,JUNHO,Junho,223,2026-06-10 00:00:00,106716,20.0,666.39,13327.8,PLACA DE VÍDEO GTX1050TI 4GB DDR5 ABIT,-,NETO,ESTOQUE,-,DUEX,31,2026-06-15 00:00:00,2026-06-17 00:00:00,,,,,True,,,,,,,,,,,,
JUNHO_L224,JUNHO,Junho,224,2026-06-10 00:00:00,19315,60.0,7.51,450.6,NIVEL MANUAL COM REGUA DE 50CM E 3 BOLHAS P/ CONTRUÇÃO,BOM-6521,YHAN,CASADA,-,BOMVINK,31,2026-06-16 00:00:00,,,,,,False,,,,,,,,,,,,
JUNHO_L225,JUNHO,Junho,225,2026-06-10 00:00:00,19315,60.0,6.18,370.8,NIVEL MANUAL COM REGUA DE 30CM E 3 BOLHAS P/ CONSTRUÇÃO,BOM-6520,YHAN,CASADA,-,BOMVINK,31,2026-06-16 00:00:00,,,,,,False,,,,,,,,,,,,
JUNHO_L226,JUNHO,Junho,226,2026-06-10 00:00:00,19315,10.0,132.91,1329.1,"JOGO DE SOQUETES 1/2"" COM REVERSIVEL COMBINADAS 37PÇS",BOM-3917,YHAN,CASADA,-,BOMVINK,31,2026-06-16 00:00:00,,,,,,False,,,,,,,,,,,,
JUNHO_L227,JUNHO,Junho,227,2026-06-10 00:00:00,19315,3.0,256.41,769.23,KIT JOGO DE CHAVES CATRACA SOQUETE 124 PÇS,BOM-3911,YHAN,CASADA,-,BOMVINK,31,2026-06-16 00:00:00,,,,,,False,,,,,,,,,,,,
JUNHO_L228,JUNHO,Junho,228,2026-06-10 00:00:00,19315,100.0,8.54,854.0,MAÇARICO PORTIL CULINARIA,BOM-1535,YHAN,CASADA,-,BOMVINK,31,2026-06-16 00:00:00,,,,,,False,,,,,,,,,,,,
JUNHO_L229,JUNHO,Junho,229,2026-06-10 00:00:00,19315,10.0,85.41,854.1,ESMERILHADEIRA ANGULAR 850W 110V,BOM-9551,YHAN,CASADA,-,BOMVINK,31,2026-06-16 00:00:00,,,,,,False,,,,,,,,,,,,
JUNHO_L230,JUNHO,Junho,230,2026-06-11 00:00:00,19328,60.0,44.64,2678.4,LANTERNA,LE-8314,OSMAR,CASADA,-,IT BLUE,31,2026-06-12 00:00:00,2026-06-15 00:00:00,,,,,True,,,,,,,,,,,,
JUNHO_L231,JUNHO,Junho,231,2026-06-11 00:00:00,-,50.0,914.03,45701.5,DDR5 16GB 6000XMP BK PC - C/ DISSIPADOR DE CALOR PRETO - CLANM,DDR5 16GB,GUILHERME,CASADA,-,POTENCIAL,1,2026-06-26 00:00:00,2026-06-19 00:00:00,,,,,True,,,,,,,,,,,,
JUNHO_L232,JUNHO,Junho,232,2026-06-11 00:00:00,1060821,50.0,539.9,26995.0,PROCESSADOR AMD RYZEN 5 5500 BOX,457BOX,CESAR,LICITAÇÃO,-,FADUNDEZ,1,2026-06-16 00:00:00,2026-06-17 00:00:00,,,,,True,,,,,,,,,,,,
JUNHO_L233,JUNHO,Junho,233,2026-06-11 00:00:00,921437,1000.0,109.0,109000.0,PLACA MÃE BPC-H81 PC BRAZILPC 1150 ,69343,YHAN,ESTOQUE,-,POWERPC,31,2026-06-25 00:00:00,2026-06-25 00:00:00,,,,,True,,,,,,,,,,,,
JUNHO_L234,JUNHO,Junho,234,2026-06-11 00:00:00,921450,500.0,2.75,1375.0,CABO DE FORÇA P/ MONITOR/GABINETE OEM,44561,YHAN,CASADA,-,POWERPC,1,2026-06-17 00:00:00,2026-06-18 00:00:00,,,,,True,,,,,,,,,,,,
JUNHO_L235,JUNHO,Junho,235,2026-06-11 00:00:00,921450,500.0,25.35,12675.0,FONTE ATX PS3 230W TRONOS TRS-230V1.2 24 PINOS OEM,55921,YHAN,CASADA,-,POWERPC,1,2026-06-17 00:00:00,2026-06-18 00:00:00,,,,,True,,,,,,,,,,,,
JUNHO_L236,JUNHO,Junho,236,2026-06-11 00:00:00,921450,500.0,42.9,21450.0,GAB. MATX BRAZILPC BPC-N114MATX M255 S/BAIXA,70627,YHAN,CASADA,-,POWERPC,1,2026-06-17 00:00:00,2026-06-18 00:00:00,,,,,True,,,,,,,,,,,,
JUNHO_L237,JUNHO,Junho,237,2026-06-11 00:00:00,06571,50.0,261.0,13050.0,PLACA DE VÍDEO GT730 4GB DDR3,DELTA-GT730,CESAR,LICITAÇÃO,-,DELTA,1,2026-06-26 00:00:00,2026-06-26 00:00:00,,,,,True,,,,,,,,,,,,
JUNHO_L238,JUNHO,Junho,238,2026-06-11 00:00:00,06594,50.0,19.8,990.0,FONTE DE NOTEBOOK 72W,ATF-120,YHAN,CASADA,-,AITEK,1,2026-06-15 00:00:00,2026-06-16 00:00:00,,,,,False,,,,,,,,,,,,
JUNHO_L239,JUNHO,Junho,239,2026-06-11 00:00:00,10397,60.0,110.0,6600.0,PLACA MÃE H81 PC,G-H81/M,GUILHERME,CASADA,-,KNUP,31,2026-06-12 00:00:00,2026-06-12 00:00:00,,,,,True,,,,,,,,,,,,
JUNHO_L240,JUNHO,Junho,240,2026-06-11 00:00:00,10399,300.0,80.0,24000.0,PLACA MÃE B75 LGA1155,G-B75/S,GUILHERME,CASADA,-,KNUP,31,2026-06-12 00:00:00,2026-06-12 00:00:00,,,,,True,,,,,,,,,,,,
JUNHO_L241,JUNHO,Junho,241,2026-06-11 00:00:00,10398,200.0,4.0,800.0,SUPORTE DOBRAVEL PARA SMARTPHONES,OR-SP46,GUILHERME,CASADA,-,KNUP,31,2026-06-12 00:00:00,2026-06-12 00:00:00,,,,,True,,,,,,,,,,,,
JUNHO_L242,JUNHO,Junho,242,2026-06-11 00:00:00,10398,10.0,217.0,2170.0,INVERSOR DE POTENCIA 24VDC 110V/2000W,KP-551,GUILHERME,CASADA,-,KNUP,31,2026-06-12 00:00:00,2026-06-12 00:00:00,,,,,True,,,,,,,,,,,,
JUNHO_L243,JUNHO,Junho,243,2026-06-11 00:00:00,10398,20.0,135.5,2710.0,INVERSOR DE POTENCIA 12V/110V 1000W,LB-521,GUILHERME,CASADA,-,KNUP,31,2026-06-12 00:00:00,2026-06-12 00:00:00,,,,,True,,,,,,,,,,,,
JUNHO_L244,JUNHO,Junho,244,2026-06-11 00:00:00,11111,20.0,80.1,1602.0,ESPELHO LED COM ORGANIZADOR ,OIH-5201,OSMAR,ESTOQUE,-,OASIS,1,2026-06-14 00:00:00,2026-06-15 00:00:00,,,,,True,,,,,,,,,,,,
JUNHO_L245,JUNHO,Junho,245,2026-06-11 00:00:00,-,1.0,120.0,120.0,PAR ESPELHO RETROVISOR,10264,PATRÍCIA,CASADA,-,PANDA,31,2026-06-22 00:00:00,,2026-06-12 00:00:00,,,,True,,,,,,,,,,,,
JUNHO_L246,JUNHO,Junho,246,2026-06-11 00:00:00,16344,1000.0,13.8,13800.0,PENDRIVE MINI 16GB PREMIUM,-,GUILHERME,CASADA,-,MASTER DRIVE,1,2026-06-15 00:00:00,2026-06-16 00:00:00,,,,,True,,,,,,,,,,,,
JUNHO_L247,JUNHO,Junho,247,2026-06-11 00:00:00,16344,1200.0,41.7,50040.0,CARTÃO DE MEMÓRIA 64GB,-,GUILHERME,CASADA,-,MASTER DRIVE,1,2026-06-15 00:00:00,2026-06-16 00:00:00,,,,,True,,,,,,,,,,,,
JUNHO_L248,JUNHO,Junho,248,2026-06-11 00:00:00,14154,15860.0,1.5308,24278.488,CX CABO LAN U/UTP CAT5E 4X24 AWG CMX INT/EXT 305 M PT,C0305PT00,-,-,-,MEGATRON,31,2026-06-12 00:00:00,,,,,,False,,,,,,,,,,,,
JUNHO_L249,JUNHO,Junho,249,2026-06-11 00:00:00,14155,10675.0,2.5144,26841.22,BOB CABO LAN F/UTP CAT5E 4X24 AWG DUPLA CAPA EXTERNO 305 M PT,B0305PT00,-,-,-,MEGATRON,31,2026-06-12 00:00:00,,,,,,False,,,,,,,,,,,,
JUNHO_L250,JUNHO,Junho,250,2026-06-11 00:00:00,-,150.0,265.0,39750.0,HD 1TB WD PURPLE,HD 1TB,ISAAC,CASADA,-,JAVACOMP,31,2026-06-22 00:00:00,2026-06-22 00:00:00,,,,,True,,,,,,,,,,,,
JUNHO_L251,JUNHO,Junho,251,2026-06-11 00:00:00,-,40.0,1750.0,70000.0,HD 12TB WD PURPLE,HD 12TB,ISAAC,ESTOQUE,-,JAVACOMP,31,2026-06-22 00:00:00,2026-06-22 00:00:00,,,,,True,,,,,,,,,,,,
JUNHO_L252,JUNHO,Junho,252,2026-06-11 00:00:00,10374,50.0,315.0,15750.0,PLACA MÃE H610 PC,G-H610,OSMAR,CASADA,-,KNUP,31,2026-06-15 00:00:00,2026-06-15 00:00:00,,,,,True,,,,,,,,,,,,linha_duplicada_suspeita;
JUNHO_L253,JUNHO,Junho,253,2026-06-11 00:00:00,10374,50.0,315.0,15750.0,PLACA MÃE H610 PC,G-H610,YHAN,ESTOQUE,-,KNUP,31,2026-06-15 00:00:00,2026-06-15 00:00:00,,,,,True,,,,,,,,,,,,linha_duplicada_suspeita;
JUNHO_L254,JUNHO,Junho,254,2026-06-11 00:00:00,10370,500.0,14.4,7200.0,CONTROLE PARA VÍDEO GAME USB,KP-CN701/S,YHAN,CASADA,-,KNUP,31,2026-06-15 00:00:00,2026-06-15 00:00:00,,,,,True,,,,,,,,,,,,
JUNHO_L255,JUNHO,Junho,255,2026-06-11 00:00:00,16322,2000.0,165.0,330000.0,SSD 240GB,SSD 240GB,GUILHERME,CASADA,-,MASTER DRIVE,1,2026-06-16 00:00:00,2026-06-19 00:00:00,,,,,True,,,,,,,,,,,,
JUNHO_L256,JUNHO,Junho,256,2026-06-11 00:00:00,10371,50.0,25.7,1285.0,COOLER PARA PROCESSADOR CPU,G-VR303,ISAAC,CASADA,-,KNUP,1,2026-06-15 00:00:00,2026-06-15 00:00:00,,,,,True,,,,,,,,,,,,
JUNHO_L257,JUNHO,Junho,257,2026-06-12 00:00:00,19552,120.0,11.8,1416.0,MADRIL C/ CHAVE 1/2*20F ROSCA,BOM-5016,GUSTAVO,NINJA,-,BOMVINK,31,2026-06-16 00:00:00,,,,,,False,,,,,,,,,,,,
JUNHO_L258,JUNHO,Junho,258,2026-06-12 00:00:00,-,2.0,689.0,1378.0,"MONITOR DELL 24"" FULL HD IPS, 144HZ, 2HDMI",-,PATRÍCIA,CASADA,-,KABUM,1,2026-06-18 00:00:00,2026-06-18 00:00:00,2026-06-12 00:00:00,,,,True,,,,,,,,,,,,
JUNHO_L259,JUNHO,Junho,259,2026-06-12 00:00:00,10442,500.0,80.0,40000.0,PLACA MÃE B75 LGA1155,G-B75/S,YHAN,ESTOQUE,-,KNUP,1,2026-06-12 00:00:00,2026-07-02 00:00:00,,,,,True,,,,,,,,,,,,linha_duplicada_suspeita;
JUNHO_L260,JUNHO,Junho,260,2026-06-12 00:00:00,10442,500.0,80.0,40000.0,PLACA MÃE B75 LGA1155,G-B75/S,GUILHERME,CASADA,,KNUP,1,2026-06-12 00:00:00,2026-06-12 00:00:00,,,,,True,,,,,,,,,,,,linha_duplicada_suspeita;
JUNHO_L261,JUNHO,Junho,261,2026-06-12 00:00:00,16359,25.0,12.1,302.5,PENDRIVE MINI 8GB PREMIUM,-,LARA,ESTOQUE,-,MASTER DRIVE,1,2026-06-23 00:00:00,2026-06-24 00:00:00,,,,,False,,,,,,,,,,,,
JUNHO_L262,JUNHO,Junho,262,2026-06-12 00:00:00,10479,60.0,295.0,17700.0,PLACA MÃE H511 LGA1200,G-H511,GUILHERME,CASADA,-,KNUP,31,2026-06-14 00:00:00,2026-06-15 00:00:00,,,,,True,,,,,,,,,,,,
JUNHO_L263,JUNHO,Junho,263,2026-06-12 00:00:00,10483,80.0,24.6,1968.0,CARREGADOR P/ PILHA,KP-512BB,GUILHERME,CASADA,-,KNUP,31,2026-06-14 00:00:00,2026-06-15 00:00:00,,,,,True,,,,,,,,,,,,
JUNHO_L264,JUNHO,Junho,264,2026-06-12 00:00:00,10483,400.0,2.8,1120.0,MOUSE PAD,KP-S03,GUILHERME,CASADA,-,KNUP,31,2026-06-14 00:00:00,2026-06-15 00:00:00,,,,,True,,,,,,,,,,,,
JUNHO_L265,JUNHO,Junho,265,2026-06-12 00:00:00,10482,300.0,110.0,33000.0,PLACA MÃE H81 PC,G-H81/M,GUSTAVO,NINJA,-,KNUP,31,2026-06-16 00:00:00,,,,,,True,,,,,,,,,,,,
JUNHO_L266,JUNHO,Junho,266,2026-06-12 00:00:00,10482,30.0,57.2,1716.0,TRIPE PROFISSIONAL ,OR-PL2606,GUSTAVO,NINJA,-,KNUP,31,2026-06-16 00:00:00,,,,,,True,,,,,,,,,,,,
JUNHO_L267,JUNHO,Junho,267,2026-06-12 00:00:00,10482,50.0,16.7,835.0,SUPORTE PARA ETIQUETAS TERMICAS,KP-IMS607,GUSTAVO,NINJA,-,KNUP,31,2026-06-16 00:00:00,,,,,,True,,,,,,,,,,,,
JUNHO_L268,JUNHO,Junho,268,2026-06-12 00:00:00,10482,100.0,228.0,22800.0,TRANSMISSOR HDMI,KP-AW180,GUSTAVO,NINJA,-,KNUP,31,2026-06-16 00:00:00,,,,,,True,,,,,,,,,,,,
JUNHO_L269,JUNHO,Junho,269,2026-06-12 00:00:00,10481,100.0,68.6,6860.0,PLACA PCI-EXPRESS,KP-T119,YHAN,CASADA,-,KNUP,31,2026-06-16 00:00:00,2026-06-18 00:00:00,,,,,True,,,,,,,,,,,,
JUNHO_L270,JUNHO,Junho,270,2026-06-12 00:00:00,10581,1120.0,140.0,156800.0,PLACA DE VÍDEO GT610 2GB PC,G-GT610/2G,ISAAC,CASADA,-,KNUP,31,2026-06-20 00:00:00,2026-06-20 00:00:00,,,,,True,,,,,,,,,,,,
JUNHO_L271,JUNHO,Junho,271,2026-06-12 00:00:00,19635,30.0,20.81,624.3,CABO CHUPETA TRANSMISSÃO 800AMP 2.2M,BOM-1802,YHAN,CASADA,-,BOMVINK,31,2026-06-16 00:00:00,2026-06-17 00:00:00,,,,,True,,,,,,,,,,,,
JUNHO_L272,JUNHO,Junho,272,2026-06-12 00:00:00,19635,5.0,170.91,854.55,FURADEIRA E MARTELETE C/ IMPACTO 800W 220V,BOM-9558,YHAN,CASADA,-,BOMVINK,31,2026-06-16 00:00:00,2026-06-17 00:00:00,,,,,True,,,,,,,,,,,,
JUNHO_L273,JUNHO,Junho,273,2026-06-12 00:00:00,19635,30.0,132.91,3987.3,"JOGO DE SOQUETES 1/2"" COM REVERSIVEL COMBINADAS 37PÇS",BOM-3917,YHAN,CASADA,-,BOMVINK,31,2026-06-16 00:00:00,2026-06-17 00:00:00,,,,,True,,,,,,,,,,,,
JUNHO_L274,JUNHO,Junho,274,2026-06-12 00:00:00,19635,20.0,33.16,663.2,"KIT DE JOGO DE SOQUETES C/ ENCAIXE DE 1/2"" 12PE",BOM-3210,YHAN,CASADA,-,BOMVINK,31,2026-06-16 00:00:00,2026-06-17 00:00:00,,,,,True,,,,,,,,,,,,
JUNHO_L275,JUNHO,Junho,275,2026-06-12 00:00:00,19635,5.0,151.91,759.55,KIT DE JOGO DE CHAVES CATRACA SOQUETE 95PÇS,BOM-3912,YHAN,CASADA,-,BOMVINK,31,2026-06-16 00:00:00,2026-06-17 00:00:00,,,,,True,,,,,,,,,,,,
JUNHO_L276,JUNHO,Junho,276,2026-06-12 00:00:00,19635,24.0,18.91,453.84,MACHADO COM CABO DE FIBRA 600G,BOM-1005,YHAN,CASADA,-,BOMVINK,31,2026-06-16 00:00:00,2026-06-17 00:00:00,,,,,True,,,,,,,,,,,,
JUNHO_L277,JUNHO,Junho,277,2026-06-12 00:00:00,19635,30.0,104.41,3132.3,PARAFUSADEIRA BATERIA 21V,BOM-9970,YHAN,CASADA,-,BOMVINK,31,2026-06-16 00:00:00,2026-06-17 00:00:00,,,,,True,,,,,,,,,,,,
JUNHO_L278,JUNHO,Junho,278,2026-06-12 00:00:00,19635,3.0,569.91,1709.73,PERFURADOR DE SOLO A GASOLINA ,BOM-9213,YHAN,CASADA,-,BOMVINK,31,2026-06-16 00:00:00,2026-06-17 00:00:00,,,,,True,,,,,,,,,,,,
JUNHO_L279,JUNHO,Junho,279,2026-06-12 00:00:00,19635,20.0,48.44,968.8,JOGO DE CHAVE COMBINADA 6 A 22MM 12PÇS,BOM-3203,YHAN,CASADA,-,BOMVINK,31,2026-06-16 00:00:00,2026-06-17 00:00:00,,,,,True,,,,,,,,,,,,
JUNHO_L280,JUNHO,Junho,280,2026-06-12 00:00:00,19635,4.0,180.41,721.64,MISTURADOR ELETRICO PARA ARGAMASSA E TINTA 1300W 110V,BOM-9599,YHAN,CASADA,-,BOMVINK,31,2026-06-16 00:00:00,2026-06-17 00:00:00,,,,,True,,,,,,,,,,,,
JUNHO_L281,JUNHO,Junho,281,2026-06-12 00:00:00,19635,24.0,35.91,861.84,KIT PINTURA PAREDE ROLO DELA 10PÇS,BOM-3610,YHAN,CASADA,-,BOMVINK,31,2026-06-16 00:00:00,2026-06-17 00:00:00,,,,,True,,,,,,,,,,,,
JUNHO_L282,JUNHO,Junho,282,2026-06-12 00:00:00,19635,3.0,0.0,0.0,KIT COM 3 BROCAS E 1 HASTE PARA PERFURADOR DE SOLO,BOM-9214,YHAN,CASADA,-,BOMVINK,31,2026-06-16 00:00:00,2026-06-17 00:00:00,,,,,True,,,,,,,,,,,,
JUNHO_L283,JUNHO,Junho,283,2026-06-15 00:00:00,19753,5.0,239.9,1199.5,CHAVE DE IMPACTO 21V,BOM-9966,ISAAC,CASADA,-,BOMVINK,1,2026-06-16 00:00:00,2026-06-17 00:00:00,,,,,True,,,,,,,,,,,,
JUNHO_L284,JUNHO,Junho,284,2026-06-15 00:00:00,02888,1.0,10400.0,10400.0,"TELA INTERATIVA TOUCH 98""",D-DG98TI,NETO,-,-,GRASEP,31,2026-06-15 00:00:00,2026-06-10 00:00:00,,,,,True,,,,,,,,,,,,
JUNHO_L285,JUNHO,Junho,285,2026-06-15 00:00:00,02888,1.0,600.0,600.0,"SUPORTE DE METAL PARA TELA INTERATIVA 60""-150""",D-ZJ05,NETO,-,-,GRASEP,31,2026-06-15 00:00:00,2026-06-10 00:00:00,,,,,True,,,,,,,,,,,,
JUNHO_L286,JUNHO,Junho,286,2026-06-15 00:00:00,10603,200.0,106.0,21200.0,PLACA MÃE H81 PC,G-H81/M,ISAAC,CASADA,-,KNUP,31,2026-06-15 00:00:00,2026-06-15 00:00:00,,,,,True,,,,,,,,,,,,
JUNHO_L287,JUNHO,Junho,287,2026-06-15 00:00:00,10603,50.0,24.3,1215.0,COOLER PARA PROCESSADOR CPU,G-VR303,ISAAC,CASADA,-,KNUP,31,2026-06-16 00:00:00,2026-06-15 00:00:00,,,,,True,,,,,,,,,,,,
JUNHO_L288,JUNHO,Junho,288,2026-06-15 00:00:00,10603,20.0,46.7,934.0,COOLER PARA PROCESSADOR ,G-VR357,ISAAC,CASADA,-,KNUP,31,2026-06-16 00:00:00,2026-06-18 00:00:00,,,,,True,,,,,,,,,,,,
JUNHO_L289,JUNHO,Junho,289,2026-06-15 00:00:00,10643,20.0,305.0,6100.0,PLACA MÃE H610 PC,G-H610,GUILHERME,CASADA,-,KNUP,31,2026-06-16 00:00:00,,,,,,False,,,,,,,,,,,,
JUNHO_L290,JUNHO,Junho,290,2026-06-15 00:00:00,10644,20.0,285.0,5700.0,PLACA MÃE H511 LGA1200,G-H511,GUILHERME,CASADA,-,KNUP,31,2026-06-14 00:00:00,2026-06-15 00:00:00,,,,,True,,,,,,,,,,,,
JUNHO_L291,JUNHO,Junho,291,2026-06-15 00:00:00,19843,3.0,339.9,1019.7,MARTELETE ELETRICO 1800W 127V,BOM-9633,ISAAC,CASADA,-,BOMVINK,1,2026-06-16 00:00:00,2026-06-17 00:00:00,,,,,True,,,,,,,,,,,,
JUNHO_L292,JUNHO,Junho,292,2026-06-15 00:00:00,06706,24.0,103.5,2484.0,COOLER CPU GAMER,DELTA-C6220,ISAAC,CASADA,-,DELTA,1,2026-06-16 00:00:00,2026-06-17 00:00:00,,,,,True,,,,,,,,,,,,
JUNHO_L293,JUNHO,Junho,293,2026-06-15 00:00:00,06706,24.0,72.0,1728.0,COOLER CPU GAMER,DELTA-C4218,ISAAC,CASADA,-,DELTA,1,2026-06-16 00:00:00,2023-06-17 00:00:00,,,,,True,,,,,,,,,,,,
JUNHO_L294,JUNHO,Junho,294,2026-06-16 00:00:00,10763,50.0,44.2,2210.0,DRIVE EXTERNO GRAVADOR DE CD DVD CONEXAO ENTRADA USB,KP-LE303,GUILHERME,CASADA,-,KNUP,31,2026-06-16 00:00:00,2026-06-16 00:00:00,,,,,True,,,,,,,,,,,,
JUNHO_L295,JUNHO,Junho,295,2026-06-16 00:00:00,10762,2.0,255.0,510.0,PROJETOR ,KP-PJ012,PATRÍCIA,CASADA,-,KNUP,31,2026-06-18 00:00:00,2026-06-18 00:00:00,,,,,True,,,,,,,,,,,,
JUNHO_L296,JUNHO,Junho,296,2026-06-16 00:00:00,10762,1.0,255.0,255.0,PROJETOR ,KP-PJ012,PATRÍCIA,SHOWROOM,-,KNUP,31,2026-06-18 00:00:00,2026-06-18 00:00:00,,,,,True,,,,,,,,,,,,
JUNHO_L297,JUNHO,Junho,297,2026-06-16 00:00:00,10762,7.0,255.0,1785.0,PROJETOR ,KP-PJ012,PATRÍCIA,ESTOQUE,-,KNUP,31,2026-06-18 00:00:00,2026-06-18 00:00:00,,,,,True,,,,,,,,,,,,
JUNHO_L298,JUNHO,Junho,298,2026-06-16 00:00:00,10794,20.0,285.0,5700.0,PLACA MÃE H511 LGA1200,G-H511,GUILHERME,CASADA,-,KNUP,31,2026-06-15 00:00:00,2026-06-16 00:00:00,,,,,True,,,,,,,,,,,,
JUNHO_L299,JUNHO,Junho,299,2026-06-16 00:00:00,-,4.0,6300.0,25200.0,SCOOTER ELETRICA PRETA,A4,NETO,SHOWROOM,-,PANDA,31,2026-06-19 00:00:00,,2026-06-17 00:00:00,,,,True,,,,,,,,,,,,
JUNHO_L300,JUNHO,Junho,300,2026-06-16 00:00:00,-,2.0,6300.0,12600.0,SCOOTER ELETRICA PRATA,A4,NETO,SHOWROOM,-,PANDA,31,2026-06-19 00:00:00,,2026-06-17 00:00:00,,,,True,,,,,,,,,,,,
JUNHO_L301,JUNHO,Junho,301,2026-06-16 00:00:00,-,1.0,1940.0,1940.0,S10 LITE 5M X 400 128/6 109,-,PATRÍCIA,CASADA,-,LENA WJR,31,2026-06-19 00:00:00,,2026-06-16 00:00:00,,,,False,,,,,,,,,,,,linha_duplicada_suspeita;
JUNHO_L302,JUNHO,Junho,302,2026-06-16 00:00:00,-,1.0,530.0,530.0,ECHO SHOW 5º,-,PATRÍCIA,CASADA,-,LENA WJR,31,2026-06-18 00:00:00,2026-06-19 00:00:00,2026-06-16 00:00:00,,,,False,,,,,,,,,,,,
JUNHO_L303,JUNHO,Junho,303,2026-06-16 00:00:00,-,50.0,250.0,12500.0,DDR4 8GB 2666 PC,DDR4 8GB,YHAN,CASADA,-,JOICE,31,2026-06-17 00:00:00,,2026-06-18 00:00:00,,,,True,,,,,,,,,,,,
JUNHO_L304,JUNHO,Junho,304,2026-06-16 00:00:00,1061808,6.0,1399.9,8399.4,PROCESSADOR INTEL CORE I5 14400 BOX (LGA 1700/10 CORES / 3.5 GHZ),I5 14400,CESAR,LICITAÇÃO,-,FADUNDEZ,1,2026-06-24 00:00:00,2026-06-24 00:00:00,,,,,True,,,,,,,,,,,,
JUNHO_L305,JUNHO,Junho,305,2026-06-16 00:00:00,20064,20.0,50.99,1019.8,JOGO DE CHAVE COMBINADA 6 A 22MM 12PÇS,BOM-3203,YHAN,CASADA,-,BOMVINK,31,2026-06-16 00:00:00,2026-06-17 00:00:00,,,,,True,,,,,,,,,,,,
JUNHO_L306,JUNHO,Junho,306,2026-06-16 00:00:00,20064,1.0,249.9,249.9,ASPIRADOR DE PÓ E ÁGUA 1400W 15 LITROS 220V,BOM-7016,YHAN,CASADA,-,BOMVINK,31,2026-06-16 00:00:00,2026-06-17 00:00:00,,,,,True,,,,,,,,,,,,
JUNHO_L307,JUNHO,Junho,307,2026-06-16 00:00:00,20064,4.0,189.9,759.6,MISTURADOR ELETRICO PARA ARGAMASSA E TINTA 1300W 220V,BOM-9600,YHAN,CASADA,-,BOMVINK,31,2026-06-16 00:00:00,2026-06-17 00:00:00,,,,,True,,,,,,,,,,,,
JUNHO_L308,JUNHO,Junho,308,2026-06-16 00:00:00,20064,36.0,27.9,1004.4,KIT PINTURA PAREDE ROLO DELA 6PÇS,BOM-3609,YHAN,CASADA,-,BOMVINK,31,2026-06-16 00:00:00,2026-06-17 00:00:00,,,,,True,,,,,,,,,,,,
JUNHO_L309,JUNHO,Junho,309,2026-06-16 00:00:00,20064,60.0,8.9,534.0,MINI MARTELO ,BOM-1003,YHAN,CASADA,-,BOMVINK,31,2026-06-16 00:00:00,2026-06-17 00:00:00,,,,,True,,,,,,,,,,,,
JUNHO_L310,JUNHO,Junho,310,2026-06-16 00:00:00,20064,20.0,14.9,298.0,JOGO DE GRAMPOS COM NIVEL 4 PÇS PARA MARCENARIA,BOM-3138,YHAN,CASADA,-,BOMVINK,31,2026-06-16 00:00:00,2026-06-17 00:00:00,,,,,True,,,,,,,,,,,,
JUNHO_L311,JUNHO,Junho,311,2026-06-16 00:00:00,20064,60.0,12.99,779.4,JOGO DE BROCAS,BOM-5008,YHAN,CASADA,-,BOMVINK,31,2026-06-16 00:00:00,2026-06-17 00:00:00,,,,,True,,,,,,,,,,,,
JUNHO_L312,JUNHO,Junho,312,2026-06-16 00:00:00,20064,60.0,18.99,1139.4,JOGO DE 3 BROCA ESCALONADA,BOM-5021,YHAN,CASADA,-,BOMVINK,31,2026-06-16 00:00:00,2026-06-17 00:00:00,,,,,True,,,,,,,,,,,,
JUNHO_L313,JUNHO,Junho,313,2026-06-16 00:00:00,20064,10.0,109.9,1099.0,PARAFUSADEIRA BATERIA 21V,BOM-9970,YHAN,CASADA,-,BOMVINK,31,2026-06-16 00:00:00,2026-06-17 00:00:00,,,,,True,,,,,,,,,,,,
JUNHO_L314,JUNHO,Junho,314,2026-06-16 00:00:00,20064,6.0,89.99,539.94,PISTOLA DE PINTURA 110V,BOM-9569,YHAN,CASADA,-,BOMVINK,31,2026-06-16 00:00:00,2026-06-17 00:00:00,,,,,True,,,,,,,,,,,,
JUNHO_L315,JUNHO,Junho,315,2026-06-16 00:00:00,20064,5.0,259.9,1299.5,FURADEIRA DE IMPACTO 21V 100 N.M,BOM-9975,YHAN,CASADA,-,BOMVINK,31,2026-06-16 00:00:00,2026-06-17 00:00:00,,,,,True,,,,,,,,,,,,
JUNHO_L316,JUNHO,Junho,316,2026-06-16 00:00:00,20064,40.0,18.9,756.0,ABRAÇADEIRA NYLON ENFORCA GATO 8. 8*450M 1 PCT-100PÇS,BOM-5491,YHAN,CASADA,-,BOMVINK,31,2026-06-16 00:00:00,2026-06-17 00:00:00,,,,,True,,,,,,,,,,,,
JUNHO_L317,JUNHO,Junho,317,2026-06-16 00:00:00,20064,50.0,14.8,740.0,ABRAÇADEIRA NYLON ENFORCA GATO 7.6*400MM,BOM-5510,YHAN,CASADA,-,BOMVINK,31,2026-06-16 00:00:00,2026-06-17 00:00:00,,,,,True,,,,,,,,,,,,
JUNHO_L318,JUNHO,Junho,318,2026-06-16 00:00:00,20064,40.0,13.9,556.0,"ESCOVAS AÇO CIRCULAR 6""",BOM-5658,YHAN,CASADA,-,BOMVINK,31,2026-06-16 00:00:00,2026-06-17 00:00:00,,,,,True,,,,,,,,,,,,
JUNHO_L319,JUNHO,Junho,319,2026-06-16 00:00:00,20064,48.0,14.9,715.2,TRENA FITA MÉTRICA 50M FIBRA DE VIDRO FLEXÍVEL PROFISSIONAL,BOM-6512,YHAN,CASADA,-,BOMVINK,31,2026-06-16 00:00:00,2026-06-17 00:00:00,,,,,True,,,,,,,,,,,,
JUNHO_L320,JUNHO,Junho,320,2026-06-16 00:00:00,20064,4.0,349.9,1399.6,SOBRADOR A GASOLINA 26CC,BOM-9206,YHAN,CASADA,-,BOMVINK,31,2026-06-16 00:00:00,2026-06-17 00:00:00,,,,,True,,,,,,,,,,,,
JUNHO_L321,JUNHO,Junho,321,2026-06-16 00:00:00,20064,240.0,6.9,1656.0,TRENA EMBORRACHADA PONTA MAGNÉTICA 5M ,BOM-6504,YHAN,CASADA,-,BOMVINK,31,2026-06-16 00:00:00,2026-06-17 00:00:00,,,,,True,,,,,,,,,,,,
JUNHO_L322,JUNHO,Junho,322,2026-06-16 00:00:00,05981,10.0,46.8,468.0,CHURRASQUEIRA DOBRAVÉL A CARVÃO,ON-LD042,YHAN,CASADA,-,ONISTEK,31,2026-07-09 00:00:00,2026-07-10 00:00:00,,,,,True,,,,,,,,,,,,
JUNHO_L323,JUNHO,Junho,323,2026-06-16 00:00:00,05981,60.0,6.75,405.0,TAPETE DIATOMACEOUS,ON-SM038,YHAN,CASADA,-,ONISTEK,31,2026-07-09 00:00:00,2026-07-10 00:00:00,,,,,True,,,,,,,,,,,,
JUNHO_L324,JUNHO,Junho,324,2026-06-16 00:00:00,05981,24.0,45.0,1080.0,SECADOR DE CABELO,ON-CF04/127,YHAN,CASADA,-,ONISTEK,31,2026-07-09 00:00:00,2026-07-10 00:00:00,,,,,True,,,,,,,,,,,,
JUNHO_L325,JUNHO,Junho,325,2026-06-16 00:00:00,05981,60.0,27.9,1674.0,FONE DE OUVIDO SEM FIO,ON-FN629,YHAN,CASADA,-,ONISTEK,31,2026-07-09 00:00:00,2026-07-10 00:00:00,,,,,True,,,,,,,,,,,,
JUNHO_L326,JUNHO,Junho,326,2026-06-16 00:00:00,05981,200.0,5.31,1062.0,FONE DE OUVIDO,ON-490,YHAN,CASADA,-,ONISTEK,31,2026-07-09 00:00:00,2026-07-10 00:00:00,,,,,True,,,,,,,,,,,,
JUNHO_L327,JUNHO,Junho,327,2026-06-16 00:00:00,-,116.0,199.27,23115.32,DDR4 8GB 2666mhz PC - CLANM,DDR4 8GB,ISAAC,CASADA,-,POTENCIAL,1,2026-06-19 00:00:00,2026-06-21 00:00:00,,,,,True,,,,,,,,,,,,
JUNHO_L328,JUNHO,Junho,328,2026-06-16 00:00:00,-,116.0,199.27,23115.32,DDR4 8GB 2666mhz  PC- CLANM,DDR4 8GB,ISAAC,CASADA,-,POTENCIAL,1,2026-06-19 00:00:00,2026-06-21 00:00:00,,,,,True,,,,,,,,,,,,linha_duplicada_suspeita;
JUNHO_L329,JUNHO,Junho,329,2026-06-16 00:00:00,-,116.0,199.27,23115.32,DDR4 8GB 2666mhz  PC- CLANM,DDR4 8GB,ISAAC,CASADA,-,POTENCIAL,1,2026-06-19 00:00:00,2026-06-21 00:00:00,,,,,True,,,,,,,,,,,,linha_duplicada_suspeita;
JUNHO_L330,JUNHO,Junho,330,2026-06-16 00:00:00,-,116.0,199.27,23115.32,DDR4 8GB 2666mhz  PC- CLANM,DDR4 8GB,ISAAC,CASADA,-,POTENCIAL,1,2026-06-19 00:00:00,2026-06-21 00:00:00,,,,,True,,,,,,,,,,,,linha_duplicada_suspeita;
JUNHO_L331,JUNHO,Junho,331,2026-06-16 00:00:00,-,116.0,199.27,23115.32,DDR4 8GB 2666mhz  PC- CLANM,DDR4 8GB,ISAAC,CASADA,-,POTENCIAL,1,2026-06-19 00:00:00,2026-06-21 00:00:00,,,,,True,,,,,,,,,,,,linha_duplicada_suspeita;
JUNHO_L332,JUNHO,Junho,332,2026-06-16 00:00:00,-,116.0,199.27,23115.32,DDR4 8GB 2666mhz  PC- CLANM,DDR4 8GB,ISAAC,CASADA,-,POTENCIAL,1,2026-06-19 00:00:00,2026-06-21 00:00:00,,,,,True,,,,,,,,,,,,linha_duplicada_suspeita;
JUNHO_L333,JUNHO,Junho,333,2026-06-16 00:00:00,-,116.0,199.27,23115.32,DDR4 8GB 2666mhz  PC- CLANM,DDR4 8GB,ISAAC,CASADA,-,POTENCIAL,1,2026-06-19 00:00:00,2026-06-21 00:00:00,,,,,True,,,,,,,,,,,,linha_duplicada_suspeita;
JUNHO_L334,JUNHO,Junho,334,2026-06-16 00:00:00,-,123.0,199.27,24510.21,DDR4 8GB 2666mhz  PC- CLANM,DDR4 8GB,ISAAC,CASADA,-,POTENCIAL,1,2026-06-19 00:00:00,2026-06-21 00:00:00,,,,,True,,,,,,,,,,,,
JUNHO_L335,JUNHO,Junho,335,2026-06-16 00:00:00,11386,200.0,6.12,1224.0,MINI SELADORA ,OIH-2701,YHAN,CASADA,-,OASIS,31,2026-07-05 00:00:00,2026-07-06 00:00:00,,,,,True,,,,,,,,,,,,
JUNHO_L336,JUNHO,Junho,336,2026-06-16 00:00:00,11386,12.0,26.0,312.0,ESPELHO COM LUZ,OIH-5262,YHAN,CASADA,-,OASIS,31,2026-07-05 00:00:00,2026-07-06 00:00:00,,,,,True,,,,,,,,,,,,
JUNHO_L337,JUNHO,Junho,337,2026-06-16 00:00:00,-,10.0,100.0,1000.0,AQUECEDOR,-,PATRÍCIA,CASADA,-,RABI,31,2026-06-18 00:00:00,2026-06-19 00:00:00,2026-06-17 00:00:00,,,,True,,,,,,,,,,,,
JUNHO_L338,JUNHO,Junho,338,2026-06-16 00:00:00,19975,200.0,11.84,2368.0,CARREGADOR DE VIAGEM 2 USB 5.1A (200PÇS),LE-295,YHAN,CASADA,-,LELONG,31,2026-07-05 00:00:00,2026-07-06 00:00:00,,,,,True,,,,,,,,,,,,
JUNHO_L339,JUNHO,Junho,339,2026-06-16 00:00:00,19975,64.0,50.22,3214.08,PILHA ALCALINA AAA LR 6/1.5V/4UND 1 CAIXA C/ 12 CARTELAS,LE-7999-3,YHAN,CASADA,-,LELONG,31,2026-07-05 00:00:00,2026-07-06 00:00:00,,,,,True,,,,,,,,,,,,
JUNHO_L340,JUNHO,Junho,340,2026-06-16 00:00:00,19975,64.0,43.524,2785.536,PILHA ALCALINA AAA LR 03/1.5V/4UND 1 CAIXA C/12 CARTELAS,LE-7999-6,YHAN,CASADA,-,LELONG,31,2026-07-05 00:00:00,2026-07-06 00:00:00,,,,,True,,,,,,,,,,,,
JUNHO_L341,JUNHO,Junho,341,2026-06-16 00:00:00,19975,64.0,27.9,1785.6,PILHA ALCALINA AA LR/1.5V/2UND 1 CAIXA C/ 12 CARTELAS,LE-7999-5,YHAN,CASADA,-,LELONG,31,2026-07-05 00:00:00,2026-07-06 00:00:00,,,,,True,,,,,,,,,,,,
JUNHO_L342,JUNHO,Junho,342,2026-06-16 00:00:00,19975,64.0,24.552,1571.328,PILHA ALCALINA AAA LR03/1.5V/2UND 1 CAIXA C/12 CARTELAS,LE-7999-4,YHAN,CASADA,-,LELONG,31,2026-07-05 00:00:00,2026-07-06 00:00:00,,,,,True,,,,,,,,,,,,
JUNHO_L343,JUNHO,Junho,343,2026-06-17 00:00:00,921976,6.0,1078.9,6473.4,VGA PCI EXP. 6GB/192BITS GTX1660 SUPER *OEM,58053,CESAR,LICITAÇÃO,-,POWERPC,31,ATRASADO,,,,,,False,,,,,,,,,,,,
JUNHO_L344,JUNHO,Junho,344,2026-06-17 00:00:00,20149,1.0,349.9,349.9,SOPRADOR A GASOLINA 26CC,BOM-9206,ISAAC,CASADA,-,BOMVINK,1,2026-06-17 00:00:00,,,,,,False,,,,,,,,,,,,
JUNHO_L345,JUNHO,Junho,345,2026-06-17 00:00:00,20162,1.0,349.9,349.9,SOPRADOR A GASOLINA 26CC,BOM-9206,ISAAC,CASADA,-,BOMVINK,1,2026-06-17 00:00:00,,,,,,False,,,,,,,,,,,,
JUNHO_L346,JUNHO,Junho,346,2026-06-17 00:00:00,20226,8.0,159.9,1279.2,BOMBA DE PRESSURIZAÇÃO DE ÁGUA 120W-220V,BOM-8708,ISAAC,CASADA,-,BOMVINK,31,2026-06-17 00:00:00,2026-06-18 00:00:00,,,,,True,,,,,,,,,,,,
JUNHO_L347,JUNHO,Junho,347,2026-06-17 00:00:00,20226,100.0,12.99,1299.0,BOMBA SUBMERSA PARA AQUARIO COM 4 LEDS BIVOLT 110-220V,BOM-8702,ISAAC,CASADA,-,BOMVINK,31,2026-06-17 00:00:00,2026-06-18 00:00:00,,,,,True,,,,,,,,,,,,
JUNHO_L348,JUNHO,Junho,348,2026-06-17 00:00:00,20226,200.0,5.5,1100.0,ALERTA DE TENSÃO,BOM-6401,ISAAC,CASADA,-,BOMVINK,31,2026-06-17 00:00:00,2026-06-18 00:00:00,,,,,True,,,,,,,,,,,,
JUNHO_L349,JUNHO,Junho,349,2026-06-17 00:00:00,20226,20.0,39.99,799.8,CHAVE DE FENDA ELÉTRICA 47 PÇS 3.6V,BOM-9912,ISAAC,CASADA,-,BOMVINK,31,2026-06-17 00:00:00,2026-06-18 00:00:00,,,,,True,,,,,,,,,,,,
JUNHO_L350,JUNHO,Junho,350,2026-06-17 00:00:00,20226,10.0,149.9,1499.0,DETECTOR DE METAIS PORTATIL COM TELA LCD,BOM-6815,ISAAC,CASADA,-,BOMVINK,31,2026-06-17 00:00:00,2026-06-18 00:00:00,,,,,True,,,,,,,,,,,,
JUNHO_L351,JUNHO,Junho,351,2026-06-17 00:00:00,06799,2.0,1620.0,3240.0,MONITOR GAMER 34P 2K 165HZ PRO,DELTA-M3445AUC,GLEY,LICITAÇÃO,-,DELTA,1,2026-06-25 00:00:00,2026-06-25 00:00:00,,,,,True,,,,,,,,,,,,
JUNHO_L352,JUNHO,Junho,352,2026-06-17 00:00:00,11602,18.0,61.2,1101.6,FONTE DE ÁGUA PARA PETS 2200ML ,OIP-0104,ISAAC,CASADA,-,OASIS,31,2026-06-17 00:00:00,2026-06-18 00:00:00,,,,,True,,,,,,,,,,,,
JUNHO_L353,JUNHO,Junho,353,2026-06-17 00:00:00,15025,24.0,68.4,1641.6,PIPOQUEIRA ELÉTRICA 110W/220V,MAZ-119B,ISAAC,CASADA,-,TOMATE,31,2026-06-17 00:00:00,2026-06-18 00:00:00,,,,,True,,,,,,,,,,,,
JUNHO_L354,JUNHO,Junho,354,2026-06-17 00:00:00,15025,12.0,72.0,864.0,APONTADOR DE LÁPIS ELÉTRICO USB ,MAT-A03,ISAAC,CASADA,-,TOMATE,31,2026-06-17 00:00:00,2026-06-18 00:00:00,,,,,True,,,,,,,,,,,,
JUNHO_L355,JUNHO,Junho,355,2026-06-17 00:00:00,15025,80.0,13.5,1080.0,MIXER BEBIDA WHEY FOUET PORTÁTIL 2 PONTEIRAS C/ SUPORTE ,SRQ-008,ISAAC,CASADA,-,TOMATE,31,2026-06-17 00:00:00,2026-06-18 00:00:00,,,,,True,,,,,,,,,,,,
JUNHO_L356,JUNHO,Junho,356,2026-06-17 00:00:00,15025,100.0,18.0,1800.0,CANETA TOUCH SREEN COM DUAS PONTAS,MIP-007,ISAAC,CASADA,-,TOMATE,31,2026-06-17 00:00:00,2026-06-18 00:00:00,,,,,True,,,,,,,,,,,,
JUNHO_L357,JUNHO,Junho,357,2026-06-17 00:00:00,-,20.0,470.0,9400.0,DDR4 16GB 3200,DDR4 16GB,YHAN,CASADA,-,THIAGO VECCHI,31,2026-06-25 00:00:00,,,,,,False,,,,,,,,,,,,
JUNHO_L358,JUNHO,Junho,358,2026-06-17 00:00:00,-,1.0,1940.0,1940.0,S10 LITE 5M X 400 128/6 109,-,PATRÍCIA,CASADA,,LENA WJR,31,2026-06-18 00:00:00,,2026-06-17 00:00:00,,,,False,,,,,,,,,,,,linha_duplicada_suspeita;
JUNHO_L359,JUNHO,Junho,359,2026-06-17 00:00:00,-,5.0,190.0,950.0,FIRE TV STIC SELECT 8GB WI-FI 5,-,PATRÍCIA,CASADA,-,LENA WJR,31,2026-06-18 00:00:00,2026-06-19 00:00:00,2026-06-17 00:00:00,,,,True,,,,,,,,,,,,
JUNHO_L360,JUNHO,Junho,360,2026-06-18 00:00:00,20297,30.0,21.9,657.0,CABO DE CHUPETA TRANSMISSÃO 800AMP 2.2M,BOM-1802,YHAN,CASADA,-,BOMVINK,31,2026-06-18 00:00:00,2026-06-19 00:00:00,,,,,True,,,,,,,,,,,,
JUNHO_L361,JUNHO,Junho,361,2026-06-18 00:00:00,20297,50.0,79.9,3995.0,ESMERILHADEIRA ANGULAR 710W 110V,BOM-9545,YHAN,CASADA,-,BOMVINK,31,2026-06-18 00:00:00,2026-06-19 00:00:00,,,,,True,,,,,,,,,,,,
JUNHO_L362,JUNHO,Junho,362,2026-06-18 00:00:00,20297,10.0,79.9,799.0,FURADEIRA DE IMPACTO 600W 10MM 220V,BOM-9670,YHAN,CASADA,-,BOMVINK,31,2026-06-18 00:00:00,2026-06-19 00:00:00,,,,,True,,,,,,,,,,,,
JUNHO_L363,JUNHO,Junho,363,2026-06-18 00:00:00,20297,20.0,34.9,698.0,"KIT DE JOGO DE SOQUETES C/ ENCAIXE DE 1/2"" 12PE",BOM-3210,YHAN,CASADA,-,BOMVINK,31,2026-06-18 00:00:00,2026-06-19 00:00:00,,,,,True,,,,,,,,,,,,
JUNHO_L364,JUNHO,Junho,364,2026-06-18 00:00:00,20297,5.0,159.9,799.5,KIT JOGO DE CHAVES CATRACA SOQUETE 95PÇS,BOM-3912,YHAN,CASADA,-,BOMVINK,31,2026-06-18 00:00:00,2026-06-19 00:00:00,,,,,True,,,,,,,,,,,,
JUNHO_L365,JUNHO,Junho,365,2026-06-18 00:00:00,20297,18.0,109.99,1979.82,LUZ DE TRABALHO PORTÁTIL MULTIFUNCIONAL 21V,BOM-4229,YHAN,CASADA,-,BOMVINK,31,2026-06-18 00:00:00,2026-06-19 00:00:00,,,,,True,,,,,,,,,,,,
JUNHO_L366,JUNHO,Junho,366,2026-06-18 00:00:00,20297,24.0,19.9,477.6,MACHADO COM CABO DE FIBRA 600G,BOM-1005,YHAN,CASADA,-,BOMVINK,31,2026-06-18 00:00:00,2026-06-19 00:00:00,,,,,True,,,,,,,,,,,,
JUNHO_L367,JUNHO,Junho,367,2026-06-18 00:00:00,20297,12.0,269.9,3238.8,MÁQUINA DE SOLDA 110V,BOM-9507,YHAN,CASADA,-,BOMVINK,31,2026-06-18 00:00:00,2026-06-19 00:00:00,,,,,True,,,,,,,,,,,,
JUNHO_L368,JUNHO,Junho,368,2026-06-18 00:00:00,20297,10.0,379.9,3799.0,"MOTOSSERRA A GASOLINA 58CC 20""",BOM-9203,YHAN,CASADA,-,BOMVINK,31,2026-06-18 00:00:00,2026-06-19 00:00:00,,,,,True,,,,,,,,,,,,
JUNHO_L369,JUNHO,Junho,369,2026-06-18 00:00:00,20297,10.0,169.9,1699.0,NIVEL A LASER C/ 12 LINHAS,BOM-6212,YHAN,CASADA,-,BOMVINK,31,2026-06-18 00:00:00,2026-06-19 00:00:00,,,,,True,,,,,,,,,,,,
JUNHO_L370,JUNHO,Junho,370,2026-06-18 00:00:00,20297,20.0,109.9,2198.0,PARAFUSADEIRA BATERIA 21V,BOM-9970,YHAN,CASADA,-,BOMVINK,31,2026-06-18 00:00:00,2026-06-19 00:00:00,,,,,True,,,,,,,,,,,,
JUNHO_L371,JUNHO,Junho,371,2026-06-18 00:00:00,20297,12.0,89.99,1079.88,PISTOLA DE PINTURA 110V,BOM-9569,YHAN,CASADA,-,BOMVINK,31,2026-06-18 00:00:00,2026-06-19 00:00:00,,,,,True,,,,,,,,,,,,
JUNHO_L372,JUNHO,Junho,372,2026-06-18 00:00:00,20297,12.0,169.9,2038.8,SERRA CIRCULAR 1100W 110V,BOM-9577,YHAN,CASADA,-,BOMVINK,31,2026-06-18 00:00:00,2026-06-19 00:00:00,,,,,True,,,,,,,,,,,,
JUNHO_L373,JUNHO,Junho,373,2026-06-18 00:00:00,20297,24.0,139.9,3357.6,SERRA MÁRMORE 1200W 110V,BOM-9549,YHAN,CASADA,-,BOMVINK,31,2026-06-18 00:00:00,2026-06-19 00:00:00,,,,,True,,,,,,,,,,,,
JUNHO_L374,JUNHO,Junho,374,2026-06-18 00:00:00,20297,8.0,169.9,1359.2,SERRA CIRCULAR 1100W 220V,BOM-9578,YHAN,CASADA,-,BOMVINK,31,2026-06-18 00:00:00,2026-06-19 00:00:00,,,,,True,,,,,,,,,,,,
JUNHO_L375,JUNHO,Junho,375,2026-06-18 00:00:00,20297,12.0,139.9,1678.8,SERRA MÁRMORE 1200W 220V,BOM-9550,YHAN,CASADA,-,BOMVINK,31,2026-06-18 00:00:00,2026-06-19 00:00:00,,,,,True,,,,,,,,,,,,
JUNHO_L376,JUNHO,Junho,376,2026-06-18 00:00:00,20297,5.0,329.9,1649.5,SOPRADOR A GASOLINA 26CC,BOM-9206,YHAN,CASADA,-,BOMVINK,31,2026-06-18 00:00:00,2026-06-19 00:00:00,,,,,True,,,,,,,,,,,,
JUNHO_L377,JUNHO,Junho,377,2026-06-18 00:00:00,20297,60.0,59.99,3599.4,TRENA FITA MÉTRICA DIGITAL COM NIVEL A LASER 40M,BOM-6544,YHAN,CASADA,-,BOMVINK,31,2026-06-18 00:00:00,2026-06-19 00:00:00,,,,,True,,,,,,,,,,,,
JUNHO_L378,JUNHO,Junho,378,2026-06-18 00:00:00,20428,40.0,32.9,1316.0,KIT 12 LUMINÁRIAS SOLAR DE JARDIM 4 5*4 5*29 5,BOM-4609,GUSTAVO,NINJA,-,BOMVINK,1,2026-06-19 00:00:00,2026-06-20 00:00:00,,,,,True,,,,,,,,,,,,
JUNHO_L379,JUNHO,Junho,379,2026-06-18 00:00:00,20428,40.0,37.9,1516.0,KIT 12 LUMINÁRIAS SOLAR DE JARDIM 4 5*4 5*29 5,BOM-4610,GUSTAVO,NINJA,-,BOMVINK,1,2026-06-19 00:00:00,2026-06-20 00:00:00,,,,,True,,,,,,,,,,,,
JUNHO_L380,JUNHO,Junho,380,2026-06-18 00:00:00,20428,20.0,49.9,998.0,KIT 8 LUMINÁRIAS SOLAR DE JARSIM 7*7*40,BOM-4611,GUSTAVO,NINJA,-,BOMVINK,1,2026-06-19 00:00:00,2026-06-20 00:00:00,,,,,True,,,,,,,,,,,,
JUNHO_L381,JUNHO,Junho,381,2026-06-18 00:00:00,20428,20.0,50.9,1018.0,KIT 6 LUMINÁRIAS SOLAR DE JARDIM 98*98*405,BOM-4612,GUSTAVO,NINJA,-,BOMVINK,1,2026-06-19 00:00:00,2026-06-20 00:00:00,,,,,True,,,,,,,,,,,,
JUNHO_L382,JUNHO,Junho,382,2026-06-18 00:00:00,20428,36.0,24.9,896.4,KIT 4 LUMINÁRIAS SOLAR DE JARDIM 6 3*6 3*20,BOM-4613,GUSTAVO,NINJA,-,BOMVINK,1,2026-06-19 00:00:00,2026-06-20 00:00:00,,,,,True,,,,,,,,,,,,
JUNHO_L383,JUNHO,Junho,383,2026-06-18 00:00:00,20428,100.0,20.99,2099.0,LUMINÁRIA DE JARDIM COM PLACA SOLAR ESPETO E 10 LEDS,BOM-4607,GUSTAVO,NINJA,-,BOMVINK,1,2026-06-19 00:00:00,2026-06-20 00:00:00,,,,,True,,,,,,,,,,,,
JUNHO_L384,JUNHO,Junho,384,2026-06-18 00:00:00,922144,1000.0,9.5,9500.0,COOLER BRAZIL PC CL-823 65W P/ INTEL/AMD,63188,NETO,ESTOQUE,-,POWERPC,1,ATRASADO,,,,,,False,,,,,,,,,,,,
JUNHO_L385,JUNHO,Junho,385,2026-06-18 00:00:00,922144,100.0,199.9,19990.0,GAB. SLIM MATX TFX Q5M SFF 2XUSB 3.0 C/ FONTE 3000W BOX,64940,NETO,ESTOQUE,-,POWERPC,1,ATRASADO,,,,,,False,,,,,,,,,,,,
JUNHO_L386,JUNHO,Junho,386,2026-06-18 00:00:00,922144,54.0,554.05,29918.7,HD DESK SATA3 4TB TOSHIBA (DELL),71683,NETO,ESTOQUE,-,POWERPC,1,ATRASADO,,,,,,False,,,,,,,,,,,,
JUNHO_L387,JUNHO,Junho,387,2026-06-18 00:00:00,922144,47.0,918.16,43153.52,HD DESK SATA3 8TB TALOREM ,71682,NETO,ESTOQUE,-,POWERPC,1,ATRASADO,,,,,,False,,,,,,,,,,,,
JUNHO_L388,JUNHO,Junho,388,2026-06-18 00:00:00,922144,1500.0,135.0,202500.0,MONITOR LED 19 BRAZIL PC BPC-19WE02-B PRETO,57944,NETO,ESTOQUE,-,POWERPC,1,ATRASADO,,,,,,False,,,,,,,,,,,,
JUNHO_L389,JUNHO,Junho,389,2026-06-18 00:00:00,922144,500.0,135.0,67500.0,MONITOR LED 19 TRONOS TRS-HK19WY PRETO VESA WIDESCREEN BOX,57966,NETO,ESTOQUE,-,POWERPC,1,ATRASADO,,,,,,False,,,,,,,,,,,,
JUNHO_L390,JUNHO,Junho,390,2026-06-18 00:00:00,922144,300.0,302.0,90600.0,1,61715,NETO,ESTOQUE,-,POWERPC,1,ATRASADO,,,,,,False,,,,,,,,,,,,
JUNHO_L391,JUNHO,Junho,391,2026-06-18 00:00:00,922144,200.0,81.5,16300.0,VGA PCI EXP. 1GB/64BITS G210 WINNFOX,61188,NETO,ESTOQUE,-,POWERPC,1,ATRASADO,,,,,,False,,,,,,,,,,,,
JUNHO_L392,JUNHO,Junho,392,2026-06-18 00:00:00,15059,1.0,248.1,248.1,"KIT 14 UNIDADES GARRA CLAMP GANCHO ILUMINAÇÃO 2"" Q30",-,GLEY,LICITAÇÃO,-,ISACABOS,1,2026-06-16 00:00:00,,2026-06-17 00:00:00,,,,False,,,,,,,,,,,,
JUNHO_L393,JUNHO,Junho,393,2026-06-19 00:00:00,11054,10.0,318.0,3180.0,SWITCH POE 16 PORTAS,KP-PW005,YHAN,CASADA,-,KNUP,31,2026-06-19 00:00:00,2026-06-20 00:00:00,,,,,True,,,,,,,,,,,,
JUNHO_L394,JUNHO,Junho,394,2026-06-19 00:00:00,11054,20.0,131.0,2620.0,SWITCH POE 8 PORTAS,KP-PW004,YHAN,CASADA,-,KNUP,31,2026-06-19 00:00:00,2026-06-20 00:00:00,,,,,True,,,,,,,,,,,,
JUNHO_L395,JUNHO,Junho,395,2026-06-19 00:00:00,11054,8.0,340.0,2720.0,VOLANTE GAMER,KP-5818,YHAN,CASADA,-,KNUP,31,2026-06-19 00:00:00,2026-06-22 00:00:00,,,,,True,,,,,,,,,,,,
JUNHO_L396,JUNHO,Junho,396,2026-06-19 00:00:00,11054,4.0,467.0,1868.0,VOLANTE GAMER,KP-5817,YHAN,CASADA,-,KNUP,31,2026-06-19 00:00:00,2026-06-22 00:00:00,,,,,True,,,,,,,,,,,,
JUNHO_L397,JUNHO,Junho,397,2026-06-19 00:00:00,11054,80.0,32.3,2584.0,POWER BANK,OR-PB11,YHAN,CASADA,-,KNUP,31,2026-06-19 00:00:00,2026-06-22 00:00:00,,,,,True,,,,,,,,,,,,
JUNHO_L398,JUNHO,Junho,398,2026-06-19 00:00:00,11054,80.0,42.5,3400.0,POWER BANK,OR-B12,YHAN,CASADA,-,KNUP,31,2026-06-19 00:00:00,2026-06-22 00:00:00,,,,,True,,,,,,,,,,,,
JUNHO_L399,JUNHO,Junho,399,2026-06-19 00:00:00,11054,20.0,255.0,5100.0,PROJETOR ,KP-PJ012,YHAN,CASADA,-,KNUP,31,2026-06-19 00:00:00,2026-06-22 00:00:00,,,,,True,,,,,,,,,,,,
JUNHO_L400,JUNHO,Junho,400,2026-06-19 00:00:00,11054,16.0,348.5,5576.0,PROJETOR ,KP-PJ013,YHAN,CASADA,-,KNUP,31,2026-06-19 00:00:00,2026-06-22 00:00:00,,,,,True,,,,,,,,,,,,
JUNHO_L401,JUNHO,Junho,401,2026-06-19 00:00:00,11054,6.0,1105.0,6630.0,PROJETOR DE IMAGENS MULTIMIDIA (10-9*27-8*24-4CM),KP-J005,YHAN,CASADA,-,KNUP,31,2026-06-19 00:00:00,2026-06-22 00:00:00,,,,,True,,,,,,,,,,,,
JUNHO_L402,JUNHO,Junho,402,2026-06-19 00:00:00,11074,40.0,467.0,18680.0,PLACA DE VIDEO RX550 4GB,G-RX550/4G,GUSTAVO,NINJA,-,KNUP,1,2026-06-19 00:00:00,,,,,,True,,,,,,,,,,,,
JUNHO_L403,JUNHO,Junho,403,2026-06-19 00:00:00,922321,100.0,149.9,14990.0,"MONITOR LED 20"" TRONOS CORP TRS-20WV 75HZ PRETO",61857,YHAN,CASADA,-,POWERPC,31,2026-06-22 00:00:00,2026-06-22 00:00:00,,,,,True,,,,,,,,,,,,
JUNHO_L404,JUNHO,Junho,404,2026-06-19 00:00:00,842,200.0,90.0,18000.0,I5 - 4590,I5 4590,GUSTAVO,NINJA,-,GB IMPORTS,31,2026-06-24 00:00:00,,2026-06-19 00:00:00,,,,True,,,,,,,,,,,,
JUNHO_L405,JUNHO,Junho,405,2026-06-19 00:00:00,03018,4.0,1440.0,5760.0,RÁDIO PORTÁTIL BLUETOOH/USB,D-XK421,NETO,-,-,GRASEP,31,2026-06-19 00:00:00,2026-06-22 00:00:00,,,,,True,,,,,,,,,,,,
JUNHO_L406,JUNHO,Junho,406,2026-06-19 00:00:00,-,50.0,477.83,23891.5,DDR4 16GB 3200mhz WT PC - C/ DISSIPADOR DE CALOR BRANCO - CLANM,-,GUILHERME,CASADA,-,POTENCIAL,1,2026-06-26 00:00:00,2026-06-26 00:00:00,,,,,True,,,,,,,,,,,,
JUNHO_L407,JUNHO,Junho,407,2026-06-19 00:00:00,15268,100.0,17.1,1710.0,CABO ADAPTADOR DP PARA HDMI,MCB-4018,YHAN,CASADA,-,TOMATE,31,2026-06-19 00:00:00,2026-06-22 00:00:00,,,,,True,,,,,,,,,,,,
JUNHO_L408,JUNHO,Junho,408,2026-06-19 00:00:00,15268,100.0,16.2,1620.0,CABO DP 4K 60HZ 3M,MCB-4003,YHAN,CASADA,-,TOMATE,31,2026-06-19 00:00:00,2026-06-22 00:00:00,,,,,True,,,,,,,,,,,,
JUNHO_L409,JUNHO,Junho,409,2026-06-19 00:00:00,15268,200.0,13.5,2700.0,CABO DP PARA DP 4K 60HZ,MCB-4001,YHAN,CASADA,-,TOMATE,31,2026-06-19 00:00:00,2026-06-22 00:00:00,,,,,True,,,,,,,,,,,,
JUNHO_L410,JUNHO,Junho,410,2026-06-19 00:00:00,15268,20.0,18.0,360.0,SUPORTE PARA DVD E PROJETOR,MTD-31,YHAN,CASADA,-,TOMATE,31,2026-06-19 00:00:00,2026-06-22 00:00:00,,,,,True,,,,,,,,,,,,
JUNHO_L411,JUNHO,Junho,411,2026-06-19 00:00:00,15268,10.0,103.5,1035.0,MICROFONE PROFISSIONAL DE MESA,MT-3502,YHAN,CASADA,-,TOMATE,31,2026-06-19 00:00:00,2026-06-22 00:00:00,,,,,True,,,,,,,,,,,,
JUNHO_L412,JUNHO,Junho,412,2026-06-19 00:00:00,15268,50.0,50.4,2520.0,ESCANER DE CÓDIGO DE BARRAS 2D,MDK-102,YHAN,CASADA,-,TOMATE,31,2026-06-19 00:00:00,2026-06-22 00:00:00,,,,,True,,,,,,,,,,,,
JUNHO_L413,JUNHO,Junho,413,2026-06-19 00:00:00,15268,50.0,14.85,742.5,SUPORTE LEITOR DE CÓDIGO DE BARRAS,MDK-S01,YHAN,CASADA,-,TOMATE,31,2026-06-19 00:00:00,2026-06-22 00:00:00,,,,,True,,,,,,,,,,,,
JUNHO_L414,JUNHO,Junho,414,2026-06-19 00:00:00,15268,20.0,93.6,1872.0,PLATAFORMA DE ESCANEAMENTO 2D E 1D,MDK-104,YHAN,CASADA,-,TOMATE,31,2026-06-19 00:00:00,2026-06-22 00:00:00,,,,,True,,,,,,,,,,,,
JUNHO_L415,JUNHO,Junho,415,2026-06-19 00:00:00,20521,10.0,79.99,799.9,SOPRADOR E ASPIRADOR ELETRICO 220V 950W,BOM-9528,GLEY,LICITAÇÃO,-,BOMVINK,1,2026-06-24 00:00:00,2026-06-25 00:00:00,,,,,True,,,,,,,,,,,,
JUNHO_L416,JUNHO,Junho,416,2026-06-19 00:00:00,03025,4.0,2030.4,8121.6,COMPUTADOR ALL IN ONE,D-AI17,YHAN,CASADA,-,GRASEP,1,2026-06-24 00:00:00,2026-06-23 00:00:00,,,,,True,,,,,,,,,,,,
JUNHO_L417,JUNHO,Junho,417,2026-06-19 00:00:00,03025,2.0,2187.0,4374.0,COMPUTADOR ALL IN ONE,D-AI18,YHAN,CASADA,-,GRASEP,1,2026-06-24 00:00:00,2026-06-23 00:00:00,,,,,True,,,,,,,,,,,,
JUNHO_L418,JUNHO,Junho,418,2026-06-22 00:00:00,11390,200.0,8.0,1600.0,CONVERSÃO DE SINAIS INTERFACE,KP-HD001/B,GUILHERME,CASADA,-,KNUP,31,2026-06-24 00:00:00,2026-06-22 00:00:00,,,,,True,,,,,,,,,,,,
JUNHO_L419,JUNHO,Junho,419,2026-06-22 00:00:00,11390,200.0,9.3,1860.0,MINI ALTO FALANTE PARA PC (1CX-100PÇS),KP-609,GUILHERME,CASADA,-,KNUP,31,2026-06-24 00:00:00,2026-06-22 00:00:00,,,,,True,,,,,,,,,,,,
JUNHO_L420,JUNHO,Junho,420,2026-06-22 00:00:00,11390,800.0,2.1,1680.0,MOUSE PAD,KP-S02,GUILHERME,CASADA,-,KNUP,31,2026-06-24 00:00:00,2026-06-22 00:00:00,,,,,True,,,,,,,,,,,,
JUNHO_L421,JUNHO,Junho,421,2026-06-22 00:00:00,11390,100.0,18.7,1870.0,FONTE ALIMENTAÇÃO PARA NOTEBOOK,KP-525,GUILHERME,CASADA,-,KNUP,31,2026-06-24 00:00:00,2026-06-22 00:00:00,,,,,True,,,,,,,,,,,,
JUNHO_L422,JUNHO,Junho,422,2026-06-22 00:00:00,11390,2.0,467.0,934.0,ETIQUETA PARA IMPRESSÃO TÉRMICA,KP-PP06,GUILHERME,CASADA,-,KNUP,31,2026-06-24 00:00:00,2026-06-22 00:00:00,,,,,True,,,,,,,,,,,,
JUNHO_L423,JUNHO,Junho,423,2026-06-22 00:00:00,11419,30.0,18.7,561.0,EXTENSÃO RETRATIL COM 3 TOMADAS,SL05-5M,GUILHERME,CASADA,-,KNUP,31,2026-06-22 00:00:00,2026-06-22 00:00:00,,,,,True,,,,,,,,,,,,
JUNHO_L424,JUNHO,Junho,424,2026-06-22 00:00:00,11419,50.0,20.4,1020.0,FILTRO DE LINHA COM 6 TOMADAS ,SL7606-3M,GUILHERME,CASADA,-,KNUP,31,2026-06-22 00:00:00,2026-06-22 00:00:00,,,,,True,,,,,,,,,,,,
JUNHO_L425,JUNHO,Junho,425,2026-06-22 00:00:00,11419,50.0,15.3,765.0,EXTENSÃO ELÉTRICA COM CABO DE ALIMENTAÇÃO,BX2205,GUILHERME,CASADA,-,KNUP,31,2026-06-22 00:00:00,2026-06-22 00:00:00,,,,,True,,,,,,,,,,,,
JUNHO_L426,JUNHO,Junho,426,2026-06-22 00:00:00,11419,30.0,63.7,1911.0,INVERSOR AUTOMOTIVO 12VDC 110/V200W,KP-IN902-110V,GUILHERME,CASADA,-,KNUP,31,2026-06-22 00:00:00,2026-06-22 00:00:00,,,,,True,,,,,,,,,,,,
JUNHO_L427,JUNHO,Junho,427,2026-06-22 00:00:00,11420,50.0,13.6,680.0,SUPORTE VEICULAR UNIVERSAL PARA CELULAR,OR-SP10,GUILHERME,CASADA,-,KNUP,31,ATRASADO,,,,,,False,,,,,,,,,,,,
JUNHO_L428,JUNHO,Junho,428,2026-06-22 00:00:00,11420,10.0,51.0,510.0,FONTE DE ALIMENTAÇÃO PARA PC,KP-CB202,GUILHERME,CASADA,-,KNUP,31,ATRASADO,,,,,,False,,,,,,,,,,,,
JUNHO_L429,JUNHO,Junho,429,2026-06-22 00:00:00,11421,50.0,15.3,765.0,PLUG ADAPTADOR 1.5M,SL7634-1.5M,GUILHERME,CASADA,-,KNUP,31,2026-06-22 00:00:00,2026-06-22 00:00:00,,,,,True,,,,,,,,,,,,
JUNHO_L430,JUNHO,Junho,430,2026-06-22 00:00:00,-,3.0,1000.0,3000.0,IMPRESSORA EPSON MULTIFUNCIONAL ECOTANK L3250,265105,CESAR,LICITAÇÃO,-,FUJIOKA,1,2026-06-26 00:00:00,2026-06-30 00:00:00,BOLETO 21/42/63,,,,True,,,,,,,,,,,,
JUNHO_L431,JUNHO,Junho,431,2026-06-22 00:00:00,06952,60.0,34.2,2052.0,FONE OUVIDO 40MM 7.1,DELTA-F7140,ISAAC,CASADA,-,DELTA,1,2026-06-23 00:00:00,2026-06-24 00:00:00,,,,,True,,,,,,,,,,,,
JUNHO_L432,JUNHO,Junho,432,2026-06-22 00:00:00,20764,600.0,6.789,4073.4,CABO HDTV 4 EM 1,LE-6623,ISAAC,CASADA,-,LELONG,31,2026-06-26 00:00:00,2026-06-26 00:00:00,,,,,True,,,,,,,,,,,,
JUNHO_L433,JUNHO,Junho,433,2026-06-22 00:00:00,20764,22.0,93.0,2046.0,CONECTOR PARA CABO RJ45 (1PCT-1000 PÇS),LE-14,ISAAC,CASADA,-,LELONG,31,2026-06-26 00:00:00,2026-06-26 00:00:00,,,,,True,,,,,,,,,,,,
JUNHO_L434,JUNHO,Junho,434,2026-06-22 00:00:00,02048,99.0,12.834,1270.566,CAMERA DE RÉ (BORBOLETA),VPL-3031,OSMAR,CASADA,-,TORQUEHAMMER,1,2026-06-23 00:00:00,2026-06-24 00:00:00,,,,,True,,,,,,,,,,,,
JUNHO_L435,JUNHO,Junho,435,2026-06-22 00:00:00,91527,200.0,5.4,1080.0,ADAPTADOR USB WIFI 802 ,UB-06,GUILHERME,CASADA,-,F&L,31,2026-06-23 00:00:00,,2026-06-23 00:00:00,,,,False,,,,,,,,,,,,
JUNHO_L436,JUNHO,Junho,436,2026-06-22 00:00:00,91528,1000.0,5.4,5400.0,ADAPTADOR USB WIFI 802 ,UB-06,GUILHERME,CASADA,-,F&L,31,2026-06-23 00:00:00,,2026-06-23 00:00:00,,,,False,,,,,,,,,,,,
JUNHO_L437,JUNHO,Junho,437,2026-06-22 00:00:00,20804,4.0,339.9,1359.6,CHAVE DE IMPACTO 21V 580NM,BOM-9964,OSMAR,REPRESENTANTE,J. BATISTA,BOMVINK,31,2026-06-24 00:00:00,2026-06-25 00:00:00,,,,,True,,,,,,,,,,,,
JUNHO_L438,JUNHO,Junho,438,2026-06-22 00:00:00,20804,1.0,339.9,339.9,CHAVE DE IMPACTO 21V 580NM,BOM-9964,OSMAR,ESTOQUE,-,BOMVINK,31,2026-06-24 00:00:00,2026-06-25 00:00:00,,,,,True,,,,,,,,,,,,
JUNHO_L439,JUNHO,Junho,439,2026-06-22 00:00:00,-,40.0,450.0,18000.0,DDR4 16GB 3200 HYPERX,DDR4 16GB,GUILHERME,CASADA,-,JOICE,31,2026-06-24 00:00:00,,2026-06-23 00:00:00,,,,False,,,,,,,,,,,,
JUNHO_L440,JUNHO,Junho,440,2026-06-22 00:00:00,-,3.0,2880.0,8640.0,TABLET S10 ,-,GLEY,LICITAÇÃO,-,LENA WJR,31,2026-06-22 00:00:00,,2026-06-23 00:00:00,,,,False,,,,,,,,,,,,
JUNHO_L441,JUNHO,Junho,441,2026-06-22 00:00:00,34635,3.0,4262.53,12787.59,BATERIA GETPOWER 48V 100AH (GP LIFE48-100 TS),-,YHAN,CASADA,-,POWERSAFE,1,ATRASADO,,2026-06-22 00:00:00,,,,False,,,,,,,,,,,,
JUNHO_L442,JUNHO,Junho,442,2026-06-22 00:00:00,793941,654.0,249.9997,163499.8038,HDD WESTERN DIGITAL WD10PUR,-,NETO,ESTOQUE,-,DUEX,31,2026-06-29 00:00:00,2026-07-02 00:00:00,,,,,True,,,,,,,,,,,,
JUNHO_L443,JUNHO,Junho,443,2026-06-22 00:00:00,793941,500.0,650.826,325413.0,HDD SEAGATE ST4000VX007,-,NETO,ESTOQUE,-,DUEX,31,2026-06-29 00:00:00,2026-07-02 00:00:00,,,,,True,,,,,,,,,,,,
JUNHO_L444,JUNHO,Junho,444,2026-06-23 00:00:00,20873,10.0,79.99,799.9,TUPIA MANUAL LAMINADORA 220V 600W,BOM-9542,GLEY,LICITAÇÃO,-,BOMVINK,1,2026-06-25 00:00:00,2026-06-25 00:00:00,,,,,True,,,,,,,,,,,,
JUNHO_L445,JUNHO,Junho,445,2026-06-23 00:00:00,06974,60.0,85.5,5130.0,FONTE PC AUTOMATICO 500W,DELTA-EF500,CESAR,LICITAÇÃO,-,DELTA,1,2026-06-24 00:00:00,2026-06-24 00:00:00,,,,,True,,,,,,,,,,,,
JUNHO_L446,JUNHO,Junho,446,2026-06-23 00:00:00,06981,50.0,261.0,13050.0,PLACA DE VÍDEO GT730 4GB DDR3,DELTA-GT730,CESAR,LICITAÇÃO,-,DELTA,1,2026-06-24 00:00:00,2026-06-24 00:00:00,,,,,True,,,,,,,,,,,,
JUNHO_L447,JUNHO,Junho,447,2026-06-23 00:00:00,-,30.0,100.0,3000.0,AQUECEDOR,-,GUILHERME,CASADA,-,RABI,31,2026-06-22 00:00:00,2026-06-30 00:00:00,2026-06-23 00:00:00,,,,True,,,,,,,,,,,,
JUNHO_L448,JUNHO,Junho,448,2026-06-23 00:00:00,11692,20.0,383.0,7660.0,PLACA MÃE B760 LGA 1700,G-B760,CESAR,LICITAÇÃO,-,KNUP,31,2026-06-25 00:00:00,2026-06-30 00:00:00,,,,,True,,,,,,,,,,,,
JUNHO_L449,JUNHO,Junho,449,2026-06-23 00:00:00,-,60.0,470.0,28200.0,DDR4 16GB 3200,DDR4 16GB,GUILHERME,CASADA,-,THIAGO VECCHI,31,2026-06-24 00:00:00,2026-06-24 00:00:00,ABATER,,,,True,,,,,,,,,,,,
JUNHO_L450,JUNHO,Junho,450,2026-06-23 00:00:00,11711,20.0,204.0,4080.0,FONTE DE ALIMENTAÇÃO PARA PC (ATX 750W),FO-MAX03,CESAR,LICITAÇÃO,-,KNUP,31,2026-06-24 00:00:00,2026-06-26 00:00:00,,,,,True,,,,,,,,,,,,
JUNHO_L451,JUNHO,Junho,451,2026-06-23 00:00:00,06985,15.0,1215.0,18225.0,PLACA DE VÍDEO RX5600XT MKII 6GB DDR6,DELTA-RX560XT,CESAR,LICITAÇÃO,-,DELTA,1,2026-06-26 00:00:00,2026-06-26 00:00:00,,,,,True,,,,,,,,,,,,
JUNHO_L452,JUNHO,Junho,452,2026-06-23 00:00:00,-,6.0,809.0,4854.0,SSD NVME 1TB,-,CESAR,LICITAÇÃO,-,NJS,31,2026-06-25 00:00:00,2026-06-25 00:00:00,,,,,True,,,,,,,,,,,,
JUNHO_L453,JUNHO,Junho,453,2026-06-23 00:00:00,11735,60.0,106.0,6360.0,PLACA MÃE H81 PC,G-H81/M,GUILHERME,CASADA,-,KNUP,31,2026-06-24 00:00:00,,,,,,False,,,,,,,,,,,,
JUNHO_L454,JUNHO,Junho,454,2026-06-23 00:00:00,11733,210.0,32.3,6783.0,KIT TECLADO E MOUSE GAMER CONEXÃO USB LED COM FIO ,KP-TE115,YHAN,CASADA,-,KNUP,31,2026-06-24 00:00:00,2026-06-26 00:00:00,,,,,True,,,,,,,,,,,,
JUNHO_L455,JUNHO,Junho,455,2026-06-23 00:00:00,11734,200.0,106.0,21200.0,PLACA MÃE H81 PC,G-H81/M,YHAN,CASADA,-,KNUP,31,2026-06-25 00:00:00,2026-06-30 00:00:00,,,,,True,,,,,,,,,,,,
JUNHO_L456,JUNHO,Junho,456,2026-06-23 00:00:00,20944,24.0,8.8,211.2,FITA AMARELA 200M ,BOM-1338,YHAN,CASADA,-,BOMVINK,31,2026-06-23 00:00:00,2026-06-24 00:00:00,,,,,True,,,,,,,,,,,,
JUNHO_L457,JUNHO,Junho,457,2026-06-23 00:00:00,20944,80.0,7.8,624.0,JOGO DE CHAVE ALLEN ABAULADA 9PÇS,BOM-3201,YHAN,CASADA,-,BOMVINK,31,2026-06-23 00:00:00,2026-06-24 00:00:00,,,,,True,,,,,,,,,,,,
JUNHO_L458,JUNHO,Junho,458,2026-06-23 00:00:00,20944,20.0,50.99,1019.8,JOGO DE CHAVE COMBINADA 6 A 22MM 12PÇS,BOM-3203,YHAN,CASADA,-,BOMVINK,31,2026-06-23 00:00:00,2026-06-24 00:00:00,,,,,True,,,,,,,,,,,,
JUNHO_L459,JUNHO,Junho,459,2026-06-23 00:00:00,20944,36.0,36.9,1328.4,KIT DE ALICATES PARA ANEIS 7 COM 4 PÇS EXTRATOR,BOM-3708,YHAN,CASADA,-,BOMVINK,31,2026-06-23 00:00:00,2026-06-24 00:00:00,,,,,True,,,,,,,,,,,,
JUNHO_L460,JUNHO,Junho,460,2026-06-23 00:00:00,20944,10.0,139.9,1399.0,"JOGO DE SOQUETES 1/2"" COM REVERSIVEL COMBINADAS 37PÇS",BOM-3917,YHAN,CASADA,-,BOMVINK,31,2026-06-23 00:00:00,2026-06-24 00:00:00,,,,,True,,,,,,,,,,,,
JUNHO_L461,JUNHO,Junho,461,2026-06-23 00:00:00,20944,3.0,269.9,809.7,KIT JOGO DE CHAVES CATRACA SOQUETE 124 PÇS,BOM-3911,YHAN,CASADA,-,BOMVINK,31,2026-06-23 00:00:00,2026-06-24 00:00:00,,,,,True,,,,,,,,,,,,
JUNHO_L462,JUNHO,Junho,462,2026-06-23 00:00:00,20944,16.0,24.99,399.84,JOGO DE SOQUETES LONGOS 10 PÇS 8-24MM AÇO CROMO VANADIO COM ESTOJO,BOM-3923,YHAN,CASADA,-,BOMVINK,31,2026-06-23 00:00:00,2026-06-24 00:00:00,,,,,True,,,,,,,,,,,,
JUNHO_L463,JUNHO,Junho,463,2026-06-23 00:00:00,20944,200.0,9.9,1980.0,"DISCO DE CORTE DIAMANTADO TURBO 4.5""",BOM-5106,YHAN,CASADA,-,BOMVINK,31,2026-06-23 00:00:00,2026-06-24 00:00:00,,,,,True,,,,,,,,,,,,
JUNHO_L464,JUNHO,Junho,464,2026-06-23 00:00:00,20944,150.0,3.9,585.0,ABRAÇADEIRA NYLON ENFORCA GATO 4.8*200MM PRETO,BOM-5504,YHAN,CASADA,-,BOMVINK,31,2026-06-23 00:00:00,2026-06-24 00:00:00,,,,,True,,,,,,,,,,,,
JUNHO_L465,JUNHO,Junho,465,2026-06-23 00:00:00,20944,6.0,99.9,599.4,BOMBA PERIFERICA HP BIVOLT,BOM-8719,YHAN,CASADA,-,BOMVINK,31,2026-06-23 00:00:00,2026-06-24 00:00:00,,,,,True,,,,,,,,,,,,
JUNHO_L466,JUNHO,Junho,466,2026-06-23 00:00:00,20944,4.0,499.9,1999.6,CHAVE DE IMPACTO 21V 1300 N.M,BOM-9971,YHAN,CASADA,-,BOMVINK,31,2026-06-23 00:00:00,2026-06-24 00:00:00,,,,,True,,,,,,,,,,,,
JUNHO_L467,JUNHO,Junho,467,2026-06-23 00:00:00,20944,50.0,16.9,845.0,CARRETEL AUTOMATICO UNIVERSAL P/ ROÇADEIRA,BOM-5691,YHAN,CASADA,-,BOMVINK,31,2026-06-23 00:00:00,2026-06-24 00:00:00,,,,,True,,,,,,,,,,,,
JUNHO_L468,JUNHO,Junho,468,2026-06-23 00:00:00,20944,120.0,18.99,2278.8,LANTERNA TÁTICA,BOM-4327,YHAN,CASADA,-,BOMVINK,31,2026-06-23 00:00:00,2026-06-24 00:00:00,,,,,True,,,,,,,,,,,,
JUNHO_L469,JUNHO,Junho,469,2026-06-23 00:00:00,20944,4.0,169.9,679.6,SERRA CIRCULAR 1100W 110V,BOM-9577,YHAN,CASADA,-,BOMVINK,31,2026-06-23 00:00:00,2026-06-24 00:00:00,,,,,True,,,,,,,,,,,,
JUNHO_L470,JUNHO,Junho,470,2026-06-23 00:00:00,20944,6.0,139.9,839.4,SERRA MÁRMORE 1200W 220V,BOM-9550,YHAN,CASADA,-,BOMVINK,31,2026-06-23 00:00:00,2026-06-24 00:00:00,,,,,True,,,,,,,,,,,,
JUNHO_L471,JUNHO,Junho,471,2026-06-23 00:00:00,20944,36.0,12.9,464.4,MARTELO UNHA 500G,BOM-1002,YHAN,CASADA,-,BOMVINK,31,2026-06-23 00:00:00,2026-06-24 00:00:00,,,,,True,,,,,,,,,,,,
JUNHO_L472,JUNHO,Junho,472,2026-06-23 00:00:00,20944,2.0,379.9,759.8,"MOTOSSERRA A GASOLINA 58CC 20""",BOM-9203,YHAN,CASADA,-,BOMVINK,31,2026-06-23 00:00:00,2026-06-24 00:00:00,,,,,True,,,,,,,,,,,,
JUNHO_L473,JUNHO,Junho,473,2026-06-23 00:00:00,20944,5.0,219.9,1099.5,ASPIRADOR DE PÓ E ÁGUA 1400W 15 LITROS 127V,BOM-7015,YHAN,CASADA,-,BOMVINK,31,2026-06-23 00:00:00,2026-06-24 00:00:00,,,,,True,,,,,,,,,,,,
JUNHO_L474,JUNHO,Junho,474,2026-06-23 00:00:00,20944,5.0,239.9,1199.5,ASPIRADOR DE PÓ E ÁGUA 1400W 15 LITROS 220V,BOM-7016,YHAN,CASADA,-,BOMVINK,31,2026-06-23 00:00:00,2026-06-24 00:00:00,,,,,True,,,,,,,,,,,,
JUNHO_L475,JUNHO,Junho,475,2026-06-23 00:00:00,20944,1.0,799.9,799.9,MARTELETE DEMOLIDOR 220V 2000W,BOM-9636,YHAN,CASADA,-,BOMVINK,31,2026-06-23 00:00:00,2026-06-24 00:00:00,,,,,True,,,,,,,,,,,,
JUNHO_L476,JUNHO,Junho,476,2026-06-23 00:00:00,1034,150.0,152.0,22800.0,"MONITOR AX20""",AX20,YHAN,CASADA,-,HAOQING,31,2026-06-23 00:00:00,,,,,,False,,,,,,,,,,,,
JUNHO_L477,JUNHO,Junho,477,2026-06-23 00:00:00,1034,100.0,180.0,18000.0,"MONITOR AX22""",AX22,YHAN,CASADA,-,HAOQING,31,2026-06-23 00:00:00,,,,,,False,,,,,,,,,,,,
JUNHO_L478,JUNHO,Junho,478,2026-06-23 00:00:00,1034,20.0,215.0,4300.0,"MONITOR AX24""",AX24,YHAN,CASADA,-,HAOQING,31,2026-06-23 00:00:00,,,,,,False,,,,,,,,,,,,
JUNHO_L479,JUNHO,Junho,479,2026-06-23 00:00:00,10233982,20.0,555.0,11100.0,PROCESSADOR AMD RYZEN 5 5500 3.6 GHZ (4.2GHZ) AM4 C/ COOLER,-,CESAR,LICITAÇÃO,-,MAZER,1,2026-06-25 00:00:00,2026-06-25 00:00:00,BOLETO 28 DIAS,,,,True,,,,,,,,,,,,
JUNHO_L480,JUNHO,Junho,480,2026-06-23 00:00:00,10234962,1.0,859.9,859.9,PROCESSADOR AMD RYZEN 5 5600GT 3.6GHZ (4.6GHZ) AM4 C/ COOLER,-,PATRÍCIA,CASADA,-,MAZER,1,2026-07-01 00:00:00,2026-07-01 00:00:00,BOLETO 28 DIAS,,,,True,,,,,,,,,,,,
JUNHO_L481,JUNHO,Junho,481,2026-06-23 00:00:00,922823,1000.0,71.0,71000.0,GAB. MATX BRAZILPC BPC-N110MATX-B M255 C/FONTE,65576,YHAN,ESTOQUE,,POWERPC,1,2026-06-29 00:00:00,2026-06-29 00:00:00,,,,,True,,,,,,,,,,,,
JUNHO_L482,JUNHO,Junho,482,2026-06-23 00:00:00,20959,48.0,19.9,955.2,MACHADO COM CABO DE FIBRA 600G,BOM-1005,YHAN,CASADA,-,BOMVINK,31,2026-06-24 00:00:00,2026-06-25 00:00:00,,,,,True,,,,,,,,,,,,
JUNHO_L483,JUNHO,Junho,483,2026-06-23 00:00:00,20959,20.0,34.903,698.06,"KIT DE JOGO DE SOQUETES C/ ENCAIXE DE 1/2"" 12PE",BOM-3210,YHAN,CASADA,-,BOMVINK,31,2026-06-24 00:00:00,2026-06-25 00:00:00,,,,,True,,,,,,,,,,,,
JUNHO_L484,JUNHO,Junho,484,2026-06-23 00:00:00,20959,20.0,16.99,339.8,KIT DE CHAVES SOQUETES COM 40 PÇS 1/4 E 3/8,BOM-3906,YHAN,CASADA,-,BOMVINK,31,2026-06-24 00:00:00,2026-06-25 00:00:00,,,,,True,,,,,,,,,,,,
JUNHO_L485,JUNHO,Junho,485,2026-06-23 00:00:00,20959,25.0,149.9,3747.5,KIT JOGO DE CHAVES CATRACA SOQUETE 95 PÇS,BOM-3912,YHAN,CASADA,-,BOMVINK,31,24/06/0226,2026-06-25 00:00:00,,,,,True,,,,,,,,,,,,
JUNHO_L486,JUNHO,Junho,486,2026-06-23 00:00:00,20959,3.0,269.9,809.7,KIT JOGO DE CHAVES CATRACA SOQUETE 124 PÇS,BOM-3911,YHAN,CASADA,-,BOMVINK,31,2026-06-24 00:00:00,2026-06-25 00:00:00,,,,,True,,,,,,,,,,,,
JUNHO_L487,JUNHO,Junho,487,2026-06-23 00:00:00,20959,12.0,53.9,646.8,JOGO DE FERRAMENTAS C/ 200 PÇS,BOM-3915,YHAN,CASADA,-,BOMVINK,31,2026-06-25 00:00:00,2026-06-25 00:00:00,,,,,True,,,,,,,,,,,,
JUNHO_L488,JUNHO,Junho,488,2026-06-23 00:00:00,20959,60.0,139.9,8394.0,"JOGO DE SOQUETES 1/2"" COM REVERSIVEL COMBINADAS 37PÇS",BOM-3917,YHAN,CASADA,-,BOMVINK,31,2026-06-25 00:00:00,2026-06-25 00:00:00,,,,,True,,,,,,,,,,,,
JUNHO_L489,JUNHO,Junho,489,2026-06-23 00:00:00,20959,10.0,89.99,899.9,FURADEIRA DE IMPACTO 110V,BOM-9543,YHAN,CASADA,-,BOMVINK,31,2026-06-25 00:00:00,2026-06-25 00:00:00,,,,,True,,,,,,,,,,,,
JUNHO_L490,JUNHO,Junho,490,2026-06-23 00:00:00,20959,10.0,89.99,899.9,FURADEIRA DE IMPACTO 220V,BOM-9544,YHAN,CASADA,-,BOMVINK,31,2026-06-25 00:00:00,2026-06-25 00:00:00,,,,,True,,,,,,,,,,,,
JUNHO_L491,JUNHO,Junho,491,2026-06-23 00:00:00,20959,20.0,79.9,1598.0,ESMERILHADEIRA ANGULAR 710W 110V,BOM-9545,YHAN,CASADA,-,BOMVINK,31,2026-06-25 00:00:00,2026-06-25 00:00:00,,,,,True,,,,,,,,,,,,
JUNHO_L492,JUNHO,Junho,492,2026-06-23 00:00:00,20959,10.0,79.9,799.0,ESMERILHADEIRA ANGULAR 710W 220V,BOM-9546,YHAN,CASADA,-,BOMVINK,31,2026-06-25 00:00:00,2026-06-25 00:00:00,,,,,True,,,,,,,,,,,,
JUNHO_L493,JUNHO,Junho,493,2026-06-23 00:00:00,20959,4.0,169.9,679.6,SERRA CIRCULAR 110OW 110V,BOM-9577,YHAN,CASADA,-,BOMVINK,31,2026-06-25 00:00:00,2026-06-25 00:00:00,,,,,True,,,,,,,,,,,,
JUNHO_L494,JUNHO,Junho,494,2026-06-23 00:00:00,20959,50.0,99.9,4995.0,SOPRADOR AR TURBO 21V,BOM-9725,YHAN,CASADA,-,BOMVINK,31,2026-06-25 00:00:00,2026-06-25 00:00:00,,,,,True,,,,,,,,,,,,
JUNHO_L495,JUNHO,Junho,495,2026-06-23 00:00:00,20959,100.0,70.99,7099.0,PARAFUSADEIRA BATERIA 21V,BOM-9961,YHAN,CASADA,-,BOMVINK,31,2026-06-25 00:00:00,2026-06-25 00:00:00,,,,,True,,,,,,,,,,,,
JUNHO_L496,JUNHO,Junho,496,2026-06-23 00:00:00,20959,25.0,229.9,5747.5,CHAVE DE IMPACTO 21V,BOM-9966,YHAN,CASADA,-,BOMVINK,31,2026-06-25 00:00:00,2026-06-25 00:00:00,,,,,True,,,,,,,,,,,,
JUNHO_L497,JUNHO,Junho,497,2026-06-23 00:00:00,20959,20.0,109.9,2198.0,PARAFUSADEIRA BATERIA 21V,BOM-9970,YHAN,CASADA,-,BOMVINK,31,2026-06-25 00:00:00,2026-06-25 00:00:00,,,,,True,,,,,,,,,,,,
JUNHO_L498,JUNHO,Junho,498,2026-06-23 00:00:00,20959,10.0,79.9,799.0,"BOLSA DE FERRAMENTAS 16""",BOM-7710,YHAN,CASADA,-,BOMVINK,31,2026-06-25 00:00:00,2026-06-25 00:00:00,,,,,True,,,,,,,,,,,,
JUNHO_L499,JUNHO,Junho,499,2026-06-23 00:00:00,20959,120.0,14.9,1788.0,LANTERNA TÁTICA RECARRÉGAVEL USB,BOM-4323,YHAN,CASADA,-,BOMVINK,31,2026-06-25 00:00:00,2026-06-25 00:00:00,,,,,True,,,,,,,,,,,,
JUNHO_L500,JUNHO,Junho,500,2026-06-23 00:00:00,20959,40.0,59.9,2396.0,LANTERNA TÁTICA RECARRÉGAVEL USB,BOM-4316,YHAN,CASADA,-,BOMVINK,31,2026-06-25 00:00:00,2026-06-25 00:00:00,,,,,True,,,,,,,,,,,,
JUNHO_L501,JUNHO,Junho,501,2026-06-23 00:00:00,20959,50.0,39.9,1995.0,LANTERNA RECARREGÁVEL COM ZOOM AJUSTÁVEL,BOM-4326,YHAN,CASADA,-,BOMVINK,31,2026-06-25 00:00:00,2026-06-25 00:00:00,,,,,True,,,,,,,,,,,,
JUNHO_L502,JUNHO,Junho,502,2026-06-23 00:00:00,20959,12.0,79.9,958.8,LANTERNA DE LED RECAREGÁVEL PORTATIL,BOM-4340,YHAN,CASADA,-,BOMVINK,31,2026-06-25 00:00:00,2026-06-25 00:00:00,,,,,True,,,,,,,,,,,,
JUNHO_L503,JUNHO,Junho,503,2026-06-23 00:00:00,20959,120.0,18.99,2278.8,LANTERNA TÁTICA,BOM-4327,YHAN,CASADA,-,BOMVINK,31,2026-06-25 00:00:00,2026-06-25 00:00:00,,,,,True,,,,,,,,,,,,
JUNHO_L504,JUNHO,Junho,504,2026-06-24 00:00:00,1035,100.0,180.0,18000.0,"MONITOR AX22""",AX22,GUILHERME,CASADA,-,HAOQING,31,2026-06-24 00:00:00,,,,,,False,,,,,,,,,,,,
JUNHO_L505,JUNHO,Junho,505,2026-06-24 00:00:00,03100,12.0,3600.0,43200.0,MÁQUINA AUTOMÁTICA PARA PROCESSAMENTO DE DADOS,A24E99-05,GLEY,LICITAÇÃO,-,GRASEP,31,2026-06-26 00:00:00,2026-06-26 00:00:00,,,,,True,,,,,,,,,,,,
JUNHO_L506,JUNHO,Junho,506,2026-06-24 00:00:00,-,5.0,460.0,2300.0,DDR4 16GB 3200 NOT,DDR4 16GB,YHAN,CASADA,-,JANICE,31,ATRASADO,,ABATER,,,,False,,,,,,,,,,,,
JUNHO_L507,JUNHO,Junho,507,2026-06-24 00:00:00,-,5.0,160.0,800.0,I5 - 7500,I5 - 7500,YHAN,CASADA,-,JANICE,31,2026-06-24 00:00:00,2026-06-25 00:00:00,2026-06-24 00:00:00,,,,True,,,,,,,,,,,,
JUNHO_L508,JUNHO,Junho,508,2026-06-24 00:00:00,-,5.0,350.0,1750.0,I5 - 8500,I5 - 8500,YHAN,CASADA,-,JANICE,31,2026-06-24 00:00:00,2026-06-25 00:00:00,2026-06-24 00:00:00,,,,True,,,,,,,,,,,,
JUNHO_L509,JUNHO,Junho,509,2026-06-24 00:00:00,-,5.0,400.0,2000.0,I5 - 9500,I5 - 9500,YHAN,CASADA,-,JANICE,31,2026-06-24 00:00:00,2026-06-25 00:00:00,2026-06-24 00:00:00,,,,True,,,,,,,,,,,,
JUNHO_L510,JUNHO,Junho,510,2026-06-24 00:00:00,11890,1500.0,1.2,1800.0,CABO USB X MICRO USB CARREGAMENTO RAPIDO ,OR-C025/M,GUILHERME,CASADA,-,KNUP,31,2026-06-23 00:00:00,2026-06-24 00:00:00,,,,,True,,,,,,,,,,,,
JUNHO_L511,JUNHO,Junho,511,2026-06-24 00:00:00,11890,1800.0,2.1,3780.0,CABO USB X TYPE-C PARA CELULAR,OR-C013/C1,GUILHERME,CASADA,-,KNUP,31,2026-06-23 00:00:00,2026-06-24 00:00:00,,,,,True,,,,,,,,,,,,
JUNHO_L512,JUNHO,Junho,512,2026-06-24 00:00:00,11890,900.0,2.1,1890.0,CABO USB X LIGHTNINHG CARREGAMENTO RAPIDO,OR-C023/L,GUILHERME,CASADA,-,KNUP,31,2026-06-23 00:00:00,2026-06-24 00:00:00,,,,,True,,,,,,,,,,,,
JUNHO_L513,JUNHO,Junho,513,2026-06-24 00:00:00,11891,100.0,106.0,10600.0,PLACA MÃE H81 PC,G-H81/M,GUILHERME,CASADA,-,KNUP,31,ATRASADO,,,,,,False,,,,,,,,,,,,
JUNHO_L514,JUNHO,Junho,514,2026-06-24 00:00:00,624026,1.0,1412.95,1412.95,CAIXA DE SOM X69 500W,IMS-X69-A,YHAN,CASADA,-,IMENSO,1,2026-06-26 00:00:00,,,,,,False,,,,,,,,,,,,
JUNHO_L515,JUNHO,Junho,515,2026-06-24 00:00:00,624026,48.0,277.2,13305.6,CAIXA DE SOM IMENSO X32 120W,IMS-X32,YHAN,CASADA,-,IMENSO,1,2026-06-26 00:00:00,2026-07-15 00:00:00,,,,,True,,,,,,,,,,,,
JUNHO_L516,JUNHO,Junho,516,2026-06-24 00:00:00,624025,100.0,8.47,847.0,CABO DE DADOS COM DISPLAY DIGITAL 100W,IMS-1761,YHAN,CASADA,-,IMENSO,1,2026-06-26 00:00:00,2026-07-01 00:00:00,,,,,True,,,,,,,,,,,,
JUNHO_L517,JUNHO,Junho,517,2026-06-24 00:00:00,624025,100.0,8.47,847.0,CABO TURBO COM DISPLAY DIGITAL 1M USB-TYPE-C,IMS-1791,YHAN,CASADA,-,IMENSO,1,2026-06-26 00:00:00,2026-07-01 00:00:00,,,,,True,,,,,,,,,,,,
JUNHO_L518,JUNHO,Junho,518,2026-06-24 00:00:00,624025,200.0,15.4,3080.0,CARREGADOR VEICULAR 53W COM CABO,IMS-215C,YHAN,CASADA,-,IMENSO,1,2026-06-26 00:00:00,2026-07-01 00:00:00,,,,,True,,,,,,,,,,,,
JUNHO_L519,JUNHO,Junho,519,2026-06-24 00:00:00,624025,200.0,15.4,3080.0,CARREGADOR VEICULAR A 30W,IMS-215L A,YHAN,CASADA,-,IMENSO,1,2026-06-26 00:00:00,2026-07-01 00:00:00,,,,,True,,,,,,,,,,,,
JUNHO_L520,JUNHO,Junho,520,2026-06-24 00:00:00,624025,200.0,13.86,2772.0,CARREGADOR VEICULAR,IMS-215 A,YHAN,CASADA,-,IMENSO,1,2026-06-26 00:00:00,2026-07-01 00:00:00,,,,,True,,,,,,,,,,,,
JUNHO_L521,JUNHO,Junho,521,2026-06-24 00:00:00,624025,100.0,30.8,3080.0,CARREGADOR 65W 2TYPE-C-USB,IMS-268P-B,YHAN,CASADA,-,IMENSO,1,2026-06-26 00:00:00,2026-07-01 00:00:00,,,,,True,,,,,,,,,,,,
JUNHO_L522,JUNHO,Junho,522,2026-06-24 00:00:00,624025,100.0,32.34,3234.0,CARREGADOR CONECTOR 4 SAÍDAS TURBO 85W USB-TYPE-C,IMS-268P C,YHAN,CASADA,-,IMENSO,1,2026-06-26 00:00:00,2026-07-01 00:00:00,,,,,True,,,,,,,,,,,,
JUNHO_L523,JUNHO,Junho,523,2026-06-24 00:00:00,624025,100.0,32.34,3234.0,CARREGADOR 65W USB-TYPE-C,IMS-268PC B,YHAN,CASADA,-,IMENSO,1,2026-06-26 00:00:00,2026-07-01 00:00:00,,,,,True,,,,,,,,,,,,
JUNHO_L524,JUNHO,Junho,524,2026-06-24 00:00:00,624025,100.0,34.65,3465.0,CARREGADOR 4 SAÍDAS TURBO 85W USB-TYPE-C,IMS-268PC C,YHAN,CASADA,-,IMENSO,1,2026-06-26 00:00:00,2026-07-01 00:00:00,,,,,True,,,,,,,,,,,,
JUNHO_L525,JUNHO,Junho,525,2026-06-24 00:00:00,624025,20.0,103.95,2079.0,SMARTWATCH ,IMS-757 A,YHAN,CASADA,-,IMENSO,1,2026-06-26 00:00:00,2026-07-01 00:00:00,,,,,True,,,,,,,,,,,,
JUNHO_L526,JUNHO,Junho,526,2026-06-24 00:00:00,624025,12.0,211.75,2541.0,CAIXA DE SOM Á PROVA D'ÁGUA 80W 8000MAH,IMS-X37 C,YHAN,CASADA,-,IMENSO,1,2026-06-26 00:00:00,2026-07-01 00:00:00,,,,,True,,,,,,,,,,,,
JUNHO_L527,JUNHO,Junho,527,2026-06-24 00:00:00,624025,20.0,80.85,1617.0,POWER BANK 20000MAH 65W,IMS-611D-B,YHAN,CASADA,-,IMENSO,1,2026-06-26 00:00:00,2026-07-01 00:00:00,,,,,True,,,,,,,,,,,,
JUNHO_L528,JUNHO,Junho,528,2026-06-24 00:00:00,624025,20.0,96.25,1925.0,POWER BANK 30000MAH 65W COM LANTERNA,IMS-626T-B,YHAN,CASADA,-,IMENSO,1,2026-06-26 00:00:00,2026-07-01 00:00:00,,,,,True,,,,,,,,,,,,
JUNHO_L529,JUNHO,Junho,529,2026-06-24 00:00:00,624025,10.0,148.61,1486.1,POWER BANK 60000MAH 100W COM LANTERNA,IMS-618S,YHAN,CASADA,-,IMENSO,1,2026-06-26 00:00:00,2026-07-01 00:00:00,,,,,True,,,,,,,,,,,,
JUNHO_L530,JUNHO,Junho,530,2026-06-24 00:00:00,624025,40.0,114.73,4589.2,HEADSET BLUETOOTH ,IMS-859,YHAN,CASADA,-,IMENSO,1,2026-06-26 00:00:00,2026-07-01 00:00:00,,,,,True,,,,,,,,,,,,
JUNHO_L531,JUNHO,Junho,531,2026-06-24 00:00:00,624025,13.0,129.36,1681.68,HEADSET BLUETOOTH SEM FIO,IMS-890,YHAN,CASADA,-,IMENSO,1,2026-06-26 00:00:00,2026-07-01 00:00:00,,,,,True,,,,,,,,,,,,
JUNHO_L532,JUNHO,Junho,532,2026-06-24 00:00:00,624025,20.0,107.03,2140.6,POWER BANK 30000MAH 100W COM LANTERNA,IMS-626T,YHAN,CASADA,-,IMENSO,1,2026-06-26 00:00:00,2026-07-01 00:00:00,,,,,True,,,,,,,,,,,,
JUNHO_L533,JUNHO,Junho,533,2026-06-24 00:00:00,624025,6.0,673.75,4042.5,CAIXA DE SOM 200W,IMS-X59 A,YHAN,CASADA,-,IMENSO,1,2026-06-26 00:00:00,2026-07-01 00:00:00,,,,,True,,,,,,,,,,,,
JUNHO_L534,JUNHO,Junho,534,2026-06-25 00:00:00,03118,3.0,3600.0,10800.0,MÁQUINA AUTOMÁTICA PARA PROCESSAMENTO DE DADOS,A24E99-05,YHAN,CASADA,-,GRASEP,31,2026-06-25 00:00:00,2026-06-25 00:00:00,,,,,True,,,,,,,,,,,,
JUNHO_L535,JUNHO,Junho,535,2026-06-25 00:00:00,15795,10.0,25.2,252.0,BALANÇA DIGITAL 180KG,MU-002,LARA ,ESTOQUE,-,TOMATE,1,2026-06-25 00:00:00,2026-06-30 00:00:00,,,,,True,,,,,,,,,,,,
JUNHO_L536,JUNHO,Junho,536,2026-06-25 00:00:00,1036,5000.0,14.0,70000.0,ADAPTADOR USB WIFI 600 MBPS (DUAL BAND SEM FIO),-,YHAN,ESTOQUE,-,HAOQING,31,2026-06-25 00:00:00,2026-06-30 00:00:00,,,,,True,,,,,,,,,,,,
JUNHO_L537,JUNHO,Junho,537,2026-06-25 00:00:00,1036,1000.0,18.0,18000.0,ADAPTADOR USB WIFI+BLUETOOH,-,YHAN,ESTOQUE,-,HAOQING,31,2026-06-25 00:00:00,2026-06-30 00:00:00,,,,,True,,,,,,,,,,,,
JUNHO_L538,JUNHO,Junho,538,2026-06-25 00:00:00,1036,10.0,152.0,1520.0,"MONITOR AX20""",AX20,GUILHERME,CASADA,-,HAOQING,31,2026-06-25 00:00:00,2026-06-25 00:00:00,,,,,True,,,,,,,,,,,,
JUNHO_L539,JUNHO,Junho,539,2026-06-25 00:00:00,11938,300.0,106.0,31800.0,PLACA MÃE H81 PC,G-H81/M,GUSTAVO,NINJA,-,KNUP,1,2026-06-25 00:00:00,2026-06-30 00:00:00,,,,,True,,,,,,,,,,,,
JUNHO_L540,JUNHO,Junho,540,2026-06-25 00:00:00,-,200.0,123.0,24600.0,DDR4 4GB PC,DDR4 4GB,GUILHERME,ESTOQUE,-,THIAGO VECCHI,31,2026-06-25 00:00:00,2026-07-14 00:00:00,,,,,True,,,,,,,,,,,,
JUNHO_L541,JUNHO,Junho,541,2026-06-25 00:00:00,21166,100.0,7.905,790.5,CABO ACHATADO/MALHA HDTV VERSION 1.4,LE-6614-3M,YHAN,ESTOQUE,-,LELONG,1,2026-06-25 00:00:00,2026-06-30 00:00:00,,,,,True,,,,,,,,,,,,
JUNHO_L542,JUNHO,Junho,542,2026-06-25 00:00:00,21166,30.0,20.46,613.8,CABO ACHATADO/MALHA HDTV VERSION 1.4,LE-6614-10M,YHAN,ESTOQUE,-,LELONG,1,2026-06-25 00:00:00,2026-06-30 00:00:00,,,,,True,,,,,,,,,,,,
JUNHO_L543,JUNHO,Junho,543,2026-06-25 00:00:00,21166,50.0,11.625,581.25,CABO ACHATADO/MALHA HDTV VERSION 1.4,LE-6614-5M,YHAN,ESTOQUE,-,LELONG,1,2026-06-25 00:00:00,2026-06-30 00:00:00,,,,,True,,,,,,,,,,,,
JUNHO_L544,JUNHO,Junho,544,2026-06-25 00:00:00,21166,100.0,6.51,651.0,CABO ACHATADO/MALHA HDTV VERSION 1.4,LE-6614-1.8M,YHAN,ESTOQUE,-,LELONG,1,2026-06-25 00:00:00,2026-06-30 00:00:00,,,,,True,,,,,,,,,,,,
JUNHO_L545,JUNHO,Junho,545,2026-06-26 00:00:00,-,2.0,1220.0,2440.0,TABLETE PAD 2 8/256GB,-,PATRÍCIA,CASADA,-,LENA WJR,31,2026-06-25 00:00:00,,2026-06-26 00:00:00,,,,False,,,,,,,,,,,,
JUNHO_L546,JUNHO,Junho,546,2026-06-26 00:00:00,-,1.0,1430.0,1430.0,TABLETE PAD PRO 5G 6/128GB,-,PATRÍCIA,CASADA,-,LENA WJR,31,2026-06-25 00:00:00,,2026-06-26 00:00:00,,,,False,,,,,,,,,,,,
JUNHO_L547,JUNHO,Junho,547,2026-06-26 00:00:00,-,1.0,1870.0,1870.0,TABLETE PAD 2 PRO 8/256GB,-,PATRÍCIA,CASADA,-,LENA WJR,31,2026-06-25 00:00:00,,2026-06-26 00:00:00,,,,False,,,,,,,,,,,,
JUNHO_L548,JUNHO,Junho,548,2026-06-26 00:00:00,-,1.0,1360.0,1360.0,TABLETE PAD 2 PPRO 6/128GB,-,PATRÍCIA,CASADA,-,LENA WJR,31,2026-06-25 00:00:00,,2026-06-26 00:00:00,,,,False,,,,,,,,,,,,
JUNHO_L549,JUNHO,Junho,549,2026-06-26 00:00:00,02106,5.0,734.7,3673.5,ADAPTADOR CARPLAY,VPL-1463,NETO,SHOWROOM,-,TORQUEHAMMER,1,2026-06-26 00:00:00,,,,,,False,,,,,,,,,,,,
JUNHO_L550,JUNHO,Junho,550,2026-06-26 00:00:00,21301,30.0,229.9,6897.0,SOPRADOR DE FOLHAS BRUSHLESS 21V,BOM-9744,OSMAR,REPRESENTANTE,J. BATISTA,BOMVINK,1,2026-06-30 00:00:00,,2026-06-30 00:00:00,,,,True,,,,,,,,,,,,
JUNHO_L551,JUNHO,Junho,551,2026-06-26 00:00:00,21308,4.0,299.9,1199.6,SOPRADOR E ASPIRADOR BRUSHLESS 21V ALTA POTENCIA C/ 6 NIVEIS DE VELOCIDADE AJUSTAVEIS,BOM-9752,ISAAC,CASADA,-,BOMVINK,1,2026-06-30 00:00:00,2026-06-30 00:00:00,,,,,True,,,,,,,,,,,,
JUNHO_L552,JUNHO,Junho,552,2026-06-26 00:00:00,923310,88.0,189.9,16711.2,"MONITOR LED 21.5"" TRONOS TRS22WR-75 FHD 75HZ PRETO",72430,GUILHERME,CASADA,-,POWERPC,31,2026-07-05 00:00:00,2026-07-06 00:00:00,,,,,True,,,,,,,,,,,,
JUNHO_L553,JUNHO,Junho,553,2026-06-26 00:00:00,02,100.0,80.0,8000.0,HD 500GB WD PURPLE,HD 500GB,ISAAC,CASADA,-,JAVACOMP,1,2026-06-28 00:00:00,2026-07-02 00:00:00,2026-06-29 00:00:00,,,,True,,,,,,,,,,,,
JUNHO_L554,JUNHO,Junho,554,2026-06-26 00:00:00,02,75.0,80.0,6000.0,HD 500GB SEAGATE,HD 500GB,ISAAC,CASADA,-,JAVACOMP,1,2026-06-28 00:00:00,2026-07-02 00:00:00,2026-06-29 00:00:00,,,,True,,,,,,,,,,,,
JUNHO_L555,JUNHO,Junho,555,2026-06-26 00:00:00,15890,1.0,1152.0,1152.0,SCOOTER,UF0-MN01A,ISAAC,SHOWROOM,-,TOMATE,1,2026-07-01 00:00:00,,,,,,False,,,,,,,,,,,,
JUNHO_L556,JUNHO,Junho,556,2026-06-26 00:00:00,15890,1.0,1169.1,1169.1,SCOOTER,MPE-08518A,ISAAC,SHOWROOM,-,TOMATE,1,2026-07-01 00:00:00,,,,,,False,,,,,,,,,,,,
JUNHO_L557,JUNHO,Junho,557,2026-06-26 00:00:00,1037,50.0,650.0,32500.0,RX - 580 HQ,-,YHAN,CASADA,-,HAOQING,31,2026-06-29 00:00:00,2026-06-30 00:00:00,,,,,True,,,,,,,,,,,,
JUNHO_L558,JUNHO,Junho,558,2026-06-26 00:00:00,12143,999.0,100.0,99900.0,PLACA MÃE H81 PC,G-H81/M,YHAN,ESTOQUE,-,KNUP,1,2026-07-02 00:00:00,2026-07-02 00:00:00,,,,,True,,,,,,,,,,,,
JUNHO_L559,JUNHO,Junho,559,2026-06-26 00:00:00,12143,643.0,100.0,64300.0,PLACA MÃE LGA1150 H81 CHIPSET LAN 100/1000MB,G-H81 PRO,YHAN,ESTOQUE,-,KNUP,1,2026-07-02 00:00:00,2026-07-02 00:00:00,,,,,True,,,,,,,,,,,,
JUNHO_L560,JUNHO,Junho,560,2026-06-26 00:00:00,12143,155.0,100.0,15500.0,PLACA MÃE H81PLUS,G-H81 PLUS,YHAN,ESTOQUE,-,KNUP,1,2026-07-02 00:00:00,2026-07-02 00:00:00,,,,,True,,,,,,,,,,,,
JUNHO_L561,JUNHO,Junho,561,2026-06-26 00:00:00,12144,203.0,100.0,20300.0,PLACA MÃE H-81 PC,G-H81,YHAN,ESTOQUE,-,KNUP,1,2026-07-01 00:00:00,,,,,,False,,,,,,,,,,,,
JUNHO_L562,JUNHO,Junho,562,2026-06-26 00:00:00,593118,1.0,3419.0,3419.0,PROJETOR EPSON POWERLITE E24 3600 LUMNES BRANCO 127/220V,-,GLEY,LICITAÇÃO,-,AMO PACOTES COMERCIO,1,2026-06-30 00:00:00,,2026-06-26 00:00:00,,,,False,,,,,,,,,,,,
JUNHO_L563,JUNHO,Junho,563,2026-06-29 00:00:00,21483,10.0,79.9,799.0,ESMERILHADEIRA ANGULAR 710W 110V,BOM-9545,YHAN,CASADA,-,BOMVINK,31,2026-07-01 00:00:00,2026-07-01 00:00:00,,,,,True,,,,,,,,,,,,
JUNHO_L564,JUNHO,Junho,564,2026-06-29 00:00:00,21483,10.0,79.9,799.0,ESMERILHADEIRA ANGULAR 710W 220V,BOM-9546,YHAN,CASADA,-,BOMVINK,31,2026-07-01 00:00:00,2026-07-01 00:00:00,,,,,True,,,,,,,,,,,,
JUNHO_L565,JUNHO,Junho,565,2026-06-29 00:00:00,21483,20.0,79.9,1598.0,FURADEIRA DE IMPACTO 600W 10MM 110V,BOM-9669,YHAN,CASADA,-,BOMVINK,31,2026-07-01 00:00:00,2026-07-01 00:00:00,,,,,True,,,,,,,,,,,,
JUNHO_L566,JUNHO,Junho,566,2026-06-29 00:00:00,21483,20.0,34.9,698.0,"KIT DE JOGO DE SOQUETES COM ENCAIXE DE 1/2"" 12PE",BOM-3210,YHAN,CASADA,-,BOMVINK,31,2026-07-01 00:00:00,2026-07-01 00:00:00,,,,,True,,,,,,,,,,,,
JUNHO_L567,JUNHO,Junho,567,2026-06-29 00:00:00,21483,36.0,109.99,3959.64,LUZ DE TRABALHO PORTÁTIL MULTIFUNCIONAL 21V,BOM-4229,YHAN,CASADA,-,BOMVINK,31,2026-07-01 00:00:00,2026-07-01 00:00:00,,,,,True,,,,,,,,,,,,
JUNHO_L568,JUNHO,Junho,568,2026-06-29 00:00:00,21483,20.0,119.9,2398.0,"MINI MOTOSSERRA PORTÁTIL A BATERIA 4""",BOM-9101,YHAN,CASADA,-,BOMVINK,31,2026-07-01 00:00:00,2026-07-01 00:00:00,,,,,True,,,,,,,,,,,,
JUNHO_L569,JUNHO,Junho,569,2026-06-29 00:00:00,21483,4.0,189.9,759.6,MISTURADOR ELETRICO PARA ARGAMASSA E TINTA 1300W 110V,BOM-9599,YHAN,CASADA,-,BOMVINK,31,2026-07-01 00:00:00,,,,,,True,,,,,,,,,,,,
JUNHO_L570,JUNHO,Junho,570,2026-06-29 00:00:00,21483,20.0,379.9,7598.0,"MOTOSSERRA A GASOLINA 58CC 20""",BOM-9203,YHAN,CASADA,-,BOMVINK,31,2026-07-01 00:00:00,2026-07-01 00:00:00,,,,,True,,,,,,,,,,,,
JUNHO_L571,JUNHO,Junho,571,2026-06-29 00:00:00,21483,24.0,139.9,3357.6,SERRA MÁRMORE 1200W 110V,BOM-9549,YHAN,CASADA,-,BOMVINK,31,2026-07-01 00:00:00,2026-07-01 00:00:00,,,,,True,,,,,,,,,,,,
JUNHO_L572,JUNHO,Junho,572,2026-06-29 00:00:00,21483,12.0,139.9,1678.8,SERRA MÁRMORE 1200W 220V,BOM-9550,YHAN,CASADA,-,BOMVINK,31,2026-07-01 00:00:00,2026-07-01 00:00:00,,,,,True,,,,,,,,,,,,
JUNHO_L573,JUNHO,Junho,573,2026-06-29 00:00:00,21483,20.0,89.9,1798.0,SERRA TICO TICO 550W 110V,BOM-9667,YHAN,CASADA,-,BOMVINK,31,2026-07-01 00:00:00,2026-07-01 00:00:00,,,,,True,,,,,,,,,,,,
JUNHO_L574,JUNHO,Junho,574,2026-06-29 00:00:00,-,50.0,380.0,19000.0,SERRA SABRE 21V,-,ISAAC,CASADA,-,CHYBEN,31,2026-07-01 00:00:00,2026-07-01 00:00:00,2026-06-30 00:00:00,,,,True,,,,,,,,,,,,
JUNHO_L575,JUNHO,Junho,575,2026-06-29 00:00:00,1038,20.0,650.0,13000.0,RX - 580 HQ,-,GUILHERME,CASADA,-,HAOQING,31,2026-06-29 00:00:00,,,,,,False,,,,,,,,,,,,
JUNHO_L576,JUNHO,Junho,576,2026-06-29 00:00:00,1038,50.0,180.0,9000.0,"MONITOR AX22""",AX22,GUILHERME,CASADA,-,HAOQING,31,2026-06-29 00:00:00,,,,,,False,,,,,,,,,,,,
JUNHO_L577,JUNHO,Junho,577,2026-06-29 00:00:00,21517,5.0,159.9,799.5,,BOM-9702,ISAAC,CASADA,-,BOMVINK,1,2026-07-01 00:00:00,2026-07-02 00:00:00,,,,,True,,,,,,,,,,,,descricao_ausente;
JUNHO_L578,JUNHO,Junho,578,2026-06-29 00:00:00,21517,8.0,139.9,1119.2,PISTOLA DE PINTURA PULVERIZADORA ELETRICA COM LED 127V 550W,BOM-9641,ISAAC,CASADA,-,BOMVINK,1,2026-07-01 00:00:00,2026-07-02 00:00:00,,,,,True,,,,,,,,,,,,
JUNHO_L579,JUNHO,Junho,579,2026-06-29 00:00:00,21517,10.0,119.9,1199.0,PARAFUSADEIRA BATERIA 21V,BOM-9969,ISAAC,CASADA,-,BOMVINK,1,2026-07-01 00:00:00,2026-07-02 00:00:00,,,,,True,,,,,,,,,,,,
JUNHO_L580,JUNHO,Junho,580,2026-06-30 00:00:00,92014,2000.0,5.4,10800.0,ADAPTADOR USB WIFI 802 ,UB-06,YHAN,CASADA,-,F&L,31,2026-03-30 00:00:00,2026-06-30 00:00:00,2026-06-30 00:00:00,,,,True,,,,,,,,,,,,
JUNHO_L581,JUNHO,Junho,581,2026-06-30 00:00:00,12330,100.0,20.0,2000.0,CAIXA DE SOM MULTIMIDIA 2.0 CANAIS ,KP-RO823,YHAN,CASADA,-,KNUP,31,2026-06-30 00:00:00,2026-07-02 00:00:00,,,,,True,,,,,,,,,,,,
JUNHO_L582,JUNHO,Junho,582,2026-06-30 00:00:00,16703,1000.0,115.0,115000.0,SSD 120GB,SSD 120GB,YHAN,ESTOQUE,-,MASTER DRIVE,1,2026-07-03 00:00:00,,,,,,False,,,,,,,,,,,,
JUNHO_L583,JUNHO,Junho,583,2026-06-30 00:00:00,16704,2000.0,159.0,318000.0,SSD 240GB,SSD 240GB,YHAN,ESTOQUE,-,MASTER DRIVE,1,2026-07-03 00:00:00,,,,,,True,,,,,,,,,,,,
JUNHO_L584,JUNHO,Junho,584,2026-06-30 00:00:00,16705,1000.0,320.0,320000.0,SSD 480GB,SSD 480GB,YHAN,ESTOQUE,-,MASTER DRIVE,1,2026-07-03 00:00:00,,,,,,False,,,,,,,,,,,,
JUNHO_L585,JUNHO,Junho,585,2026-06-30 00:00:00,-,60.0,450.0,27000.0,DDR4 16GB 3200 HYPERX,DDR4 16GB,GUILHERME,CASADA,-,JOICE,31,2026-06-30 00:00:00,,2026-07-01 00:00:00,,,,True,,,,,,,,,,,,
JUNHO_L586,JUNHO,Junho,586,2026-06-30 00:00:00,12366,100.0,230.0,23000.0,PLACA MÃE A320 PC,A320,OSMAR,CASADA,-,KNUP,31,2026-06-03 00:00:00,2026-07-02 00:00:00,,,,,True,,,,,,,,,,,,
JUNHO_L587,JUNHO,Junho,587,2026-06-30 00:00:00,7927,50.0,615.0,30750.0,I7 - 9700,I7-9700,ISAAC,CASADA,-,JANICE,31,2026-06-30 00:00:00,2026-07-01 00:00:00,,,,,True,,,,,,,,,,,,
JUNHO_L588,JUNHO,Junho,588,2026-06-30 00:00:00,923694,140.0,87.9,12306.0,PLACA MÃE BPC-H61 DESK BRAZILPC 1155,H61,GUILHERME,CASADA,-,POWERPC,1,2026-07-05 00:00:00,2026-07-06 00:00:00,,,,,True,,,,,,,,,,,,
JUNHO_L589,JUNHO,Junho,589,2026-06-30 00:00:00,21683,200.0,5.99,1198.0,DISCO DE SERRA CIRCULAR 4.5,BOM-5117,YHAN,CASADA,-,BOMVINK,31,2026-07-07 00:00:00,2026-07-01 00:00:00,,,,,True,,,,,,,,,,,,
JUNHO_L590,JUNHO,Junho,590,2026-06-30 00:00:00,21683,5.0,339.9,1699.5,CHAVE DE IMPACTO 21V 580NM,BOM-9964,YHAN,CASADA,-,BOMVINK,31,2026-07-07 00:00:00,2026-07-01 00:00:00,,,,,True,,,,,,,,,,,,
JUNHO_L591,JUNHO,Junho,591,2026-06-30 00:00:00,21683,6.0,269.9,1619.4,KIT DE JOGO DE CHAVES CATACRA SOQUETE 124PÇS,BOM-3911,YHAN,CASADA,-,BOMVINK,31,2026-07-07 00:00:00,2026-07-01 00:00:00,,,,,True,,,,,,,,,,,,
JUNHO_L592,JUNHO,Junho,592,2026-06-30 00:00:00,21683,144.0,10.9,1569.6,"ALICATE UNIVERSAL 8""",BOM-1603,YHAN,CASADA,-,BOMVINK,31,2026-07-07 00:00:00,2026-07-01 00:00:00,,,,,True,,,,,,,,,,,,
JUNHO_L593,JUNHO,Junho,593,2026-06-30 00:00:00,21683,60.0,11.8,708.0,MANDRIL C/ CHAVE 1/2*20F ROSCA,BOM-5016,YHAN,CASADA,-,BOMVINK,31,2026-07-07 00:00:00,2026-07-01 00:00:00,,,,,True,,,,,,,,,,,,
JUNHO_L594,JUNHO,Junho,594,2026-06-30 00:00:00,21683,300.0,2.2,660.0,CHAVE DE APERTO MANDRIL 1/2,BOM-5014,YHAN,CASADA,-,BOMVINK,31,2026-07-07 00:00:00,2026-07-01 00:00:00,,,,,True,,,,,,,,,,,,
JUNHO_L595,JUNHO,Junho,595,2026-06-30 00:00:00,21683,10.0,163.9,1639.0,NIVEL A LASER COM 12 LINHAS,BOM-6212,YHAN,CASADA,-,BOMVINK,31,2026-07-07 00:00:00,2026-07-01 00:00:00,,,,,True,,,,,,,,,,,,
JUNHO_L596,JUNHO,Junho,596,2026-06-30 00:00:00,21683,72.0,9.59,690.48,"COLHER DE PEDREIRO COM CABO ERGONOMICO 9""",BOM-1564,YHAN,CASADA,-,BOMVINK,31,2026-07-07 00:00:00,2026-07-01 00:00:00,,,,,True,,,,,,,,,,,,
JUNHO_L597,JUNHO,Junho,597,2026-06-30 00:00:00,21683,20.0,159.9,3198.0,AUXILIAR DE PARTIDA E COMPRESSOR PORTATIL VEICULAR,BOM-8923,YHAN,CASADA,-,BOMVINK,31,2026-07-07 00:00:00,2026-07-01 00:00:00,,,,,True,,,,,,,,,,,,
JUNHO_L598,JUNHO,Junho,598,2026-06-30 00:00:00,21683,2.0,299.9,599.8,DESEMPENADEIRA ELETRICA 127V PARA REBOCO E PAREDE 1200W,BOM-9625,YHAN,CASADA,-,BOMVINK,31,2026-07-07 00:00:00,2026-07-01 00:00:00,,,,,True,,,,,,,,,,,,
JUNHO_L599,JUNHO,Junho,599,2026-06-30 00:00:00,21688,16.0,38.99,623.84,MOP GIRATORIO COM BALDE DUPLO,BOM-7330,ISAAC,CASADA,-,BOMVINK,1,2026-07-02 00:00:00,2026-07-02 00:00:00,,,,,True,,,,,,,,,,,,
JUNHO_L600,JUNHO,Junho,600,2026-06-30 00:00:00,21688,20.0,99.9,1998.0,FURADEIRA DE IMPACTO PROFISSIONAL 13MM 750W 127V,BOM-9671,ISAAC,CASADA,-,BOMVINK,1,2026-07-02 00:00:00,2026-07-02 00:00:00,,,,,True,,,,,,,,,,,,
JUNHO_L601,JUNHO,Junho,601,2026-06-30 00:00:00,02136,100.0,13.02,1302.0,CAMERA DE RÉ.,VPL-3033,OSMAR,CASADA,-,TORQUEHAMMER,1,2026-07-02 00:00:00,2026-07-02 00:00:00,,,,,True,,,,,,,,,,,,
JUNHO_L602,JUNHO,Junho,602,2026-06-30 00:00:00,12401,300.0,285.0,85500.0,PLACA MÃE H511 LGA1200,G-H511,ISAAC,CASADA,-,KNUP,1,2026-06-30 00:00:00,2026-06-30 00:00:00,,,,,True,,,,,,,,,,,,
JUNHO_L603,JUNHO,Junho,603,2026-06-30 00:00:00,12402,6.0,364.0,2184.0,FONTE DE ALIMENTAÇÃO PARA PC,FO-MAX10RB,YHAN,CASADA,-,KNUP,31,2026-07-01 00:00:00,2026-07-02 00:00:00,,,,,True,,,,,,,,,,,,
JUNHO_L604,JUNHO,Junho,604,2026-06-30 00:00:00,03191,5.0,368.0,1840.0,"MONITOR LED 27"" RESOLUÇÃO 1920*1080",D-MN006,GUILHERME,CASADA,-,GRASEP,31,2026-06-30 00:00:00,2026-06-30 00:00:00,,,,,False,,,,,,,,,,,,
JUNHO_L605,JUNHO,Junho,605,2026-06-30 00:00:00,108284,3620.0,149.998,,"MONITOR 21,5 LED VGA+HDMI VX215X 60HZ VXPRO",-,NETO,ESTOQUE,SUFRAMA,DUEX,1,,,,,,,False,,,,,,,,,,,,
JULHO_L8,JULHO,Julho,8,2026-07-01 00:00:00,1060,264.0,329.0,86856.0,i5 - 8500 PC LGA1151,i5-8500,ISAAC,CASADA,-,GILCEMAR,31,2026-07-02 00:00:00,2026-07-02 00:00:00,2026-07-01 00:00:00,,,,True,,,,,,,,,,,,
JULHO_L9,JULHO,Julho,9,2026-07-01 00:00:00,-,300.0,75.0,22500.0,i5 - 3470,i5-3470,GUSTAVO,NINJA,-,THIAGO VECCHI,31,2026-07-03 00:00:00,ok,,,,,True,,,,,,,,,,,,
JULHO_L10,JULHO,Julho,10,2026-07-01 00:00:00,-,300.0,88.0,26400.0,i5 - 4570,i5-4740,GUSTAVO,NINJA,-,THIAGO VECCHI,31,2026-07-03 00:00:00,ok,,,,,True,,,,,,,,,,,,
JULHO_L11,JULHO,Julho,11,2026-07-01 00:00:00,21820,120.0,39.9,4788.0,LUMINÁRIA JARDIM COM PLACA SOLAR ESPETO(1PCT=6PCS) BOM-4601,BOM-4601,GUSTAVO,NINJA,-,BOMVINK,1,2026-07-09 00:00:00,ok,,,,,True,,,,,,,,,,,,
JULHO_L12,JULHO,Julho,12,2026-07-01 00:00:00,21820,120.0,21.9,2628.0,LUMINARIA JARDIM COM PLACA SOLAR ESPETO BOM-4602,BOM-4602,GUSTAVO,NINJA,-,BOMVINK,1,2026-07-09 00:00:00,ok,,,,,True,,,,,,,,,,,,
JULHO_L13,JULHO,Julho,13,2026-07-01 00:00:00,21820,200.0,8.99,1798.0,CORRENTE DE MOTOSSERRA:BOM-5624,BOM-5624,GUSTAVO,NINJA,-,BOMVINK,1,2026-07-09 00:00:00,ok,,,,,True,,,,,,,,,,,,
JULHO_L14,JULHO,Julho,14,2026-07-01 00:00:00,21820,300.0,15.99,4797.0,CORRENTE DE MOTOSSERRA:BOM-5626,BOM-5626,GUSTAVO,NINJA,-,BOMVINK,1,2026-07-09 00:00:00,ok,,,,,True,,,,,,,,,,,,
JULHO_L15,JULHO,Julho,15,2026-07-01 00:00:00,21820,200.0,18.99,3798.0,CORRENTE DE MOTOSSERRA: BOM-5629,BOM-5629,GUSTAVO,NINJA,-,BOMVINK,1,2026-07-09 00:00:00,ok,,,,,True,,,,,,,,,,,,
JULHO_L16,JULHO,Julho,16,2026-07-01 00:00:00,21820,200.0,5.99,1198.0,CORRENTE DE MOTOSSERRA:BOM-5621,BOM-5621,GUSTAVO,NINJA,-,BOMVINK,1,2026-07-09 00:00:00,ok,,,,,True,,,,,,,,,,,,
JULHO_L17,JULHO,Julho,17,2026-07-01 00:00:00,21820,200.0,2.99,598.0,SABRE DE MOTOSSERRA:BOM-5630,BOM-5630,GUSTAVO,NINJA,-,BOMVINK,1,2026-07-09 00:00:00,ok,,,,,True,,,,,,,,,,,,
JULHO_L18,JULHO,Julho,18,2026-07-01 00:00:00,908,500.0,72.0,36000.0,DDR3 8GB PC 1600MHZ,DDR3 8GB,GUSTAVO,NINJA,-,GB IMPORTS,31,2026-07-03 00:00:00,ok,2026-07-02 00:00:00,,,,True,,,,,,,,,,,,
JULHO_L19,JULHO,Julho,19,2026-07-01 00:00:00,07297,9.0,270.0,2430.0,WATER COOLER 240,WC1826P,GUILHERME,CASADA,-,GRASEP,31,2026-07-01 00:00:00,2026-07-01 00:00:00,,,,,True,,,,,,,,,,,,
JULHO_L20,JULHO,Julho,20,2026-07-01 00:00:00,07297,9.0,283.5,2551.5,WATER COOLER 240,WC1826B,GUILHERME,CASADA,-,GRASEP,31,2026-07-01 00:00:00,2026-07-01 00:00:00,,,,,True,,,,,,,,,,,,
JULHO_L21,JULHO,Julho,21,2026-07-01 00:00:00,923847,750.0,135.0,101250.0,MONITOR LED 19 TRONOS TRS-HK19WY PRETO VESA WIDESCREEN BOX IF,57966,GUILHERME,CASADA,-,GPJ,1,2026-07-05 00:00:00,2026-07-06 00:00:00,2026-07-31 00:00:00,2026-08-30 00:00:00,2026-09-29 00:00:00,,True,,,,,,,,,,,,
JULHO_L22,JULHO,Julho,22,2026-07-01 00:00:00,12510,20.0,238.0,4760.0,PLACA MÃE H310 PC,G-H310,GUILHERME,CASADA,-,KNUP,31,2026-07-01 00:00:00,2026-07-01 00:00:00,,,,,True,,,,,,,,,,,,
JULHO_L23,JULHO,Julho,23,2026-07-01 00:00:00,21884,12.0,88.9,1066.8,BATERIA DE ÍONS DE LITIO P/ FERRAMENTAS ELETRICAS 4.0 AH 21V - 10 CELULAS,BOM-5598,NETO,SHOWROOM,-,BOMVINK,1,2026-07-08 00:00:00,2026-07-10 00:00:00,,,,,True,,,,,,,,,,,,
JULHO_L24,JULHO,Julho,24,2026-07-01 00:00:00,21884,6.0,229.9,1379.4,SOPRADOR DE FOLHAS BRUSHLESS 21V,BOM-9744,NETO,ESTOQUE,-,BOMVINK,1,2026-07-08 00:00:00,2026-07-10 00:00:00,,,,,True,,,,,,,,,,,,
JULHO_L25,JULHO,Julho,25,2026-07-01 00:00:00,21890,30.0,229.9,6897.0,SOPRADOR DE FOLHAS BRUSHLESS 21V,BOM-9744,ISAAC,CASADA,-,BOMVINK,31,ATRASADO,,,,,,False,,,,,,,,,,,,
JULHO_L26,JULHO,Julho,26,2026-07-01 00:00:00,21890,40.0,139.9,5596.0,SOPRADOR DE FOLHAS COM ASPIRADOR LEVE 21V,BOM-9709,ISAAC,CASADA,-,BOMVINK,31,ATRASADO,,,,,,False,,,,,,,,,,,,
JULHO_L27,JULHO,Julho,27,2026-07-01 00:00:00,07324,5.0,112.5,562.5,GABINETE ATX RGB COM COOLERS,A31150C,GUILHERME,CASADA,-,DELTA,1,2026-07-01 00:00:00,2026-07-01 00:00:00,,,,,True,,,,,,,,,,,,
JULHO_L28,JULHO,Julho,28,2026-07-01 00:00:00,-,250.0,255.0,63750.0,DDR4 8GB 2666 PC,DDR4 8GB,GLEY,LICITAÇÃO,-,THIAGO VECCHI,31,2026-07-03 00:00:00,2026-07-07 00:00:00,,,,,True,,,,,,,,,,,,
JULHO_L29,JULHO,Julho,29,2026-07-01 00:00:00,-,54.0,659.0,35586.0,i5 - 10400,i5-10400,CÉSAR,LICITAÇÃO,-,GILCEMAR,31,2026-07-06 00:00:00,2026-07-07 00:00:00,2026-07-02 00:00:00,,,,True,,,,,,,,,,,,
JULHO_L30,JULHO,Julho,30,2026-07-01 00:00:00,-,96.0,599.0,57504.0,i5 - 10500T,i5-10500T,CÉSAR,LICITAÇÃO,-,GILCEMAR,31,2026-07-06 00:00:00,2026-07-07 00:00:00,2026-07-02 00:00:00,,,,True,,,,,,,,,,,,
JULHO_L31,JULHO,Julho,31,2026-07-01 00:00:00,32045,122.0,307.3,37490.6,PROCESSADOR INTEL I5 8400 OEM,i5-8400,ISAAC,CASADA,-,W.A ACCESS,31,2026-07-02 00:00:00,2026-07-02 00:00:00,,,,,True,,,,,,,,,,,,
JULHO_L32,JULHO,Julho,32,2026-07-01 00:00:00,32045,14.0,307.3,307.3,PROCESSADOR INTEL I5 8500 OEM,i5-8500,ISAAC,CASADA,-,W.A ACCESS,31,2026-07-02 00:00:00,2026-07-02 00:00:00,,,,,True,,,,,,,,,,,,total_nao_bate_qtd_x_unitario;
JULHO_L33,JULHO,Julho,33,2026-07-01 00:00:00,32046,41.0,307.3,12599.3,PROCESSADOR INTEL I5 8500 OEM,i5-8500,ISAAC,CASADA,-,W.A ACCESS,31,2026-07-02 00:00:00,2026-07-02 00:00:00,,,,,True,,,,,,,,,,,,
JULHO_L34,JULHO,Julho,34,2026-07-01 00:00:00,32046,28.0,307.3,8604.4,PROCESSADOR INTEL I5 8600 OEM,i5-8600,ISAAC,CASADA,-,W.A ACCESS,31,2026-07-02 00:00:00,2026-07-02 00:00:00,,,,,True,,,,,,,,,,,,
JULHO_L35,JULHO,Julho,35,2026-07-01 00:00:00,32035,89.0,358.5,31906.5,PROCESSADOR INTEL I5 9400 OEM,i5-9400,ISAAC,CASADA,-,W.A ACCESS,31,2026-07-08 00:00:00,2026-07-09 00:00:00,,,,,True,,,,,,,,,,,,
JULHO_L36,JULHO,Julho,36,2026-07-01 00:00:00,32035,114.0,358.5,40869.0,PROCESSADOR INTEL I5 9500 OEM,i5-9500,ISAAC,CASADA,-,W.A ACCESS,31,2026-07-08 00:00:00,2026-07-09 00:00:00,,,,,True,,,,,,,,,,,,
JULHO_L37,JULHO,Julho,37,2026-07-01 00:00:00,12507,10.0,170.0,1700.0,FONTE DE ALIMENTAÇÃO P/ PC (ATX 550W),FO-MAX01,YHAN,CASADA,-,KNUP,31,2026-07-02 00:00:00,2026-07-03 00:00:00,,,,,True,,,,,,,,,,,,
JULHO_L38,JULHO,Julho,38,2026-07-01 00:00:00,12507,10.0,187.0,1870.0,FONTE DE ALIMENTAÇÃO P/ PC (ATX 650W),FO-MAX02,YHAN,CASADA,-,KNUP,31,2026-07-02 00:00:00,2026-07-03 00:00:00,,,,,True,,,,,,,,,,,,
JULHO_L39,JULHO,Julho,39,2026-07-01 00:00:00,12507,10.0,204.0,2040.0,FONTE DE ALIMENTAÇÃO P/ PC (ATX 750W),FO-MAX03,YHAN,CASADA,-,KNUP,31,2026-07-02 00:00:00,2026-07-03 00:00:00,,,,,True,,,,,,,,,,,,
JULHO_L40,JULHO,Julho,40,2026-07-01 00:00:00,-,30.0,450.0,13500.0,DDR4 16GB 3200 FURY PC,DDR4 16GB,GUILHERME,CASADA,-,JOICE,31,2026-07-02 00:00:00,2026-07-01 00:00:00,,,,,True,,,,,,,,,,,,
JULHO_L41,JULHO,Julho,41,2026-07-01 00:00:00,-,1.0,200.0,200.0,MÓDULO DE LED COLORIDA,-,GLEY,LICITAÇÃO,-,AVDIGITAL,1,2026-07-05 00:00:00,2026-07-06 00:00:00,,,,,True,,,,,,,,,,,,
JULHO_L42,JULHO,Julho,42,2026-07-01 00:00:00,-,4.0,2185.0,8740.0,"PAINEL DE LED P3,91 OUTDOOR 1000x500MM",-,GLEY,LICITAÇÃO,-,AVDIGITAL,1,2026-07-05 00:00:00,2026-07-06 00:00:00,,,,,True,,,,,,,,,,,,
JULHO_L43,JULHO,Julho,43,2026-07-01 00:00:00,-,1.0,300.0,300.0,SUPORTE PAINEL DE LED ,-,GLEY,LICITAÇÃO,-,AVDIGITAL,1,2026-07-05 00:00:00,2026-07-06 00:00:00,,,,,True,,,,,,,,,,,,
JULHO_L44,JULHO,Julho,44,2026-07-01 00:00:00,12649,36.0,22.8,820.8,ESPELHO DE MESA COM LED,OIH-5203,YHAN,CASADA,-,OASIS,31,2026-07-05 00:00:00,2026-07-06 00:00:00,,,,,True,,,,,,,,,,,,
JULHO_L45,JULHO,Julho,45,2026-07-01 00:00:00,3565176,500.0,124.41,62205.0,CELULAR MULTI UP 4G PRETO,-,GUILHERME,CASADA,SUFRAMA,MULTILASER,1,2026-07-08 00:00:00,2026-07-07 00:00:00,,,,,True,,,,,,,,,,,,
JULHO_L46,JULHO,Julho,46,2026-07-01 00:00:00,3565361,2000.0,4.74,9480.0,MOUSE COM FIO MF100 USB 1200DPI 3BOT COMPACTO 120CM,-,YHAN,CASADA,SUFRAMA,MULTILASER,1,2026-07-08 00:00:00,2026-07-09 00:00:00,,,,,True,,,,,,,,,,,,
JULHO_L47,JULHO,Julho,47,2026-07-01 00:00:00,3565361,100.0,11.85,1185.0,MOUSE SEM FIO MS100 USB 1200DPI 3BOT SLIM,-,YHAN,CASADA,SUFRAMA,MULTILASER,1,2026-07-08 00:00:00,2026-07-09 00:00:00,,,,,True,,,,,,,,,,,,
JULHO_L48,JULHO,Julho,48,2026-07-01 00:00:00,3565361,2000.0,13.3,26600.0,TECLADO COM FIO TF100 USB COMPACTO 120CM,-,YHAN,CASADA,SUFRAMA,MULTILASER,1,2026-07-08 00:00:00,2026-07-09 00:00:00,,,,,True,,,,,,,,,,,,
JULHO_L49,JULHO,Julho,49,2026-07-01 00:00:00,3568935,3000.0,4.74,14220.0,MOUSE COM FIO MF100 USB 1200DPI 3BOT COMPACTO 120CM,-,GUILHERME,CASADA,SUFRAMA,MULTILASER,1,2026-07-08 00:00:00,2026-07-07 00:00:00,,,,,True,,,,,,,,,,,,
JULHO_L50,JULHO,Julho,50,2026-07-01 00:00:00,-,8.0,806.5,6452.0,DDR5 16GB PC 4800XMP - C/ DISSIPADOR DE CALOR BRANCO - CLANM,-,ISAAC,CASADA,SUFRAMA,POTENCIAL,1,2026-07-06 00:00:00,2026-07-07 00:00:00,,2026-08-02 00:00:00,,,True,,,,,,,,,,,,
JULHO_L51,JULHO,Julho,51,2026-07-01 00:00:00,-,8.0,806.5,6452.0,DDR5 16GB PC 4800XMP BK - C/ DISSIPADOR DE CALOR PRETO - CLANM,-,ISAAC,CASADA,SUFRAMA,POTENCIAL,1,2026-07-06 00:00:00,2026-07-07 00:00:00,,2026-08-17 00:00:00,,,True,,,,,,,,,,,,
JULHO_L52,JULHO,Julho,52,2026-07-01 00:00:00,-,14.0,806.5,11291.0,DDR5 16GB PC 4800XMP - C/ DISSIPADOR DE CALOR BRANCO - CLANM,-,ISAAC,CASADA,SUFRAMA,POTENCIAL,1,2026-07-06 00:00:00,2026-07-07 00:00:00,,2026-09-01 00:00:00,,,True,,,,,,,,,,,,linha_duplicada_suspeita;
JULHO_L53,JULHO,Julho,53,2026-07-01 00:00:00,-,14.0,806.5,11291.0,DDR5 16GB PC 4800XMP BK - C/ DISSIPADOR DE CALOR PRETO - CLANM,-,ISAAC,CASADA,SUFRAMA,POTENCIAL,1,2026-07-06 00:00:00,2026-07-07 00:00:00,,2026-08-02 00:00:00,,,True,,,,,,,,,,,,linha_duplicada_suspeita;
JULHO_L54,JULHO,Julho,54,2026-07-01 00:00:00,-,14.0,806.5,11291.0,DDR5 16GB PC 4800XMP - C/ DISSIPADOR DE CALOR BRANCO - CLANM,-,ISAAC,CASADA,SUFRAMA,POTENCIAL,1,2026-07-06 00:00:00,2026-07-07 00:00:00,,2026-08-17 00:00:00,,,True,,,,,,,,,,,,linha_duplicada_suspeita;
JULHO_L55,JULHO,Julho,55,2026-07-01 00:00:00,-,14.0,806.5,11291.0,DDR5 16GB PC 4800XMP BK - C/ DISSIPADOR DE CALOR PRETO - CLANM,-,ISAAC,CASADA,SUFRAMA,POTENCIAL,1,2026-07-06 00:00:00,2026-07-07 00:00:00,,2026-09-01 00:00:00,,,True,,,,,,,,,,,,linha_duplicada_suspeita;
JULHO_L56,JULHO,Julho,56,2026-07-01 00:00:00,-,14.0,806.5,11291.0,DDR5 16GB PC 4800XMP - C/ DISSIPADOR DE CALOR BRANCO - CLANM,-,ISAAC,CASADA,SUFRAMA,POTENCIAL,1,2026-07-06 00:00:00,2026-07-07 00:00:00,,2026-08-02 00:00:00,,,True,,,,,,,,,,,,linha_duplicada_suspeita;
JULHO_L57,JULHO,Julho,57,2026-07-01 00:00:00,-,14.0,806.5,11291.0,DDR5 16GB PC 4800XMP BK - C/ DISSIPADOR DE CALOR PRETO - CLANM,-,ISAAC,CASADA,SUFRAMA,POTENCIAL,1,2026-07-06 00:00:00,2026-07-07 00:00:00,,2026-08-17 00:00:00,,,True,,,,,,,,,,,,linha_duplicada_suspeita;
JULHO_L58,JULHO,Julho,58,2026-07-01 00:00:00,795.003,1000.0,82.8981,82898.1,PLACA MÃE DXMBBB75S M2 LGA1155 (INTEL) DDR3 DUEX,B75,GUSTAVO,NINJA,SUFRAMA,DUEX,1,2026-07-14 00:00:00,ok,,,,,True,,,,,,,,,,,,
JULHO_L59,JULHO,Julho,59,2026-07-01 00:00:00,435610,1000.0,20.9,20900.0,TECLADO GAMER - START,015-0085,GUSTAVO,NINJA,SUFRAMA,SANTANA,1,2026-07-28 00:00:00,2026-07-30 00:00:00,,,,,False,,,,,,,,,,,,
JULHO_L60,JULHO,Julho,60,2026-07-01 00:00:00,435610,1000.0,15.65,15650.0,TECLADO GAMER START 2.0 PRETO / VERMELHO,015-0087,GUSTAVO,NINJA,SUFRAMA,SANTANA,1,2026-07-28 00:00:00,2026-07-30 00:00:00,,,,,False,,,,,,,,,,,,
JULHO_L61,JULHO,Julho,61,2026-07-01 00:00:00,435610,1000.0,4.39,4390.0,MOUSE GAMER START 2.0 - PRETO / VERMELHO,015-0088,GUSTAVO,NINJA,SUFRAMA,SANTANA,1,2026-07-28 00:00:00,2026-07-30 00:00:00,,,,,False,,,,,,,,,,,,
JULHO_L62,JULHO,Julho,62,2026-07-01 00:00:00,435610,10000.0,3.3,33000.0,MOUSE OTICO USB OFFICE PRETO 1000DPI,015-0043,NETO,ESTOQUE,SUFRAMA,SANTANA,1,2026-07-28 00:00:00,2026-07-30 00:00:00,,,,,False,,,,,,,,,,,,
JULHO_L63,JULHO,Julho,63,2026-07-02 00:00:00,07345,200.0,12.6,2520.0,CAMERA DE RÉ 30W,ACR-031,OSMAR,CASADA,-,AITEK,1,2026-07-05 00:00:00,2026-07-06 00:00:00,,,,,True,,,,,,,,,,,,
JULHO_L64,JULHO,Julho,64,2026-07-02 00:00:00,12723,50.0,12.7,635.0,MINI CAIXAS ACUSTICAS PARES,KP-601,OSMAR,CASADA,-,KNUP,31,2026-07-02 00:00:00,2026-07-06 00:00:00,,,,,True,,,,,,,,,,,,
JULHO_L65,JULHO,Julho,65,2026-07-02 00:00:00,32048,3.0,605.83,1817.49,PROCESSADOR INTEL I5 10400 OEM,-,CÉSAR,LICITAÇÃO,-,W.A ACCESS,31,2026-07-02 00:00:00,2026-07-07 00:00:00,,,,,True,,,,,,,,,,,,
JULHO_L66,JULHO,Julho,66,2026-07-02 00:00:00,32048,114.0,612.43,69817.02,PROCESSADOR INTEL I5 10500 OEM,-,CÉSAR,LICITAÇÃO,-,W.A ACCESS,31,2026-07-02 00:00:00,2026-07-07 00:00:00,,,,,True,,,,,,,,,,,,
JULHO_L67,JULHO,Julho,67,2026-07-02 00:00:00,32048,25.0,579.43,14485.75,PROCESSADOR INTEL I5 10500T OEM,-,CÉSAR,LICITAÇÃO,-,W.A ACCESS,31,2026-07-02 00:00:00,2026-07-07 00:00:00,,,,,True,,,,,,,,,,,,
JULHO_L68,JULHO,Julho,68,2026-07-02 00:00:00,32048,7.0,579.43,4056.01,PROCESSADOR INTEL I5 10400T OEM,-,CÉSAR,LICITAÇÃO,-,W.A ACCESS,31,2026-07-02 00:00:00,2026-07-07 00:00:00,,,,,True,,,,,,,,,,,,
JULHO_L69,JULHO,Julho,69,2026-07-02 00:00:00,228252,30.0,107.25,3217.5,GABINETE GAMER C/ 3 FANS ,GB1727,CÉSAR,LICITAÇÃO,SUFRAMA,HAYOM,1,2026-07-20 00:00:00,2026-07-23 00:00:00,2026-07-02 00:00:00,,,,True,,,,,,,,,,,,
JULHO_L70,JULHO,Julho,70,2026-07-02 00:00:00,21946,12.0,15.9,190.8,LUMINARIA SOLAR DE JARDIM PORTATIL ESTACA E LANTERNA,BOM-4616,OSMAR,CASADA,-,BOMVINK,31,2026-07-08 00:00:00,2026-07-10 00:00:00,,,,,True,,,,,,,,,,,,
JULHO_L71,JULHO,Julho,71,2026-07-02 00:00:00,21938,10.0,209.9,2099.0,ASPIRADOR DE PO E AGUA 1400W 15 LITROS 127V,BOM-7015,YHAN,CASADA,-,BOMVINK,31,2026-07-07 00:00:00,2026-07-08 00:00:00,,,,,True,,,,,,,,,,,,
JULHO_L72,JULHO,Julho,72,2026-07-02 00:00:00,21938,24.0,44.9,1077.6,CHUVEIRO ELETRICO COM DUCHA 6000W 110V,BOM-2485,YHAN,CASADA,-,BOMVINK,31,2026-07-07 00:00:00,2026-07-08 00:00:00,,,,,True,,,,,,,,,,,,
JULHO_L73,JULHO,Julho,73,2026-07-02 00:00:00,21938,24.0,44.9,1077.6,CHUVEIRO ELETRICO COM DUCHA 6000W 220V,BOM-2486,YHAN,CASADA,-,BOMVINK,31,2026-07-07 00:00:00,2026-07-08 00:00:00,,,,,True,,,,,,,,,,,,
JULHO_L74,JULHO,Julho,74,2026-07-02 00:00:00,921,50.0,425.0,21250.0,DDR4 16GB 3200MHZ,DDR4 16GB,YHAN,CASADA,-,GB IMPORTS,31,2026-07-03 00:00:00,2026-07-03 00:00:00,,,,,True,,,,,,,,,,,,linha_duplicada_suspeita;
JULHO_L75,JULHO,Julho,75,2026-07-02 00:00:00,921,50.0,425.0,21250.0,DDR4 16GB 3200MHZ,DDR4 16GB,YHAN,ESTOQUE,-,GB IMPORTS,31,2026-07-03 00:00:00,2026-07-03 00:00:00,,,,,True,,,,,,,,,,,,linha_duplicada_suspeita;
JULHO_L76,JULHO,Julho,76,2026-07-02 00:00:00,923904,220.0,149.9,32978.0,"MONITOR LED 20"" BRAZILPC 20WR 75HZ PRETO",60856,GUILHERME,CASADA,-,POWERPC,1,2026-07-06 00:00:00,2026-07-06 00:00:00,,,,,True,,,,,,,,,,,,
JULHO_L77,JULHO,Julho,77,2026-07-02 00:00:00,923915,1000.0,87.9,87900.0,PLACA MÃE DESK BPC-H61 BRAZILPC 1155,72896,GUILHERME,CASADA,-,POWERPC,1,2026-07-06 00:00:00,2026-07-06 00:00:00,,,,,True,,,,,,,,,,,,
JULHO_L78,JULHO,Julho,78,2026-07-02 00:00:00,-,10.0,212.78,2127.8,GPU NVIDIA GEFORCE GT730 - 4GB DDR3 - 128BIT - HDMI/DVI/VGA - CLANM,GT730LP,GUILHERME,CASADA,SUFRAMA,POTENCIAL,1,2026-07-06 00:00:00,2026-07-07 00:00:00,,,,,True,,,,,,,,,,,,
JULHO_L79,JULHO,Julho,79,2026-07-02 00:00:00,21938,10.0,89.99,899.9,FURADEIRA DE IMPACTO 110V ,BOM-9543,YHAN,CASADA,-,BOMVINK,31,2026-07-07 00:00:00,2026-07-08 00:00:00,,,,,True,,,,,,,,,,,,
JULHO_L80,JULHO,Julho,80,2026-07-02 00:00:00,21938,50.0,73.99,3699.5,KIT JOGO DE FERRAMENTAS COMPLETA COM 126 PÇS,BOM-3907,YHAN,CASADA,-,BOMVINK,31,2026-07-07 00:00:00,2026-07-08 00:00:00,,,,,True,,,,,,,,,,,,
JULHO_L81,JULHO,Julho,81,2026-07-02 00:00:00,21938,10.0,129.9,1299.0,LAVADORA DE PRESSÃO PORTÁTIL A BATERIA,BOM-7001,YHAN,CASADA,-,BOMVINK,31,2026-07-07 00:00:00,2026-07-08 00:00:00,,,,,True,,,,,,,,,,,,
JULHO_L82,JULHO,Julho,82,2026-07-02 00:00:00,21938,20.0,149.9,2998.0,LIXADEIRA MANUAL DE BATERIA ,BOM-9703,YHAN,CASADA,-,BOMVINK,31,2026-07-07 00:00:00,2026-07-08 00:00:00,,,,,True,,,,,,,,,,,,
JULHO_L83,JULHO,Julho,83,2026-07-02 00:00:00,21938,20.0,50.9,1018.0,KIT 6 LUMINÁRIAS SOLAR DE JARDIM 98*98*405,BOM-4612,YHAN,CASADA,-,BOMVINK,31,2026-07-07 00:00:00,2026-07-08 00:00:00,,,,,True,,,,,,,,,,,,
JULHO_L84,JULHO,Julho,84,2026-07-02 00:00:00,21938,10.0,349.9,3499.0,MOTOSSERRA A GASOLINA ,BOM-9204,YHAN,CASADA,-,BOMVINK,31,2026-07-07 00:00:00,2026-07-08 00:00:00,,,,,True,,,,,,,,,,,,
JULHO_L85,JULHO,Julho,85,2026-07-02 00:00:00,21938,60.0,139.9,8394.0,SERRA MÁRMORE 1200W 110V,BOM-9549,YHAN,CASADA,-,BOMVINK,31,2026-07-07 00:00:00,2026-07-08 00:00:00,,,,,True,,,,,,,,,,,,
JULHO_L86,JULHO,Julho,86,2026-07-02 00:00:00,21938,36.0,139.9,5036.4,SERRA MÁRMORE 1200W 220V,BOM-9550,YHAN,CASADA,-,BOMVINK,31,2026-07-07 00:00:00,2026-07-08 00:00:00,,,,,True,,,,,,,,,,,,
JULHO_L87,JULHO,Julho,87,2026-07-02 00:00:00,21938,16.0,329.9,5278.4,SOPRADOR A GASOLINA 26CC,BOM-9206,YHAN,CASADA,-,BOMVINK,31,2026-07-07 00:00:00,2026-07-08 00:00:00,,,,,True,,,,,,,,,,,,
JULHO_L88,JULHO,Julho,88,2026-07-02 00:00:00,07372,4.0,1170.0,4680.0,"MONITOR PRO GAMER 34""  K 165HZ",M3422AUC,GLEY,LICITAÇÃO,-,DELTA,1,2026-07-06 00:00:00,2026-07-14 00:00:00,,,,,True,,,,,,,,,,,,
JULHO_L89,JULHO,Julho,89,2026-07-02 00:00:00,33195,70.0,1140.89,79862.3,i5 - 14400 OEM,-,ISAAC,CASADA,-,BRAZUSA,31,2026-07-13 00:00:00,2026-07-13 00:00:00,,,,,True,,,,,,,,,,,,
JULHO_L90,JULHO,Julho,90,2026-07-02 00:00:00,33195,10.0,2043.7,20437.0,i7 - 14700 OEM,-,ISAAC,CASADA,-,BRAZUSA,31,2026-07-13 00:00:00,2026-07-13 00:00:00,,,,,True,,,,,,,,,,,,
JULHO_L91,JULHO,Julho,91,2026-07-02 00:00:00,33195,40.0,1845.75,73830.0,i7 - 14700F OEM,-,ISAAC,CASADA,-,BRAZUSA,31,2026-07-13 00:00:00,2026-07-13 00:00:00,,,,,True,,,,,,,,,,,,
JULHO_L92,JULHO,Julho,92,2026-07-03 00:00:00,-,120.0,380.0,45600.0,NVME 512GB,-,GUILHERME,CASADA,-,CHYBEN,31,2026-07-06 00:00:00,2026-07-06 00:00:00,,,,,True,,,,,,,,,,,,
JULHO_L93,JULHO,Julho,93,2026-07-03 00:00:00,-,20.0,380.0,7600.0,NVME 512GB,-,GUILHERME,CASADA,-,CHYBEN,31,2026-07-05 00:00:00,2026-07-06 00:00:00,2026-07-03 00:00:00,,,,True,,,,,,,,,,,,
JULHO_L94,JULHO,Julho,94,2026-07-03 00:00:00,22125,6.0,269.9,1619.4,MÁQUINA DE SOLDA 110V,BOM-9507,YHAN,CASADA,-,BOMVINK,31,2026-07-05 00:00:00,2026-07-06 00:00:00,,,,,True,,,,,,,,,,,,
JULHO_L95,JULHO,Julho,95,2026-07-03 00:00:00,12903,100.0,230.0,23000.0,PLACA MÃE A320 PC,G-A320,OSMAR,CASADA,-,KNUP,31,2026-07-05 00:00:00,2026-07-06 00:00:00,,,,,True,,,,,,,,,,,,
JULHO_L96,JULHO,Julho,96,2026-07-03 00:00:00,-,50.0,260.0,13000.0,NVME 256GB,-,YHAN,CASADA,-,CHYBEN,31,2026-07-06 00:00:00,2026-07-09 00:00:00,2026-07-03 00:00:00,,,,True,,,,,,,,,,,,
JULHO_L97,JULHO,Julho,97,2026-07-03 00:00:00,8897,12.0,1010.0,12120.0,i5 - 13500,-,ISAAC,CASADA,-,CPU MASTER,31,2026-07-08 00:00:00,2026-07-09 00:00:00,,,,,True,,,,,,,,,,,,
JULHO_L98,JULHO,Julho,98,2026-07-03 00:00:00,930,4000.0,70.0,280000.0,DDR3 8GB PC 1600MHZ,DDR3 8GB,ISAAC,ESTOQUE,-,GB IMPORTS,31,2026-07-07 00:00:00,2026-07-08 00:00:00,,,,,True,,,,,,,,,,,,
JULHO_L99,JULHO,Julho,99,2026-07-03 00:00:00,924066,500.0,149.9,74950.0,"MONITOR LED 20"" BRAZILPC 20WR 75HZ PRETO",60856,YHAN,ESTOQUE,-,POWERPC,1,2026-07-10 00:00:00,2026-07-09 00:00:00,2026-08-02 00:00:00,2026-09-01 00:00:00,2026-10-01 00:00:00,,False,,,,,,,,,,,,
JULHO_L100,JULHO,Julho,100,2026-07-03 00:00:00,12888,1500.0,1.2,1800.0,CABO USB X MICRO USB CARREGAMENTO RÁPIDO ,OR-C025/M,GUILHERME,CASADA,-,KNUP,31,2026-07-03 00:00:00,2026-07-03 00:00:00,,,,,True,,,,,,,,,,,,
JULHO_L101,JULHO,Julho,101,2026-07-03 00:00:00,-,50.0,380.0,19000.0,NVME 512GB,-,YHAN,CASADA,-,CHYBEN,31,2026-07-06 00:00:00,2026-07-09 00:00:00,2026-07-03 00:00:00,,,,True,,,,,,,,,,,,linha_duplicada_suspeita;
JULHO_L102,JULHO,Julho,102,2026-07-03 00:00:00,12888,1200.0,2.1,2520.0,CABO USB X LIGHTNING CARREGAMENTO RÁPIDO,OR-C023/L,GUILHERME,CASADA,-,KNUP,31,2026-07-03 00:00:00,2026-07-03 00:00:00,,,,,True,,,,,,,,,,,,
JULHO_L103,JULHO,Julho,103,2026-07-03 00:00:00,12889,20.0,300.0,6000.0,PLACA MÃE H510 PC,G-H510,GUILHERME,CASADA,-,KNUP,31,2026-07-03 00:00:00,2026-07-03 00:00:00,,,,,True,,,,,,,,,,,,
JULHO_L104,JULHO,Julho,104,2026-07-03 00:00:00,1039,106.0,152.0,16112.0,"MONITOR AX20""","AX20""",OSMAR,CASADA,-,HAOQING,31,2026-07-03 00:00:00,,,,,,False,,,,,,,,,,,,
JULHO_L105,JULHO,Julho,105,2026-07-03 00:00:00,1039,5.0,180.0,900.0,"MONITOR AX22""","AX22""",OSMAR,CASADA,-,HAOQING,31,2026-07-03 00:00:00,,,,,,False,,,,,,,,,,,,
JULHO_L106,JULHO,Julho,106,2026-07-03 00:00:00,1039,200.0,180.0,36000.0,"MONITOR AX22""","AX22""",GLEY,LICITAÇÃO,-,HAOQING,31,2026-07-03 00:00:00,,,,,,False,,,,,,,,,,,,
JULHO_L107,JULHO,Julho,107,2026-07-03 00:00:00,1039,20.0,215.0,4300.0,"MONITOR AX24""","AX24""",ISAAC,CASADA,-,HAOQING,31,2026-07-03 00:00:00,,,,,,False,,,,,,,,,,,,
JULHO_L108,JULHO,Julho,108,2026-07-03 00:00:00,1039,300.0,215.0,64500.0,"MONITOR AX24""","AX24""",GLEY,LICITAÇÃO,-,HAOQING,31,2026-07-03 00:00:00,,,,,,False,,,,,,,,,,,,
JULHO_L109,JULHO,Julho,109,2026-07-03 00:00:00,1039,50.0,215.0,10750.0,"MONITOR AX24""","AX24""",OSMAR,CASADA,-,HAOQING,31,2026-07-03 00:00:00,,,,,,False,,,,,,,,,,,,
JULHO_L110,JULHO,Julho,110,2026-07-06 00:00:00,22288,300.0,8.99,2697.0,TESTADOR DE CABO DE REDE E TELEFONE ,BOM-6802,ISAAC,CASADA,-,BOMVINK,31,2026-07-08 00:00:00,2026-07-10 00:00:00,,,,,True,,,,,,,,,,,,
JULHO_L111,JULHO,Julho,111,2026-07-06 00:00:00,13204,20.0,252.0,5040.0,PLACA MÃE H310 PC,G-H310,GUILHERME,CASADA,-,KNUP,31,2026-07-05 00:00:00,2026-07-06 00:00:00,,,,,True,,,,,,,,,,,,
JULHO_L112,JULHO,Julho,112,2026-07-06 00:00:00,22332,10.0,119.9,1199.0,"MINI MOTOSSERRA PORTÁTIL A BATERIA 4""",BOM-9101,ISAAC,CASADA,-,BOMVINK,1,2026-07-08 00:00:00,2026-07-10 00:00:00,,,,,True,,,,,,,,,,,,
JULHO_L113,JULHO,Julho,113,2026-07-06 00:00:00,16814,240.0,6.48,1555.2,CABO DE REDE CAT5 100 MBPS 30 AWG,MHD-4035,ISAAC,CASADA,-,TOMATE,31,2026-07-10 00:00:00,2026-07-13 00:00:00,,,,,True,,,,,,,,,,,,
JULHO_L114,JULHO,Julho,114,2026-07-06 00:00:00,16814,210.0,14.4,3024.0,CABO CFTV CAT5 30M,MCB-1530,ISAAC,CASADA,-,TOMATE,31,2026-07-10 00:00:00,2026-07-13 00:00:00,,,,,True,,,,,,,,,,,,
JULHO_L115,JULHO,Julho,115,2026-07-06 00:00:00,22575,60.0,44.64,2678.4,LANTERNA,LE-8314,OSMAR,CASADA,-,LELONG,31,2026-07-07 00:00:00,2026-07-08 00:00:00,,,,,True,,,,,,,,,,,,
JULHO_L116,JULHO,Julho,116,2026-07-06 00:00:00,13205,50.0,18.9,945.0,CAIXA DE SOM MULTIMIDEA ,KP-RO800,OSMAR,CASADA,-,KNUP,31,2026-07-09 00:00:00,2026-07-09 00:00:00,,,,,True,,,,,,,,,,,,
JULHO_L117,JULHO,Julho,117,2026-07-06 00:00:00,22365,10.0,79.9,799.0,ESMERILHADEIRA ANGULAR 710W 110v ,BOM-9545,YHAN,CASADA,-,BOMVINK,31,2026-07-07 00:00:00,2026-07-07 00:00:00,,,,,True,,,,,,,,,,,,
JULHO_L118,JULHO,Julho,118,2026-07-06 00:00:00,22365,4.0,499.9,1999.6,CHAVE DE IMPACTO 21V 1300 N.M,BOM-9971,YHAN,CASADA,-,BOMVINK,31,2026-07-07 00:00:00,2026-07-07 00:00:00,,,,,True,,,,,,,,,,,,
JULHO_L119,JULHO,Julho,119,2026-07-06 00:00:00,22365,25.0,169.9,4247.5,FURADEIRA E MARTELETE COM IMPACTO 800W 110V,BOM-9557,YHAN,CASADA,-,BOMVINK,31,2026-07-07 00:00:00,2026-07-07 00:00:00,,,,,True,,,,,,,,,,,,
JULHO_L120,JULHO,Julho,120,2026-07-06 00:00:00,22365,72.0,19.9,1432.8,MACHADO COM CABO DE FIBRA-600G,BOM-1005,YHAN,CASADA,-,BOMVINK,31,2026-07-07 00:00:00,2026-07-07 00:00:00,,,,,True,,,,,,,,,,,,
JULHO_L121,JULHO,Julho,121,2026-07-06 00:00:00,22365,10.0,119.9,1199.0,MINI MOTOSSERRA PORTATIL A BATERIA 4 POLEGATAS ,BOM-9101,YHAN,CASADA,-,BOMVINK,31,2026-07-07 00:00:00,2026-07-07 00:00:00,,,,,True,,,,,,,,,,,,
JULHO_L122,JULHO,Julho,122,2026-07-06 00:00:00,22365,20.0,109.9,2198.0,PARAFUSADEIRA BATERIA 21V ,BOM-9970,YHAN,CASADA,-,BOMVINK,31,2026-07-07 00:00:00,2026-07-07 00:00:00,,,,,True,,,,,,,,,,,,
JULHO_L123,JULHO,Julho,123,2026-07-06 00:00:00,22365,6.0,139.9,839.4,SERRA MÁRMORE 1200W 110V ,BOM-9549,YHAN,CASADA,-,BOMVINK,31,2026-07-07 00:00:00,2026-07-07 00:00:00,,,,,True,,,,,,,,,,,,
JULHO_L124,JULHO,Julho,124,2026-07-06 00:00:00,22365,10.0,329.9,3299.0,SOPRADOR A GASOLINA 26CC:,BOM-9206,YHAN,CASADA,-,BOMVINK,31,2026-07-07 00:00:00,2026-07-07 00:00:00,,,,,True,,,,,,,,,,,,
JULHO_L125,JULHO,Julho,125,2026-07-06 00:00:00,22365,10.0,79.9,799.0,SERRA TICO TICO 550W 220V:,BOM-9668,YHAN,CASADA,-,BOMVINK,31,2026-07-07 00:00:00,2026-07-07 00:00:00,,,,,True,,,,,,,,,,,,
JULHO_L126,JULHO,Julho,126,2026-07-06 00:00:00,8909,6.0,1010.0,6060.0,i5 - 13500,-,ISAAC,CASADA,-,CPU MASTER,31,2026-07-08 00:00:00,2026-07-09 00:00:00,,,,,True,,,,,,,,,,,,
JULHO_L127,JULHO,Julho,127,2026-07-06 00:00:00,13122,300.0,25.5,7650.0,COOLER PARA PROCESSADOR CPU,G-VR303,YHAN,CASADA,-,KNUP,31,2026-07-07 00:00:00,2026-07-09 00:00:00,,,,,True,,,,,,,,,,,,
JULHO_L128,JULHO,Julho,128,2026-07-06 00:00:00,924455,1000.0,9.5,9500.0,COOLER BRAZILPC CL-823 65W P/INTEL/AMD BOX,63188,YHAN,ESTOQUE,-,POWERPC,1,2026-07-13 00:00:00,2026-07-13 00:00:00,2026-08-05 00:00:00,2026-09-04 00:00:00,2026-10-04 00:00:00,,False,,,,,,,,,,,,
JULHO_L129,JULHO,Julho,129,2026-07-06 00:00:00,924417,1000.0,2.75,2750.0,CABO DE FORÇA P/ MONITOR/GABINETE PADRÃO NOVO OEM,44561,YHAN,ESTOQUE,-,POWERPC,1,2026-07-15 00:00:00,2026-07-15 00:00:00,,,,,True,,,,,,,,,,,,
JULHO_L130,JULHO,Julho,130,2026-07-06 00:00:00,924417,1000.0,25.35,25350.0,FONTE ATX PS3 230W TRONOS TRS-230V 1.2 24 PINOS OEM,55921,YHAN,ESTOQUE,-,POWERPC,1,2026-07-15 00:00:00,2026-07-15 00:00:00,,,,,True,,,,,,,,,,,,
JULHO_L131,JULHO,Julho,131,2026-07-06 00:00:00,924417,400.0,42.9,17160.0,GAB. MATX BRAZILPC BPC-N110 MATX-B M255 S/ BAIA S/FONTE,50537,YHAN,ESTOQUE,-,POWERPC,1,2026-07-15 00:00:00,2026-07-15 00:00:00,,,,,True,,,,,,,,,,,,
JULHO_L132,JULHO,Julho,132,2026-07-06 00:00:00,924417,600.0,42.9,25740.0,GAB. MATX BRAZILPC BPC-N114 MATX M255 S/ BAIA S/FONTE,70627,YHAN,ESTOQUE,-,POWERPC,1,2026-07-15 00:00:00,2026-07-15 00:00:00,,,,,True,,,,,,,,,,,,
JULHO_L133,JULHO,Julho,133,2026-07-06 00:00:00,16855,300.0,45.0,13500.0,CONTROLE GAMER SEM FIO,MAY-004,GUSTAVO,NINJA,-,TOMATE,1,ok,ok,,,,,True,,,,,,,,,,,,
JULHO_L134,JULHO,Julho,134,2026-07-07 00:00:00,-,50.0,380.0,19000.0,NVME 512GB,-,GUILHERME,CASADA,-,CHYBEN,31,2026-07-07 00:00:00,2026-07-07 00:00:00,,,,,True,,,,,,,,,,,,linha_duplicada_suspeita;
JULHO_L135,JULHO,Julho,135,2026-07-07 00:00:00,1040,20.0,152.0,3040.0,"MONITOR AX20""","AX20""",GUILHERME,CASADA,-,HAOQING,31,2026-07-07 00:00:00,2026-07-07 00:00:00,,,,,True,,,,,,,,,,,,
JULHO_L136,JULHO,Julho,136,2026-07-07 00:00:00,22513,120.0,15.99,1918.8,KIT DE CHAVES SOQUETES COM 40PCS 1/4 E 3/8,BOM-3906,YHAN,CASADA,-,BOMVINK,31,2026-07-08 00:00:00,2026-07-08 00:00:00,,,,,True,,,,,,,,,,,,
JULHO_L137,JULHO,Julho,137,2026-07-07 00:00:00,22513,3.0,269.9,809.7,KIT JOGO DE CHAVES CATRACA SOQUETE 124 PECAS,BOM-3911,YHAN,CASADA,-,BOMVINK,31,2026-07-08 00:00:00,2026-07-08 00:00:00,,,,,True,,,,,,,,,,,,
JULHO_L138,JULHO,Julho,138,2026-07-07 00:00:00,22513,25.0,149.9,3747.5,KIT JOGO DE CHAVES CATRACA SOQUETE 95 PECAS,BOM-3912,YHAN,CASADA,-,BOMVINK,31,2026-07-08 00:00:00,2026-07-08 00:00:00,,,,,True,,,,,,,,,,,,
JULHO_L139,JULHO,Julho,139,2026-07-07 00:00:00,22513,30.0,139.9,4197.0,"JOGO DE SOQUETES 1/2POL. COM REVERSIVEL, COMBINADAS-37PCS",BOM-3917,YHAN,CASADA,-,BOMVINK,31,2026-07-08 00:00:00,2026-07-08 00:00:00,,,,,True,,,,,,,,,,,,
JULHO_L140,JULHO,Julho,140,2026-07-07 00:00:00,22513,60.0,34.9,2094.0,KIT DE JOGO DE SOQUETES COM ENCAIXE DE 1/2 DE POLEGADA 12PE,BOM-3210,YHAN,CASADA,-,BOMVINK,31,2026-07-08 00:00:00,2026-07-08 00:00:00,,,,,True,,,,,,,,,,,,
JULHO_L141,JULHO,Julho,141,2026-07-07 00:00:00,22513,100.0,39.9,3990.0,LANTERNA RECARREGAVEL COM ZOOM AJUSTAVEL,BOM-4326,YHAN,CASADA,-,BOMVINK,31,2026-07-08 00:00:00,2026-07-08 00:00:00,,,,,True,,,,,,,,,,,,
JULHO_L142,JULHO,Julho,142,2026-07-07 00:00:00,22513,24.0,79.9,1917.6,LANTERNA DE LED RECARREGAVEL PORTATIL,BOM-4340,YHAN,CASADA,-,BOMVINK,31,2026-07-08 00:00:00,2026-07-08 00:00:00,,,,,True,,,,,,,,,,,,
JULHO_L143,JULHO,Julho,143,2026-07-07 00:00:00,22513,120.0,21.9,2628.0,CONJUNTO DE 7 CHAVES DEFENDA EPHILLIPS COM CABO DE IMPACTO,BOM-3121,YHAN,CASADA,-,BOMVINK,31,2026-07-08 00:00:00,2026-07-08 00:00:00,,,,,True,,,,,,,,,,,,
JULHO_L144,JULHO,Julho,144,2026-07-07 00:00:00,22513,12.0,69.9,838.8,CONJUNTO DE CHAVE DE FENDA E BROCA 50PCS,BOM-3127,YHAN,CASADA,-,BOMVINK,31,2026-07-08 00:00:00,2026-07-08 00:00:00,,,,,True,,,,,,,,,,,,
JULHO_L145,JULHO,Julho,145,2026-07-07 00:00:00,22513,2.0,379.9,759.8,KIT DE FERRAMENTAS 266 PECAS COM MALETA,BOM-3928,YHAN,CASADA,-,BOMVINK,31,2026-07-08 00:00:00,2026-07-08 00:00:00,,,,,True,,,,,,,,,,,,
JULHO_L146,JULHO,Julho,146,2026-07-07 00:00:00,22513,12.0,189.9,2278.8,ESMERILHADEIRA DE BATERIA 21V-100MM,BOM-9704,YHAN,CASADA,-,BOMVINK,31,2026-07-08 00:00:00,2026-07-08 00:00:00,,,,,True,,,,,,,,,,,,
JULHO_L147,JULHO,Julho,147,2026-07-07 00:00:00,22513,10.0,79.9,799.0,ESMERILHADEIRA ANGULAR 710W 110V,BOM-9545,YHAN,CASADA,-,BOMVINK,31,2026-07-08 00:00:00,2026-07-08 00:00:00,,,,,True,,,,,,,,,,,,
JULHO_L148,JULHO,Julho,148,2026-07-07 00:00:00,22513,20.0,109.9,2198.0,PARAFUSADEIRA BATERIA 21V,BOM-9970,YHAN,CASADA,-,BOMVINK,31,2026-07-08 00:00:00,2026-07-08 00:00:00,,,,,True,,,,,,,,,,,,
JULHO_L149,JULHO,Julho,149,2026-07-07 00:00:00,22513,36.0,109.99,3959.64,LUZ DE TRABALHO PORTÁTIL MULTIFUNCIONAL 21V,BOM-4229,YHAN,CASADA,-,BOMVINK,31,2026-07-08 00:00:00,2026-07-08 00:00:00,,,,,True,,,,,,,,,,,,
JULHO_L150,JULHO,Julho,150,2026-07-07 00:00:00,22513,10.0,89.99,899.9,FURADEIRA DE IMPACTO 110V,BOM-9543,YHAN,CASADA,-,BOMVINK,31,2026-07-08 00:00:00,2026-07-08 00:00:00,,,,,True,,,,,,,,,,,,
JULHO_L151,JULHO,Julho,151,2026-07-07 00:00:00,22513,100.0,13.99,1399.0,KIT DE MANICURE E PEDICURE 19 PECAS,BOM-3710,YHAN,CASADA,-,BOMVINK,31,2026-07-08 00:00:00,2026-07-08 00:00:00,,,,,True,,,,,,,,,,,,
JULHO_L152,JULHO,Julho,152,2026-07-07 00:00:00,22502,40.0,379.9,15196.0,ROÇADEIRA,BOM-9202,YHAN,CASADA,-,BOMVINK,31,2026-07-09 00:00:00,,,,,,False,,,,,,,,,,,,
JULHO_L153,JULHO,Julho,153,2026-07-07 00:00:00,22502,40.0,0.01,0.4,ROÇADEIRA/APARADO DE GRAMA,BOM-9200,YHAN,CASADA,-,BOMVINK,31,2026-07-09 00:00:00,,,,,,False,,,,,,,,,,,,
JULHO_L154,JULHO,Julho,154,2026-07-07 00:00:00,22503,20.0,379.9,7598.0,ROÇADEIRA,BOM-9202,YHAN,CASADA,-,BOMVINK,31,2026-07-09 00:00:00,,,,,,False,,,,,,,,,,,,
JULHO_L155,JULHO,Julho,155,2026-07-07 00:00:00,22503,20.0,0.01,0.2,ROÇADEIRA/APARADO DE GRAMA,BOM-9200,YHAN,CASADA,-,BOMVINK,31,2026-07-09 00:00:00,,,,,,False,,,,,,,,,,,,
JULHO_L156,JULHO,Julho,156,2026-07-07 00:00:00,-,100.0,90.0,9000.0,i5 - 4590,i5-4590,YHAN,ESTOQUE,-,THIAGO VECCHI,31,2026-07-08 00:00:00,2026-07-09 00:00:00,,,,,True,,,,,,,,,,,,
JULHO_L157,JULHO,Julho,157,2026-07-07 00:00:00,-,140.0,90.0,12600.0,i5 - 4590,i5-4590,GUSTAVO,NINJA,-,THIAGO VECCHI,31,2026-07-08 00:00:00,ok,,,,,True,,,,,,,,,,,,
JULHO_L158,JULHO,Julho,158,2026-07-07 00:00:00,22520,72.0,8.9,640.8,ALICATE DE CORTE 6 POLEGADA,BOM-1602,ISAAC,CASADA,-,BOMVINK,1,2026-07-10 00:00:00,2026-07-10 00:00:00,,,,,True,,,,,,,,,,,,
JULHO_L159,JULHO,Julho,159,2026-07-07 00:00:00,22520,50.0,27.9,1395.0,ALICATE CRIMPADOR E DECAPADOR,BOM-1701,ISAAC,CASADA,-,BOMVINK,1,2026-07-10 00:00:00,2026-07-10 00:00:00,,,,,True,,,,,,,,,,,,
JULHO_L160,JULHO,Julho,160,2026-07-07 00:00:00,22520,100.0,8.9,890.0,KIT BROCAS ACO RAPIDO 5 PECAS 4 A 10MM,BOM-5032,ISAAC,CASADA,-,BOMVINK,1,2026-07-10 00:00:00,2026-07-10 00:00:00,,,,,True,,,,,,,,,,,,
JULHO_L161,JULHO,Julho,161,2026-07-07 00:00:00,22520,100.0,79.99,7999.0,RADIO COMUNICADOR,BOM-5703,ISAAC,CASADA,-,BOMVINK,1,2026-07-10 00:00:00,2026-07-10 00:00:00,,,,,True,,,,,,,,,,,,
JULHO_L162,JULHO,Julho,162,2026-07-07 00:00:00,22520,120.0,18.99,2278.8,MULTIMETRO DIGITAL,BOM-6009,ISAAC,CASADA,-,BOMVINK,1,2026-07-10 00:00:00,2026-07-10 00:00:00,,,,,True,,,,,,,,,,,,
JULHO_L163,JULHO,Julho,163,2026-07-07 00:00:00,22520,5.0,209.9,1049.5,KIT DE NIVEL A LASER DE 12 LINHAS RECARREGAVEL COM TRIPE,BOM-6216,ISAAC,CASADA,-,BOMVINK,1,2026-07-10 00:00:00,2026-07-10 00:00:00,,,,,True,,,,,,,,,,,,
JULHO_L164,JULHO,Julho,164,2026-07-07 00:00:00,22520,100.0,8.99,899.0,TESTADOR DE CABO DE REDE E TELEFONE,BOM-6802,ISAAC,CASADA,-,BOMVINK,1,2026-07-10 00:00:00,2026-07-10 00:00:00,,,,,True,,,,,,,,,,,,
JULHO_L165,JULHO,Julho,165,2026-07-07 00:00:00,22520,5.0,159.9,799.5,MAQUINA DE SOLDA 110A INVERSORA 220V,BOM-9682,ISAAC,CASADA,-,BOMVINK,1,2026-07-10 00:00:00,2026-07-10 00:00:00,,,,,True,,,,,,,,,,,,
JULHO_L166,JULHO,Julho,166,2026-07-07 00:00:00,22520,60.0,13.9,834.0,LAMPADA DE EMERGENCIA 30 LEDS,BOM-4501,ISAAC,CASADA,-,BOMVINK,1,2026-07-10 00:00:00,2026-07-10 00:00:00,,,,,True,,,,,,,,,,,,
JULHO_L167,JULHO,Julho,167,2026-07-07 00:00:00,07566,100.0,28.8,2880.0,SWITCH 5 PORTAS 1000MBPS,ATS-105G,YHAN,ESTOQUE,-,DELTA,1,2026-07-09 00:00:00,2026-07-14 00:00:00,,,,,True,,,,,,,,,,,,
JULHO_L168,JULHO,Julho,168,2026-07-07 00:00:00,07566,100.0,52.2,5220.0,SWITCH 8 PORTAS 1000MBPS,ATS-108G,YHAN,ESTOQUE,-,DELTA,1,2026-07-09 00:00:00,2026-07-14 00:00:00,,,,,True,,,,,,,,,,,,
JULHO_L169,JULHO,Julho,169,2026-07-07 00:00:00,22544,80.0,13.9,1112.0,SERROTE PARA PODA COM LAMINA DE GANCHOS AFIADOS,BOM-1080,OSMAR,REPRESENTANTE,J. BATISTA,BOMVINK,31,2026-07-10 00:00:00,2026-07-10 00:00:00,,,,,True,,,,,,,,,,,,
JULHO_L170,JULHO,Julho,170,2026-07-07 00:00:00,22544,240.0,5.9,1416.0,"CHAVE PHILLIPS 1/4*6""",BOM-1144,OSMAR,REPRESENTANTE,J. BATISTA,BOMVINK,31,2026-07-10 00:00:00,2026-07-10 00:00:00,,,,,True,,,,,,,,,,,,
JULHO_L171,JULHO,Julho,171,2026-07-07 00:00:00,22544,40.0,20.8,832.0,GRAMPEADOR PROFISSIONAL,BOM-1502,OSMAR,REPRESENTANTE,J. BATISTA,BOMVINK,31,2026-07-10 00:00:00,2026-07-10 00:00:00,,,,,True,,,,,,,,,,,,
JULHO_L172,JULHO,Julho,172,2026-07-07 00:00:00,22544,20.0,40.9,818.0,MINI MAQUINA DE COSTURA,BOM-1505,OSMAR,REPRESENTANTE,J. BATISTA,BOMVINK,31,2026-07-10 00:00:00,2026-07-10 00:00:00,,,,,True,,,,,,,,,,,,
JULHO_L173,JULHO,Julho,173,2026-07-07 00:00:00,22544,96.0,8.99,863.04,KIT SERRA COPO 6PES,BOM-5201,OSMAR,REPRESENTANTE,J. BATISTA,BOMVINK,31,2026-07-10 00:00:00,2026-07-10 00:00:00,,,,,True,,,,,,,,,,,,
JULHO_L174,JULHO,Julho,174,2026-07-07 00:00:00,22544,144.0,3.99,574.56,KIT TACHINHAS LATONADAS DOURADAS-100 PECAS 11 * 10 MM,BOM-5325,OSMAR,REPRESENTANTE,J. BATISTA,BOMVINK,31,2026-07-10 00:00:00,2026-07-10 00:00:00,,,,,True,,,,,,,,,,,,
JULHO_L175,JULHO,Julho,175,2026-07-07 00:00:00,22544,72.0,6.99,503.28,PORTA-PAPEL HIGIENICO DUPLO PARA CAIXA ACOPLADA,BOM-2305,OSMAR,REPRESENTANTE,J. BATISTA,BOMVINK,31,2026-07-10 00:00:00,2026-07-10 00:00:00,,,,,True,,,,,,,,,,,,
JULHO_L176,JULHO,Julho,176,2026-07-07 00:00:00,22544,400.0,7.99,3196.0,TRAVA DE PORTA MAGNETICA COM FIXADOR ADESIVO,BOM-2738,OSMAR,REPRESENTANTE,J. BATISTA,BOMVINK,31,2026-07-10 00:00:00,2026-07-10 00:00:00,,,,,True,,,,,,,,,,,,
JULHO_L177,JULHO,Julho,177,2026-07-07 00:00:00,22544,240.0,5.9,1416.0,DOBRADICA COM ROLAMENTO 3.5 POLEGADAS-3PCS,BOM-2714,OSMAR,REPRESENTANTE,J. BATISTA,BOMVINK,31,2026-07-10 00:00:00,2026-07-10 00:00:00,,,,,True,,,,,,,,,,,,
JULHO_L178,JULHO,Julho,178,2026-07-07 00:00:00,22544,200.0,3.5,700.0,"TORNEIRA ESFERA PLASTICA 1/2"" PARA JARDIM",BOM-2066,OSMAR,REPRESENTANTE,J. BATISTA,BOMVINK,31,2026-07-10 00:00:00,2026-07-10 00:00:00,,,,,True,,,,,,,,,,,,
JULHO_L179,JULHO,Julho,179,2026-07-07 00:00:00,06751,8.0,142.2,1137.6,FRITADEIRA ELETRICA AIR FRYER 110V,ON-FT105-110V,ISAAC,CASADA,-,ONISTEK,31,2026-07-08 00:00:00,2026-07-08 00:00:00,,,,,True,,,,,,,,,,,,
JULHO_L180,JULHO,Julho,180,2026-07-07 00:00:00,06751,8.0,142.2,1137.6,FRITADEIRA ELETRICA AIR FRYER 220V,ON-FT105-220V,ISAAC,CASADA,-,ONISTEK,31,2026-07-08 00:00:00,2026-07-08 00:00:00,,,,,True,,,,,,,,,,,,
JULHO_L181,JULHO,Julho,181,2026-07-07 00:00:00,06751,14.0,63.0,882.0,PIPOQUEIRA ELETRICA,ON-PP604/110V,ISAAC,CASADA,-,ONISTEK,31,2026-07-08 00:00:00,2026-07-08 00:00:00,,,,,True,,,,,,,,,,,,
JULHO_L182,JULHO,Julho,182,2026-07-07 00:00:00,-,4000.0,70.0,280000.0,DDR3 8GB PC ,-,YHAN,ESTOQUE,-,CHYBEN,31,2026-07-14 00:00:00,2026-07-15 00:00:00,,,,,True,,,,,,,,,,,,
JULHO_L183,JULHO,Julho,183,2026-07-07 00:00:00,13261,100.0,8.0,800.0,COOLER PARA PROCESSADOR CPU,G-VR339,YHAN,CASADA,-,KNUP,1,2026-07-07 00:00:00,2026-07-09 00:00:00,,,,,True,,,,,,,,,,,,
JULHO_L184,JULHO,Julho,184,2026-07-07 00:00:00,13262,100.0,34.2,3420.0,CIRCUITO IMPRESSO PLACA PCI-EILHADA,KP-T105,YHAN,ESTOQUE,-,KNUP,1,2026-07-07 00:00:00,2026-07-09 00:00:00,,,,,True,,,,,,,,,,,,
JULHO_L185,JULHO,Julho,185,2026-07-07 00:00:00,243299,30.0,15.9,477.0,MOUSE PAD SPEED GAMER EXTRA GRANDE 700X350X3MM - GOKU,MP-7035C52,ISAAC,ESTOQUE,-,EXBOM,31,2026-07-24 00:00:00,2026-07-30 00:00:00,,,,,False,,,,,,,,,,,,
JULHO_L186,JULHO,Julho,186,2026-07-07 00:00:00,243299,30.0,15.9,477.0,MOUSE PAD SPEED GAMER EXTRA GRANDE 700X350X3MM - ASSASSINO,MP-7035C06,ISAAC,ESTOQUE,-,EXBOM,31,2026-07-24 00:00:00,2026-07-30 00:00:00,,,,,False,,,,,,,,,,,,
JULHO_L187,JULHO,Julho,187,2026-07-07 00:00:00,243299,30.0,15.9,477.0,MOUSE PAD SPEED GAMER EXTRA GRANDE 700X350X3MM - AKATSUKI,MP-7035C37,ISAAC,ESTOQUE,-,EXBOM,31,2026-07-24 00:00:00,2026-07-30 00:00:00,,,,,False,,,,,,,,,,,,
JULHO_L188,JULHO,Julho,188,2026-07-07 00:00:00,243299,20.0,28.5,570.0,MOUSE PAD COM BORDA DE LED RGB 12CORES 30X80CM X4MM DRAGÃO,MP-LED3080C01,ISAAC,ESTOQUE,-,EXBOM,31,2026-07-24 00:00:00,2026-07-30 00:00:00,,,,,False,,,,,,,,,,,,
JULHO_L189,JULHO,Julho,189,2026-07-07 00:00:00,243299,20.0,28.5,570.0,MOUSE PAD COM BORDA DE LED RGB 12CORES 30X80CM X4MM DRAGÃO AZUL,MP-LED3080C51,ISAAC,ESTOQUE,-,EXBOM,31,2026-07-24 00:00:00,2026-07-30 00:00:00,,,,,False,,,,,,,,,,,,
JULHO_L190,JULHO,Julho,190,2026-07-07 00:00:00,243299,30.0,23.5,705.0,MOUSE PAD GAMER SPEED 900X400X3MM PERSONALIZADO BORDA COSTURA EXL - PRETO SEM ESTAMPA,MP-9040A025,ISAAC,ESTOQUE,-,EXBOM,31,2026-07-24 00:00:00,2026-07-30 00:00:00,,,,,False,,,,,,,,,,,,
JULHO_L191,JULHO,Julho,191,2026-07-07 00:00:00,243299,30.0,15.9,477.0,MOUSE PAD SPEED GAMER EXTRA GRANDE 700X350X3MM - GUERREIRO,MP-7035C11,ISAAC,ESTOQUE,-,EXBOM,31,2026-07-24 00:00:00,2026-07-30 00:00:00,,,,,False,,,,,,,,,,,,
JULHO_L192,JULHO,Julho,192,2026-07-07 00:00:00,243299,30.0,15.9,477.0,MOUSE PAD SPEED GAMER EXTRA GRANDE 700X350X3MM - BIJUUS & MESTRE,MP-7035C49,ISAAC,ESTOQUE,-,EXBOM,31,2026-07-24 00:00:00,2026-07-30 00:00:00,,,,,False,,,,,,,,,,,,
JULHO_L193,JULHO,Julho,193,2026-07-08 00:00:00,06758,50.0,16.0,800.0,MINI PROCESSADOR DE ALIMENTOS,ON-UD101,OSMAR,SHOWROOM,-,ONISTEK,1,2026-07-09 00:00:00,2026-07-10 00:00:00,,,,,True,,,,,,,,,,,,
JULHO_L194,JULHO,Julho,194,2026-07-08 00:00:00,06758,100.0,8.82,882.0,MIXER PORTÁTIL ,ON-UD133,OSMAR,SHOWROOM,-,ONISTEK,1,2026-07-09 00:00:00,2026-07-10 00:00:00,,,,,True,,,,,,,,,,,,
JULHO_L195,JULHO,Julho,195,2026-07-08 00:00:00,-,70.0,380.0,26600.0,NVME 512GB,-,YHAN,CASADA,-,CHYBEN,31,2026-07-10 00:00:00,2026-07-10 00:00:00,2026-07-08 00:00:00,,,,True,,,,,,,,,,,,
JULHO_L196,JULHO,Julho,196,2026-07-08 00:00:00,13127,50.0,20.46,1023.0,MINI PROCESSADOR TRITURADOR MIXER ELETRICO,OIH-2581,OSMAR,SHOWROOM,-,OASIS,1,2026-07-13 00:00:00,2026-07-15 00:00:00,,,,,True,,,,,,,,,,,,
JULHO_L197,JULHO,Julho,197,2026-07-08 00:00:00,22620,60.0,46.9,2814.0,KIT 8 LUMINÁRIAS SOLAR DE JARDIM,BOM-4620,YHAN,CASADA,-,BOMVINK,31,2026-07-08 00:00:00,2026-07-09 00:00:00,,,,,True,,,,,,,,,,,,
JULHO_L198,JULHO,Julho,198,2026-07-08 00:00:00,22620,12.0,379.9,4558.8,"MOTOSSERRA A GASOLINA 58CC 20""",BOM-9203,YHAN,CASADA,-,BOMVINK,31,2026-07-08 00:00:00,2026-07-09 00:00:00,,,,,True,,,,,,,,,,,,
JULHO_L199,JULHO,Julho,199,2026-07-08 00:00:00,22620,60.0,89.9,5394.0,ESMERILHADEIRA ANGULAR 850W 110V,BOM-9551,YHAN,CASADA,-,BOMVINK,31,2026-07-08 00:00:00,2026-07-09 00:00:00,,,,,True,,,,,,,,,,,,
JULHO_L200,JULHO,Julho,200,2026-07-08 00:00:00,22635,10.0,79.9,799.0,"BOLSA DE FERRAMENTAS 16""",BOM-7710,YHAN,CASADA,-,BOMVINK,31,2026-07-08 00:00:00,2026-07-09 00:00:00,,,,,True,,,,,,,,,,,,
JULHO_L201,JULHO,Julho,201,2026-07-08 00:00:00,22635,3.0,269.9,809.7,KIT JOGO DE CHAVES CATRACA SOQUETE 124PÇS,BOM-3911,YHAN,CASADA,-,BOMVINK,31,2026-07-08 00:00:00,2026-07-09 00:00:00,,,,,True,,,,,,,,,,,,
JULHO_L202,JULHO,Julho,202,2026-07-08 00:00:00,22635,120.0,18.99,2278.8,LANTERNA TATICA,BOM-4327,YHAN,CASADA,-,BOMVINK,31,2026-07-08 00:00:00,2026-07-09 00:00:00,,,,,True,,,,,,,,,,,,
JULHO_L203,JULHO,Julho,203,2026-07-08 00:00:00,92733,100.0,21.0,2100.0,FONTE UNIVERSAL PARA NOTEBOOK,FC-11,YHAN,CASADA,-,F&L,31,09//07/2026,2026-07-15 00:00:00,2026-07-10 00:00:00,,,,True,,,,,,,,,,,,
JULHO_L204,JULHO,Julho,204,2026-07-08 00:00:00,22687,50.0,23.99,1199.5,ALICATE AMPERIMETRO DIGITAL ,BOM-6003,ISAAC,CASADA,-,BOMVINK,31,2026-07-07 00:00:00,2026-07-08 00:00:00,,,,,True,,,,,,,,,,,,
JULHO_L205,JULHO,Julho,205,2026-07-08 00:00:00,22687,10.0,148.8,1488.0,KIT RETIFICA ELETRICA 110V 191PÇS,BOM-9605,ISAAC,CASADA,-,BOMVINK,31,2026-07-07 00:00:00,2026-07-08 00:00:00,,,,,True,,,,,,,,,,,,
JULHO_L206,JULHO,Julho,206,2026-07-08 00:00:00,-,2.0,328.16,656.32,SERRA DE CIRCULAR COM GUIA A LASER DE AJUSTE ,-,GLEY,LICITAÇÃO,-,MERCADO LIVRE,1,2026-07-12 00:00:00,2026-07-13 00:00:00,,,,,True,,,,,,,,,,,,
JULHO_L207,JULHO,Julho,207,2026-07-08 00:00:00,-,50.0,380.0,19000.0,NVME 512GB,-,GUILHERME,CASADA,-,CHYBEN,31,2026-07-09 00:00:00,2026-07-07 00:00:00,2026-07-10 00:00:00,,,,True,,,,,,,,,,,,linha_duplicada_suspeita;
JULHO_L208,JULHO,Julho,208,2026-07-08 00:00:00,-,30.0,380.0,11400.0,NVME 512GB,-,YHAN,ESTOQUE,-,CHYBEN,31,2026-07-09 00:00:00,2026-07-10 00:00:00,2026-07-09 00:00:00,,,,True,,,,,,,,,,,,
JULHO_L209,JULHO,Julho,209,2026-07-08 00:00:00,924774,300.0,81.5,24450.0,VGA PCI EXP. 1GB/64BITS G210 WINNFOX DDR3,61188,YHAN,CASADA,-,POWERPC,1,2026-07-13 00:00:00,2026-07-14 00:00:00,,,,,True,,,,,,,,,,,,
JULHO_L210,JULHO,Julho,210,2026-07-08 00:00:00,22635,4.0,169.9,679.6,SERRA CIRCULAR 110OW 110V,BOM-9577,YHAN,CASADA,-,BOMVINK,31,2026-07-08 00:00:00,2026-07-09 00:00:00,,,,,True,,,,,,,,,,,,
JULHO_L211,JULHO,Julho,211,2026-07-08 00:00:00,16936,1200.0,14.3,17160.0,CARTÃO DE MEMÓRIA 8GB,-,GUILHERME,CASADA,-,MASTER DRIVE,1,2026-07-12 00:00:00,2026-07-13 00:00:00,,,,,True,,,,,,,,,,,,
JULHO_L212,JULHO,Julho,212,2026-07-08 00:00:00,16936,1200.0,18.0,21600.0,CARTÃO DE MEMÓRIA 16GB,-,GUILHERME,CASADA,-,MASTER DRIVE,1,2026-07-12 00:00:00,2026-07-13 00:00:00,,,,,True,,,,,,,,,,,,
JULHO_L213,JULHO,Julho,213,2026-07-08 00:00:00,16936,1200.0,26.4,31680.0,CARTÃO DE MEMÓRIA 32GB,-,GUILHERME,CASADA,-,MASTER DRIVE,1,2026-07-12 00:00:00,2026-07-13 00:00:00,,,,,True,,,,,,,,,,,,
JULHO_L214,JULHO,Julho,214,2026-07-08 00:00:00,16936,600.0,9.7,5820.0,PENDRIVE BIGBLACK 4GB,-,GUILHERME,CASADA,-,MASTER DRIVE,1,2026-07-12 00:00:00,2026-07-13 00:00:00,,,,,True,,,,,,,,,,,,
JULHO_L215,JULHO,Julho,215,2026-07-08 00:00:00,16936,600.0,11.3,6780.0,PENDRIVE BIGBLACK 8GB,-,GUILHERME,CASADA,-,MASTER DRIVE,1,2026-07-12 00:00:00,2026-07-13 00:00:00,,,,,True,,,,,,,,,,,,
JULHO_L216,JULHO,Julho,216,2026-07-08 00:00:00,16936,600.0,10.2,6120.0,PENDRIVE MINI 4GB PREMIUM,-,GUILHERME,CASADA,-,MASTER DRIVE,1,2026-07-12 00:00:00,2026-07-13 00:00:00,,,,,True,,,,,,,,,,,,
JULHO_L217,JULHO,Julho,217,2026-07-08 00:00:00,16936,1200.0,12.1,14520.0,PENDRIVE MINI 8GB PREMIUM,-,GUILHERME,CASADA,-,MASTER DRIVE,1,2026-07-12 00:00:00,2026-07-13 00:00:00,,,,,True,,,,,,,,,,,,
JULHO_L218,JULHO,Julho,218,2026-07-08 00:00:00,16936,1200.0,13.8,16560.0,PENDRIVE MINI 16GB PREMIUM,-,GUILHERME,CASADA,-,MASTER DRIVE,1,2026-07-12 00:00:00,2026-07-13 00:00:00,,,,,True,,,,,,,,,,,,
JULHO_L219,JULHO,Julho,219,2026-07-08 00:00:00,16936,1200.0,20.4,24480.0,PENDRIVE MINI 32GB PREMIUM,-,GUILHERME,CASADA,-,MASTER DRIVE,1,2026-07-12 00:00:00,2026-07-13 00:00:00,,,,,True,,,,,,,,,,,,
JULHO_L220,JULHO,Julho,220,2026-07-08 00:00:00,07637,20.0,2070.0,41400.0,NOTEBOOK,ANT-1582,NETO,ESTOQUE,-,AITEK,1,2026-07-13 00:00:00,2026-07-14 00:00:00,,,,,True,,,,,,,,,,,,
JULHO_L221,JULHO,Julho,221,2026-07-08 00:00:00,-,7.0,2801.66,19611.62,NOTEBOOK ASUS VIVOBOOK X1404VA,-,CÉSAR,LICITAÇÃO,-,PARAGUAI,31,2026-07-14 00:00:00,2026-07-17 00:00:00,,,,,True,,,,,,,,,,,,
JULHO_L222,JULHO,Julho,222,2026-07-08 00:00:00,-,9.0,3320.97,29888.73,NOTEBOOK HP 250 G10,-,CÉSAR,LICITAÇÃO,-,PARAGUAI,31,2026-07-14 00:00:00,2026-07-17 00:00:00,,,,,True,,,,,,,,,,,,
JULHO_L223,JULHO,Julho,223,2026-07-08 00:00:00,22958,200.0,2.771,554.2,CONTROLE REMOTO SANSUNG LCD COM SMART/NETFLIX,LE-7028,YHAN,CASADA,-,LELONG,31,2026-07-10 00:00:00,2026-07-13 00:00:00,,,,,True,,,,,,,,,,,,
JULHO_L224,JULHO,Julho,224,2026-07-08 00:00:00,22958,200.0,2.771,554.2,CONTROLE REMOTO LG SMART LED TV COM NETFLIX/AMAZON,LE-7045,YHAN,CASADA,-,LELONG,31,2026-07-10 00:00:00,2026-07-13 00:00:00,,,,,True,,,,,,,,,,,,
JULHO_L225,JULHO,Julho,225,2026-07-08 00:00:00,22958,200.0,2.771,554.2,CONTROLE REMOTO LG LCD,LE-7055,YHAN,CASADA,-,LELONG,31,2026-07-10 00:00:00,2026-07-13 00:00:00,,,,,True,,,,,,,,,,,,
JULHO_L226,JULHO,Julho,226,2026-07-08 00:00:00,22958,200.0,4.371,874.2,CONTROLE REMOTO RECEPTOR TIGRE 2,LE-7115,YHAN,CASADA,-,LELONG,31,2026-07-10 00:00:00,2026-07-13 00:00:00,,,,,True,,,,,,,,,,,,
JULHO_L227,JULHO,Julho,227,2026-07-08 00:00:00,22958,200.0,3.432,686.4,CONTROLE PHILCO 4K/NETFLIX/SMT/YOUTUBE/GLO-PLY/PRIME VIDEO,LE-7250,YHAN,CASADA,-,LELONG,31,2026-07-10 00:00:00,2026-07-13 00:00:00,,,,,True,,,,,,,,,,,,
JULHO_L228,JULHO,Julho,228,2026-07-08 00:00:00,22958,200.0,5.487,1097.4,CONTROLE TCL NETFLIX/VIDEO/GLOBOPLAY/DISNEY+/YOUTUBE/CHANN,LE-7354,YHAN,CASADA,-,LELONG,31,2026-07-10 00:00:00,2026-07-13 00:00:00,,,,,True,,,,,,,,,,,,
JULHO_L229,JULHO,Julho,229,2026-07-08 00:00:00,22958,200.0,3.618,723.6,CONTROLE REMOTO TCL COM NETFLIX/GLOBOPLAY/SMART,LE-7410-1,YHAN,CASADA,-,LELONG,31,2026-07-10 00:00:00,2026-07-13 00:00:00,,,,,True,,,,,,,,,,,,
JULHO_L230,JULHO,Julho,230,2026-07-08 00:00:00,22958,200.0,2.771,554.2,CONTROLE REMOTO TV BOX,LE-7490,YHAN,CASADA,-,LELONG,31,2026-07-10 00:00:00,2026-07-13 00:00:00,,,,,True,,,,,,,,,,,,
JULHO_L231,JULHO,Julho,231,2026-07-08 00:00:00,22958,200.0,6.045,1209.0,CONTROLE SAMSUNG 4K LED C/NETFLIX/PRIME VIDEO/WWW/SMART/RO,LE-7680,YHAN,CASADA,-,LELONG,31,2026-07-10 00:00:00,2026-07-13 00:00:00,,,,,True,,,,,,,,,,,,
JULHO_L232,JULHO,Julho,232,2026-07-08 00:00:00,22958,200.0,4.929,985.8,CONTROLE SAMSUNG SMART 4K/NETFLIX/PRIME VIDEOTV/GLOBOPLAY,LE-7699,YHAN,CASADA,-,LELONG,31,2026-07-10 00:00:00,2026-07-13 00:00:00,,,,,True,,,,,,,,,,,,
JULHO_L233,JULHO,Julho,233,2026-07-08 00:00:00,22958,200.0,4.185,837.0,CONTROLE REMOTO BTV-express,LE-7747,YHAN,CASADA,-,LELONG,31,2026-07-10 00:00:00,2026-07-13 00:00:00,,,,,True,,,,,,,,,,,,
JULHO_L234,JULHO,Julho,234,2026-07-08 00:00:00,3,40.0,80.0,3200.0,HD 500GB WD PURPLE,HD 500GB,ISAAC,ESTOQUE,-,JAVACOMP,1,2026-07-12 00:00:00,2026-07-13 00:00:00,,,,,True,,,,,,,,,,,,
JULHO_L235,JULHO,Julho,235,2026-07-08 00:00:00,3,20.0,265.0,5300.0,HD 1TB ED PURPLE,HD 1TB,ISAAC,ESTOQUE,-,JAVACOMP,1,2026-07-12 00:00:00,2026-07-13 00:00:00,,,,,True,,,,,,,,,,,,
JULHO_L236,JULHO,Julho,236,2026-07-08 00:00:00,3,3.0,1500.0,4500.0,HD 8TB ED PURPLE,HD 8TB,ISAAC,ESTOQUE,-,JAVACOMP,1,2026-07-12 00:00:00,2026-07-13 00:00:00,,,,,True,,,,,,,,,,,,
JULHO_L237,JULHO,Julho,237,2026-07-08 00:00:00,3,2.0,550.0,1100.0,HD 6TB ED PURPLE,HD 6TB,ISAAC,ESTOQUE,-,JAVACOMP,1,2026-07-12 00:00:00,2026-07-13 00:00:00,,,,,True,,,,,,,,,,,,
JULHO_L238,JULHO,Julho,238,2026-07-08 00:00:00,3,1.0,1500.0,1500.0,HD 16TB ED PURPLE,HD 16TB,ISAAC,ESTOQUE,-,JAVACOMP,1,2026-07-12 00:00:00,2026-07-13 00:00:00,,,,,True,,,,,,,,,,,,
JULHO_L239,JULHO,Julho,239,2026-07-08 00:00:00,3,1.0,1650.0,1650.0,HD 18TB ED PURPLE,HD 18TB,ISAAC,ESTOQUE,-,JAVACOMP,1,2026-07-12 00:00:00,2026-07-13 00:00:00,,,,,True,,,,,,,,,,,,
JULHO_L240,JULHO,Julho,240,2026-07-08 00:00:00,16938,1000.0,26.4,26400.0,CARTÃO DE MEMÓRIA 32GB,-,YHAN,ESTOQUE,-,MASTER DRIVE,1,2026-07-14 00:00:00,2026-07-15 00:00:00,,,,,True,,,,,,,,,,,,
JULHO_L241,JULHO,Julho,241,2026-07-08 00:00:00,16938,1000.0,41.7,41700.0,CARTÃO DE MEMÓRIA 64GB,-,YHAN,ESTOQUE,-,MASTER DRIVE,1,2026-07-14 00:00:00,2026-07-15 00:00:00,,,,,True,,,,,,,,,,,,
JULHO_L242,JULHO,Julho,242,2026-07-08 00:00:00,16939,1000.0,26.4,26400.0,CARTÃO DE MEMÓRIA 32GB,-,YHAN,ESTOQUE,-,MASTER DRIVE,1,2026-07-15 00:00:00,2026-07-15 00:00:00,,,,,False,,,,,,,,,,,,
JULHO_L243,JULHO,Julho,243,2026-07-08 00:00:00,16939,1000.0,41.7,41700.0,CARTÃO DE MEMÓRIA 64GB,-,YHAN,ESTOQUE,-,MASTER DRIVE,1,2026-07-15 00:00:00,2026-07-24 00:00:00,,,,,True,,,,,,,,,,,,
JULHO_L244,JULHO,Julho,244,2026-07-08 00:00:00,795829,10000.0,7.2951,72951.0,COOLER 115X DX C1 DUEX,43382,YHAN,ESTOQUE,SUFRAMA,DUEX,1,2026-07-17 00:00:00,2026-07-22 00:00:00,,,,,True,,,,,,,,,,,,
JULHO_L245,JULHO,Julho,245,2026-07-08 00:00:00,795829,1000.0,25.8999,25899.9,FONTE VXPRO 230W - VX 230SE SEM CABO,16773,YHAN,ESTOQUE,SUFRAMA,DUEX,1,2026-07-17 00:00:00,2026-07-22 00:00:00,,,,,True,,,,,,,,,,,,
JULHO_L246,JULHO,Julho,246,2026-07-08 00:00:00,795829,1052.0,225.8018,237543.4936,PLACA MÃE DXMBH110S M2 LGA1151 DDR4 DUEX,37639,YHAN,ESTOQUE,SUFRAMA,DUEX,1,2026-07-17 00:00:00,2026-07-22 00:00:00,,,,,True,,,,,,,,,,,,
JULHO_L247,JULHO,Julho,247,2026-07-08 00:00:00,795829,39.0,225.8964,8809.9596,PLACA MÃE DUEX INTEL DDR H110ZG M2,15944,YHAN,ESTOQUE,SUFRAMA,DUEX,1,2026-07-17 00:00:00,2026-07-22 00:00:00,,,,,True,,,,,,,,,,,,
JULHO_L248,JULHO,Julho,248,2026-07-09 00:00:00,924887,1700.0,2.8,4760.0,CABO DE FORÇA P/ MONITOR/GABINETE PADRÃO NOVO OEM,44561,YHAN,ESTOQUE,-,POWERPC,1,2026-07-09 00:00:00,2026-07-10 00:00:00,,,,,True,,,,,,,,,,,,
JULHO_L249,JULHO,Julho,249,2026-07-09 00:00:00,924887,300.0,2.8,840.0,CABO DE FORÇA P/ MONITOR/GABINETE PADRÃO NOVO OEM,44561,YHAN,CASADA,-,POWERPC,1,2026-07-09 00:00:00,2026-07-10 00:00:00,,,,,True,,,,,,,,,,,,
JULHO_L250,JULHO,Julho,250,2026-07-09 00:00:00,22817,300.0,4.9,1470.0,DISCO LIXA LIXADEIRA 150MM,BOM-5603,OSMAR,ESTOQUE,-,BOMVINK,1,2026-07-09 00:00:00,14/07/2026 - 22/07/2026,,,,,True,,,,,,,,,,,,
JULHO_L251,JULHO,Julho,251,2026-07-09 00:00:00,-,10.0,250.0,2500.0,DDR4 8GB 3200 HYPERX,DDR4 8GB,ISAAC,CASADA,-,JOICE,31,2026-07-09 00:00:00,2026-07-16 00:00:00,2026-07-10 00:00:00,,,,True,,,,,,,,,,,,
JULHO_L252,JULHO,Julho,252,2026-07-09 00:00:00,10278740,5.0,529.0,2645.0,PROCESSADOR AMD RYZEN 5 5500 3.6 GHZ,-,OSMAR,CASADA,-,MAZER,1,2026-07-13 00:00:00,2026-07-22 00:00:00,,,,,False,,,,,,,,,,,,
JULHO_L253,JULHO,Julho,253,2026-07-09 00:00:00,22791,60.0,14.99,899.4,TESOURA AMERICANA PARACORTE DECHAPA 10 POLEGADA,BOM-1070,OSMAR,REPRESENTANTE,J. BATISTA,BOMVINK,1,2026-07-09 00:00:00,2026-07-13 00:00:00,,,,,True,,,,,,,,,,,,
JULHO_L254,JULHO,Julho,254,2026-07-09 00:00:00,22791,60.0,14.9,894.0,CHAVE MAGICA AJUSTAVEL PARA PORCAS PARAFUSOS 8 POLEGADAS,BOM-1203,OSMAR,REPRESENTANTE,J. BATISTA,BOMVINK,1,2026-07-09 00:00:00,2026-07-13 00:00:00,,,,,True,,,,,,,,,,,,
JULHO_L255,JULHO,Julho,255,2026-07-09 00:00:00,22791,300.0,4.8,1440.0,CHAVE ESTRELA 6*7MM,BOM-1230,OSMAR,REPRESENTANTE,J. BATISTA,BOMVINK,1,2026-07-09 00:00:00,2026-07-13 00:00:00,,,,,True,,,,,,,,,,,,
JULHO_L256,JULHO,Julho,256,2026-07-09 00:00:00,22791,300.0,5.2,1560.0,CHAVE ESTRELA 8*9MM,BOM-1231,OSMAR,REPRESENTANTE,J. BATISTA,BOMVINK,1,2026-07-09 00:00:00,2026-07-13 00:00:00,,,,,True,,,,,,,,,,,,
JULHO_L257,JULHO,Julho,257,2026-07-09 00:00:00,22791,300.0,5.6,1680.0,CHAVE ESTRELA 10*11MM,BOM-1232,OSMAR,REPRESENTANTE,J. BATISTA,BOMVINK,1,2026-07-09 00:00:00,2026-07-13 00:00:00,,,,,True,,,,,,,,,,,,
JULHO_L258,JULHO,Julho,258,2026-07-09 00:00:00,22791,40.0,15.9,636.0,CHAVE CATRACA 1/2 POLEGADA,BOM-1297,OSMAR,REPRESENTANTE,J. BATISTA,BOMVINK,1,2026-07-09 00:00:00,2026-07-13 00:00:00,,,,,True,,,,,,,,,,,,
JULHO_L259,JULHO,Julho,259,2026-07-09 00:00:00,22791,60.0,19.99,1199.4,KIT CHAVE DE FENDA PONTA DUPLA MAGNETICA ISOLADA 15EM1,BOM-3117,OSMAR,REPRESENTANTE,J. BATISTA,BOMVINK,1,2026-07-09 00:00:00,2026-07-13 00:00:00,,,,,True,,,,,,,,,,,,
JULHO_L260,JULHO,Julho,260,2026-07-09 00:00:00,22791,6.0,229.9,1379.4,SOPRADOR DE FOLHAS BRUSHLESS 21V,BOM-9744,OSMAR,REPRESENTANTE,J. BATISTA,BOMVINK,1,2026-07-09 00:00:00,2026-07-13 00:00:00,,,,,True,,,,,,,,,,,,
JULHO_L261,JULHO,Julho,261,2026-07-09 00:00:00,22830,5.0,20.99,104.95,LANTERNA DE CABEÇA COM 3 LEDS,BOM-4001,YHAN,CASADA,-,BOMVINK,1,2026-07-09 00:00:00,2026-07-14 00:00:00,,,,,True,,,,,,,,,,,,
JULHO_L262,JULHO,Julho,262,2026-07-09 00:00:00,22830,75.0,20.99,1574.25,LANTERNA DE CABEÇA COM 3 LEDS,BOM-4001,YHAN,ESTOQUE,-,BOMVINK,1,2026-07-09 00:00:00,2026-07-14 00:00:00,,,,,True,,,,,,,,,,,,
JULHO_L263,JULHO,Julho,263,2026-07-09 00:00:00,22822,100.0,9.0,900.0,JOGO CHAVE CANHAO CURTA 6MM,BOM-1101,OSMAR,REPRESENTANTE,J. BATISTA,BOMVINK,1,2026-07-09 00:00:00,2026-07-14 00:00:00,,,,,True,,,,,,,,,,,,
JULHO_L264,JULHO,Julho,264,2026-07-09 00:00:00,22822,36.0,19.9,716.4,CHAVE AJUSTAVEL 12 POLEGADAS,BOM-1283,OSMAR,REPRESENTANTE,J. BATISTA,BOMVINK,1,2026-07-09 00:00:00,2026-07-14 00:00:00,,,,,True,,,,,,,,,,,,
JULHO_L265,JULHO,Julho,265,2026-07-09 00:00:00,22822,300.0,1.3,390.0,PROTETOR DE QUINA TRANSPARENTE EM L PARA MOVEIS,BOM-1370,OSMAR,REPRESENTANTE,J. BATISTA,BOMVINK,1,2026-07-09 00:00:00,2026-07-14 00:00:00,,,,,True,,,,,,,,,,,,
JULHO_L266,JULHO,Julho,266,2026-07-09 00:00:00,22822,300.0,4.9,1470.0,ADESIVO DE VEDACAO PARA RALO 9.2X9.2CM A PROVA DE AGUA E ODORES,BOM-1372,OSMAR,REPRESENTANTE,J. BATISTA,BOMVINK,1,2026-07-09 00:00:00,2026-07-14 00:00:00,,,,,True,,,,,,,,,,,,
JULHO_L267,JULHO,Julho,267,2026-07-09 00:00:00,22822,120.0,7.99,958.8,JOGO DE BROCAS,BOM-5001,OSMAR,REPRESENTANTE,J. BATISTA,BOMVINK,1,2026-07-09 00:00:00,2026-07-14 00:00:00,,,,,True,,,,,,,,,,,,
JULHO_L268,JULHO,Julho,268,2026-07-09 00:00:00,22822,72.0,6.5,468.0,ORGANIZADOR DE FIOS CABOS ESPIRAL,BOM-5539,OSMAR,REPRESENTANTE,J. BATISTA,BOMVINK,1,2026-07-09 00:00:00,2026-07-14 00:00:00,,,,,True,,,,,,,,,,,,
JULHO_L269,JULHO,Julho,269,2026-07-09 00:00:00,22822,60.0,7.99,479.4,TRENA FITA METRICA 2OM FIBRADE VIDROFLEXIVEL PROFISSIONAL,BOM-6510,OSMAR,REPRESENTANTE,J. BATISTA,BOMVINK,1,2026-07-09 00:00:00,2026-07-14 00:00:00,,,,,True,,,,,,,,,,,,
JULHO_L270,JULHO,Julho,270,2026-07-09 00:00:00,22822,48.0,14.9,715.2,TRENA FITA METRICA 5OM FIBRADE VIDRO FLEXIVEL PROFISSIONAL,BOM-6512,OSMAR,REPRESENTANTE,J. BATISTA,BOMVINK,1,2026-07-09 00:00:00,2026-07-14 00:00:00,,,,,True,,,,,,,,,,,,
JULHO_L271,JULHO,Julho,271,2026-07-09 00:00:00,22822,20.0,44.99,899.8,PARAFUSADEIRA 12V COM 1 BATERIA,BOM-9914,OSMAR,REPRESENTANTE,J. BATISTA,BOMVINK,1,2026-07-09 00:00:00,2026-07-14 00:00:00,,,,,True,,,,,,,,,,,,
JULHO_L272,JULHO,Julho,272,2026-07-09 00:00:00,22827,24.0,12.9,309.6,VENTOSA SIMPLES,BOM-1503,OSMAR,REPRESENTANTE,J. BATISTA,BOMVINK,1,2026-07-09 00:00:00,2026-07-14 00:00:00,,,,,True,,,,,,,,,,,,
JULHO_L273,JULHO,Julho,273,2026-07-09 00:00:00,22827,72.0,9.59,690.48,COLHER DE PEDREIRO COM CABO ERGONOMICO 9 POLEGADAS,BOM-1564,OSMAR,REPRESENTANTE,J. BATISTA,BOMVINK,1,2026-07-09 00:00:00,2026-07-14 00:00:00,,,,,True,,,,,,,,,,,,
JULHO_L274,JULHO,Julho,274,2026-07-09 00:00:00,22827,60.0,16.9,1014.0,ALICATE BOMBA DAGUA 10 POLEGADA,BOM-1610,OSMAR,REPRESENTANTE,J. BATISTA,BOMVINK,1,2026-07-09 00:00:00,2026-07-14 00:00:00,,,,,True,,,,,,,,,,,,
JULHO_L275,JULHO,Julho,275,2026-07-09 00:00:00,22827,20.0,34.9,698.0,KIT DE JOGO DE SOQUETES COM ENCAIXE DE 1/2 DE POLEGADA 12 PEÇAS,BOM-3210,OSMAR,REPRESENTANTE,J. BATISTA,BOMVINK,1,2026-07-09 00:00:00,2026-07-14 00:00:00,,,,,True,,,,,,,,,,,,
JULHO_L276,JULHO,Julho,276,2026-07-09 00:00:00,22827,60.0,13.9,834.0,KIT DE MANICURE COM CORTADOR DE UNHAS 12 PEÇAS,BOM-3704,OSMAR,REPRESENTANTE,J. BATISTA,BOMVINK,1,2026-07-09 00:00:00,2026-07-14 00:00:00,,,,,True,,,,,,,,,,,,
JULHO_L277,JULHO,Julho,277,2026-07-09 00:00:00,22827,20.0,16.99,339.8,KIT DE CHAVES SOQUETES COM 40PCS 1/4 E 3/8,BOM-3906,OSMAR,REPRESENTANTE,J. BATISTA,BOMVINK,1,2026-07-09 00:00:00,2026-07-14 00:00:00,,,,,True,,,,,,,,,,,,
JULHO_L278,JULHO,Julho,278,2026-07-09 00:00:00,22827,300.0,2.2,660.0,CHAVE DE APERTO MANDRIL 1/2,BOM-5014,OSMAR,REPRESENTANTE,J. BATISTA,BOMVINK,1,2026-07-09 00:00:00,2026-07-14 00:00:00,,,,,True,,,,,,,,,,,,
JULHO_L279,JULHO,Julho,279,2026-07-09 00:00:00,22827,144.0,2.99,430.56,PARAFUSO GANCHO PITAO (N° 8) PACOTE COM 8 PEÇAS,BOM-5321,OSMAR,REPRESENTANTE,J. BATISTA,BOMVINK,1,2026-07-09 00:00:00,2026-07-14 00:00:00,,,,,True,,,,,,,,,,,,
JULHO_L280,JULHO,Julho,280,2026-07-09 00:00:00,22827,144.0,2.9,417.6,PARAFUSOS GANCHO TIPO JCOMBUCHA DE NYLON 10*50MM-8PCS,BOM-5342,OSMAR,REPRESENTANTE,J. BATISTA,BOMVINK,1,2026-07-09 00:00:00,2026-07-14 00:00:00,,,,,True,,,,,,,,,,,,
JULHO_L281,JULHO,Julho,281,2026-07-09 00:00:00,22827,100.0,10.9,1090.0,JOGO DE ESCOVAS DE CARVAO 5*8*17,BOM-5801,OSMAR,REPRESENTANTE,J. BATISTA,BOMVINK,1,2026-07-09 00:00:00,2026-07-14 00:00:00,,,,,True,,,,,,,,,,,,
JULHO_L282,JULHO,Julho,282,2026-07-09 00:00:00,22827,100.0,13.9,1390.0,JOGO DE ESCOVAS DE CARVAO 6*10*16,BOM-5807,OSMAR,REPRESENTANTE,J. BATISTA,BOMVINK,1,2026-07-09 00:00:00,2026-07-14 00:00:00,,,,,True,,,,,,,,,,,,
JULHO_L283,JULHO,Julho,283,2026-07-09 00:00:00,22827,100.0,11.9,1190.0,JOGO DE ESCOVAS DE CARVAO 6*9*12,BOM-5806,OSMAR,REPRESENTANTE,J. BATISTA,BOMVINK,1,2026-07-09 00:00:00,2026-07-14 00:00:00,,,,,True,,,,,,,,,,,,
JULHO_L284,JULHO,Julho,284,2026-07-09 00:00:00,22827,100.0,13.9,1390.0,JOGO DE ESCOVAS DE CARVAO 5*11*15 1PCT=10PCS,BOM-5804,OSMAR,REPRESENTANTE,J. BATISTA,BOMVINK,1,2026-07-09 00:00:00,2026-07-14 00:00:00,,,,,True,,,,,,,,,,,,
JULHO_L285,JULHO,Julho,285,2026-07-09 00:00:00,07650,6.0,207.0,1242.0,MESA LATERAL AJUSTÁVEL PRETO,ASA-M6040,GUILHERME,CASADA,-,DELTA,1,2026-07-12 00:00:00,2026-07-13 00:00:00,,,,,True,,,,,,,,,,,,
JULHO_L286,JULHO,Julho,286,2026-07-09 00:00:00,07650,6.0,207.0,1242.0,MESA LATERAL AJUSTÁVEL BRANCO,ASA-M6040,GUILHERME,CASADA,-,DELTA,1,2026-07-12 00:00:00,2026-07-13 00:00:00,,,,,True,,,,,,,,,,,,
JULHO_L287,JULHO,Julho,287,2026-07-09 00:00:00,07650,100.0,19.8,1980.0,WEBCAM,SIGMA-W410,GUILHERME,CASADA,-,AITEK,1,2026-07-12 00:00:00,2026-07-13 00:00:00,,,,,True,,,,,,,,,,,,
JULHO_L288,JULHO,Julho,288,2026-07-09 00:00:00,07650,100.0,27.0,2700.0,WEBCAM,SIGMA-W420,GUILHERME,CASADA,-,AITEK,1,2026-07-12 00:00:00,2026-07-13 00:00:00,,,,,True,,,,,,,,,,,,
JULHO_L289,JULHO,Julho,289,2026-07-09 00:00:00,07650,40.0,14.4,576.0,SIRENE DE ALARME ELETRÔNICA,SIGMA-S212,GUILHERME,CASADA,-,AITEK,1,2026-07-12 00:00:00,2026-07-13 00:00:00,,,,,True,,,,,,,,,,,,
JULHO_L290,JULHO,Julho,290,2026-07-09 00:00:00,07650,1000.0,1.62,1620.0,ADAPTADOR DUPLICADOR REDE RJ45,SIGMA-P501,GUILHERME,CASADA,-,AITEK,1,2026-07-12 00:00:00,2026-07-13 00:00:00,,,,,True,,,,,,,,,,,,
JULHO_L291,JULHO,Julho,291,2026-07-10 00:00:00,22878,6.0,53.9,323.4,JOGO DE FERRAMENTAS C/200 PÇS,BOM-3915,OSMAR,REPRESENTANTE,J. BATISTA,BOMVINK,1,2026-07-09 00:00:00,2026-07-14 00:00:00,,,,,True,,,,,,,,,,,,
JULHO_L292,JULHO,Julho,292,2026-07-10 00:00:00,13228,60.0,24.18,1450.8,IRRIGADOR ORAL,OIH-5418,OSMAR,SHOWROOM,-,OASIS,1,2026-07-14 00:00:00,2026-07-15 00:00:00,,,,,True,,,,,,,,,,,,
JULHO_L293,JULHO,Julho,293,2026-07-10 00:00:00,229543,1000.0,35.26,35260.0,GABINETE OFFICE - GB1751,GB1751,YHAN,ESTOQUE,SUFRAMA,HAYOM,1,2026-07-20 00:00:00,2026-07-22 00:00:00,,,,,True,,,,,,,,,,,,
JULHO_L294,JULHO,Julho,294,2026-07-10 00:00:00,229543,4000.0,78.0,312000.0,PLACA MAE - H61 - LGA 1155 - DDR3 - 1000MBPS - PLM2300,H61,YHAN,ESTOQUE,SUFRAMA,HAYOM,1,2026-07-20 00:00:00,2026-07-22 00:00:00,,,,,True,,,,,,,,,,,,
JULHO_L295,JULHO,Julho,295,2026-07-10 00:00:00,-,1.0,760.0,760.0,SSD NVME 1TB,-,OSMAR,CASADA,-,JANICE,31,2026-07-10 00:00:00,2026-07-15 00:00:00,,,,,True,,,,,,,,,,,,
JULHO_L296,JULHO,Julho,296,2026-07-10 00:00:00,239,1100.0,31.0,34100.0,MICROSOFT WINDOWS 11 PRO SELO,-,ISAAC,CASADA,-,ALESSANDRA,1,2026-07-14 00:00:00,2026-07-15 00:00:00,,,,,True,,,,,,,,,,,,
JULHO_L297,JULHO,Julho,297,2026-07-10 00:00:00,240,500.0,25.0,12500.0,MICROSOFT WINDOWS 10 PRO SELO,-,ISAAC,CASADA,-,ALESSANDRA,1,2026-07-14 00:00:00,2026-07-15 00:00:00,,,,,True,,,,,,,,,,,,
JULHO_L298,JULHO,Julho,298,2026-07-10 00:00:00,1041,200.0,152.0,30400.0,"MONITOR AX20""","AX20""",YHAN,CASADA,-,HAOQING,31,2026-07-10 00:00:00,,,,,,False,,,,,,,,,,,,
JULHO_L299,JULHO,Julho,299,2026-07-10 00:00:00,1041,78.0,180.0,14040.0,"MONITOR AX22""","AX22""",YHAN,CASADA,-,HAOQING,31,2026-07-10 00:00:00,,,,,,False,,,,,,,,,,,,
JULHO_L300,JULHO,Julho,300,2026-07-10 00:00:00,1041,1.0,1450.0,1450.0,RX - 7600,RX-7600,OSMAR,CASADA,-,HAOQING,31,2026-07-10 00:00:00,2026-07-13 00:00:00,,,,,True,,,,,,,,,,,,
JULHO_L301,JULHO,Julho,301,2026-07-10 00:00:00,03359,6.0,145.0,870.0,"MONITOR LED 19,5"" POLICROMATICO ",D-MN195,GUILHERME,CASADA,-,GRASEP,31,2026-07-12 00:00:00,2026-07-13 00:00:00,,,,,True,,,,,,,,,,,,
JULHO_L302,JULHO,Julho,302,2026-07-10 00:00:00,-,50.0,250.0,12500.0,DDR4 8GB 3200MHZ PC HYPERX,-,ISAAC,CASADA,-,JOICE,31,2026-07-14 00:00:00,2026-07-16 00:00:00,,,,,True,,,,,,,,,,,,
JULHO_L303,JULHO,Julho,303,2026-07-10 00:00:00,-,50.0,450.0,22500.0,DDR4 16GB 3200MHZ FURY PC,-,ISAAC,CASADA,-,JOICE,31,2026-07-14 00:00:00,2026-07-16 00:00:00,,,,,True,,,,,,,,,,,,
JULHO_L304,JULHO,Julho,304,2026-07-11 00:00:00,711301,100.0,36.8,3680.0,CAMERA IP LAMPADA YOOSEE WI-FI ,GA-5,YHAN,CASADA,-,KAPBOM,1,2026-07-15 00:00:00,2026-07-17 00:00:00,,,,,True,,,,,,,,,,,,
JULHO_L305,JULHO,Julho,305,2026-07-11 00:00:00,711301,100.0,28.0,2800.0,ADAPTADOR WIFI C/4 ANTENA (5G) 1200M,KA-T8190,YHAN,CASADA,-,KAPBOM,1,2026-07-15 00:00:00,2026-07-17 00:00:00,,,,,True,,,,,,,,,,,,
JULHO_L306,JULHO,Julho,306,2026-07-13 00:00:00,13911,20.0,61.2,1224.0,FONTE DE ALIMENTAÇÃO PARA PC,KP-CB203,GUILHERME,CASADA,-,KNUP,31,2026-07-13 00:00:00,2026-07-13 00:00:00,,,,,True,,,,,,,,,,,,
JULHO_L307,JULHO,Julho,307,2026-07-13 00:00:00,13911,50.0,40.5,2025.0,FONTE DE ALIMENTAÇÃO PARA PC(350W),KP-526,GUILHERME,CASADA,-,KNUP,31,2026-07-13 00:00:00,2026-07-13 00:00:00,,,,,True,,,,,,,,,,,,
JULHO_L308,JULHO,Julho,308,2026-07-13 00:00:00,13910,100.0,42.3,4230.0,PLACA PCI-EXPRESS PARA REDES SEM FIO,KP-T118,GUILHERME,CASADA,-,KNUP,31,2026-07-13 00:00:00,2026-07-13 00:00:00,,,,,True,,,,,,,,,,,,
JULHO_L309,JULHO,Julho,309,2026-07-13 00:00:00,13913,40.0,330.0,13200.0,PLACA MÃE H610 PC,G-H610,CÉSAR,LICITAÇÃO,-,KNUP,31,2026-07-14 00:00:00,2026-07-15 00:00:00,,,,,True,,,,,,,,,,,,
JULHO_L310,JULHO,Julho,310,2026-07-13 00:00:00,-,300.0,330.0,99000.0,SSD 480GB,-,GLEY,LICITAÇÃO,-,CHYBEN,31,2026-07-19 00:00:00,2026-07-20 00:00:00,,,,,True,,,,,,,,,,,,
JULHO_L311,JULHO,Julho,311,2026-07-13 00:00:00,07738,2.0,1170.0,2340.0,"MONITOR GAMER 34"" 2K 165HZ PRO",M3422AUC,GUILHERME,CASADA,-,DELTA,1,2026-07-14 00:00:00,2026-07-14 00:00:00,,,,,False,,,,,,,,,,,,
JULHO_L312,JULHO,Julho,312,2026-07-13 00:00:00,14034,1500.0,2.16,3240.0,CABO USB X TYPE-C,OR-CO17/C,GUILHERME,CASADA,-,KNUP,31,2026-07-14 00:00:00,2026-07-14 00:00:00,,,,,True,,,,,,,,,,,,
JULHO_L313,JULHO,Julho,313,2026-07-13 00:00:00,14034,1500.0,1.8,2700.0,CABO USB X LIGHTNING,OR-CO17/L,GUILHERME,CASADA,-,KNUP,31,2026-07-14 00:00:00,2026-07-14 00:00:00,,,,,True,,,,,,,,,,,,
JULHO_L314,JULHO,Julho,314,2026-07-13 00:00:00,-,105.0,123.0,12915.0,DDR4 4GB PC,DDR4 4GB,GUILHERME,ESTOQUE,-,THIAGO VECCHI,31,2026-07-13 00:00:00,2026-07-14 00:00:00,,,,,True,,,,,,,,,,,,
JULHO_L315,JULHO,Julho,315,2026-07-13 00:00:00,-,20.0,212.78,4255.6,GPU NVIDIA GEFORCE GT730 - 4GB DDR3 - 128BIT - HDMI/DVI/VGA - CLANM,-,GUILHERME,CASADA,SUFRAMA,POTENCIAL,1,2026-07-20 00:00:00,2026-07-21 00:00:00,,,,,True,,,,,,,,,,,,
JULHO_L316,JULHO,Julho,316,2026-07-13 00:00:00,963,300.0,235.0,70500.0,DDR4 8GB 3200MHZ ,-,GLEY,LICITAÇÃO,-,GB IMPORTS,31,2026-07-16 00:00:00,2026-07-20 00:00:00,,,,,True,,,,,,,,,,,,
JULHO_L317,JULHO,Julho,317,2026-07-13 00:00:00,08072026,204.0,62.13539272,12675.62011,ES POWEREST 300VA 115/115V 4T,-,ISAAC,ESTOQUE,-,TSSHARA,5,2026-07-20 00:00:00,2026-07-21 00:00:00,,,,,True,,,,,,,,,,,,
JULHO_L318,JULHO,Julho,318,2026-07-13 00:00:00,08072026,100.0,73.49357661,7349.357661,ES POWEREST 300VA 220/220V 4T,-,ISAAC,ESTOQUE,-,TSSHARA,5,2026-07-20 00:00:00,2026-07-21 00:00:00,,,,,True,,,,,,,,,,,,
JULHO_L319,JULHO,Julho,319,2026-07-13 00:00:00,08072026,100.0,85.2099439,8520.99439,ES POWEREST 500VA 115/115V 4T,-,ISAAC,ESTOQUE,-,TSSHARA,5,2026-07-20 00:00:00,2026-07-21 00:00:00,,,,,True,,,,,,,,,,,,
JULHO_L320,JULHO,Julho,320,2026-07-13 00:00:00,08072026,152.0,93.9948629,14287.21916,ES POWEREST 500VA BIV/115V 4T,-,ISAAC,ESTOQUE,-,TSSHARA,5,2026-07-20 00:00:00,2026-07-21 00:00:00,,,,,True,,,,,,,,,,,,
JULHO_L321,JULHO,Julho,321,2026-07-13 00:00:00,08072026,20.0,135.2802118,2705.604236,ES POWERHOM 1500VA 115/115V 6T,-,ISAAC,ESTOQUE,-,TSSHARA,5,2026-07-20 00:00:00,2026-07-21 00:00:00,,,,,True,,,,,,,,,,,,
JULHO_L322,JULHO,Julho,322,2026-07-13 00:00:00,08072026,20.0,331.6872473,6633.744946,ES POWERHOM 2000VA BIV/115V 6T,-,ISAAC,ESTOQUE,-,TSSHARA,5,2026-07-20 00:00:00,2026-07-21 00:00:00,,,,,True,,,,,,,,,,,,
JULHO_L323,JULHO,Julho,323,2026-07-13 00:00:00,08072026,20.0,359.1259804,7182.519608,ES POWERHOM 2500VA 115/115V 6T,-,ISAAC,ESTOQUE,-,TSSHARA,5,2026-07-20 00:00:00,2026-07-21 00:00:00,,,,,True,,,,,,,,,,,,
JULHO_L324,JULHO,Julho,324,2026-07-13 00:00:00,08072026,20.0,227.1825296,4543.650592,ES POWERLAS 2000VA BIV/115V 1T,-,ISAAC,ESTOQUE,-,TSSHARA,5,2026-07-20 00:00:00,2026-07-21 00:00:00,,,,,True,,,,,,,,,,,,
JULHO_L325,JULHO,Julho,325,2026-07-13 00:00:00,08072026,20.0,51.03170755,1020.634151,FL PDU 10A BIV/BIV 5T,-,ISAAC,ESTOQUE,-,TSSHARA,5,2026-07-20 00:00:00,2026-07-21 00:00:00,,,,,True,,,,,,,,,,,,
JULHO_L326,JULHO,Julho,326,2026-07-13 00:00:00,08072026,20.0,110.0188568,2200.377136,FL PDU 20A BIV/BIV 8T,-,ISAAC,ESTOQUE,-,TSSHARA,5,2026-07-20 00:00:00,2026-07-21 00:00:00,,,,,True,,,,,,,,,,,,
JULHO_L327,JULHO,Julho,327,2026-07-13 00:00:00,08072026,20.0,116.8808965,2337.61793,FL PDU 20A BIV/BIV 10T,-,ISAAC,ESTOQUE,-,TSSHARA,5,2026-07-20 00:00:00,2026-07-21 00:00:00,,,,,True,,,,,,,,,,,,
JULHO_L328,JULHO,Julho,328,2026-07-13 00:00:00,08072026,400.0,204.6186,81847.44,NB MINI 600VA 115V/115V 4+2T,-,ISAAC,ESTOQUE,-,TSSHARA,5,2026-07-20 00:00:00,2026-07-21 00:00:00,,,,,True,,,,,,,,,,,,
JULHO_L329,JULHO,Julho,329,2026-07-13 00:00:00,08072026,200.0,254.8663355,50973.2671,NB MINI 600VA BIV/115V 4+2T,-,ISAAC,ESTOQUE,-,TSSHARA,5,2026-07-20 00:00:00,2026-07-21 00:00:00,,,,,True,,,,,,,,,,,,
JULHO_L330,JULHO,Julho,330,2026-07-13 00:00:00,08072026,40.0,390.7309518,15629.23807,NB COMPACT 800VA BIV/BIV 6T,-,ISAAC,ESTOQUE,-,TSSHARA,5,2026-07-20 00:00:00,2026-07-21 00:00:00,,,,,True,,,,,,,,,,,,
JULHO_L331,JULHO,Julho,331,2026-07-13 00:00:00,08072026,10.0,403.4558881,4034.558881,NB COMPACT 1000VA BIV/BIV 6T 1EXP12V,-,ISAAC,ESTOQUE,-,TSSHARA,5,2026-07-20 00:00:00,2026-07-21 00:00:00,,,,,True,,,,,,,,,,,,
JULHO_L332,JULHO,Julho,332,2026-07-13 00:00:00,08072026,100.0,440.5184434,44051.84434,NB CONCEPT 1200VA BIV/BIV 6T 1EXP12V,-,ISAAC,ESTOQUE,-,TSSHARA,5,2026-07-20 00:00:00,2026-07-21 00:00:00,,,,,True,,,,,,,,,,,,
JULHO_L333,JULHO,Julho,333,2026-07-13 00:00:00,08072026,100.0,474.4798845,47447.98845,NB CONCEPT 1400VA BIV/BIV 6T 1EXP12V,-,ISAAC,ESTOQUE,-,TSSHARA,5,2026-07-20 00:00:00,2026-07-21 00:00:00,,,,,True,,,,,,,,,,,,
JULHO_L334,JULHO,Julho,334,2026-07-13 00:00:00,08072026,20.0,824.0008944,16480.01789,NB PROF 1500VA BIV/BIV 8T 2BS 1EXP24V USB,-,ISAAC,ESTOQUE,-,TSSHARA,5,2026-07-20 00:00:00,2026-07-21 00:00:00,,,,,True,,,,,,,,,,,,
JULHO_L335,JULHO,Julho,335,2026-07-13 00:00:00,08072026,28.0,954.5116116,26726.32512,NB PROF 1800VA BIV/BIV 8T 2BS 1EXP24V USB,-,ISAAC,ESTOQUE,-,TSSHARA,5,2026-07-20 00:00:00,2026-07-21 00:00:00,,,,,True,,,,,,,,,,,,
JULHO_L336,JULHO,Julho,336,2026-07-13 00:00:00,08072026,10.0,589.805511,5898.05511,NB SENOIDAL 1400VA BIV/BIV 6T 1EXP12V,-,ISAAC,ESTOQUE,-,TSSHARA,5,2026-07-20 00:00:00,2026-07-21 00:00:00,,,,,True,,,,,,,,,,,,
JULHO_L337,JULHO,Julho,337,2026-07-13 00:00:00,08072026,10.0,951.9477726,9519.477726,NB SENOIDAL 1500VA BIV/BIV 8T USB 1EXP24V,-,ISAAC,ESTOQUE,-,TSSHARA,5,2026-07-20 00:00:00,2026-07-21 00:00:00,,,,,True,,,,,,,,,,,,
JULHO_L338,JULHO,Julho,338,2026-07-13 00:00:00,08072026,10.0,1014.497904,10144.97904,NB SENOIDAL 1800VA BIV/BIV 8T USB 1EXP24V,-,ISAAC,ESTOQUE,-,TSSHARA,5,2026-07-20 00:00:00,2026-07-21 00:00:00,,,,,True,,,,,,,,,,,,
JULHO_L339,JULHO,Julho,339,2026-07-13 00:00:00,08072026,20.0,1497.366821,29947.33642,NB SENOIDAL 2200VA BIV/BIV 8T USB 1EXP24V ROD,-,ISAAC,ESTOQUE,-,TSSHARA,5,2026-07-20 00:00:00,2026-07-21 00:00:00,,,,,True,,,,,,,,,,,,
JULHO_L340,JULHO,Julho,340,2026-07-13 00:00:00,08072026,26.0,2335.270886,60717.04304,NB SENOIDAL 3200VA BIV/BIV 12T USB 2EXP24V ROD,-,ISAAC,ESTOQUE,-,TSSHARA,5,2026-07-20 00:00:00,2026-07-21 00:00:00,,,,,True,,,,,,,,,,,,
JULHO_L341,JULHO,Julho,341,2026-07-13 00:00:00,23306,5.0,179.9,899.5,FURADEIRA E MARTELETE COM IMPACTO 800W 220V,BOM-9558,ISAAC,CASADA,-,BOMVINK,31,2026-07-15 00:00:00,2026-07-16 00:00:00,,,,,True,,,,,,,,,,,,
JULHO_L342,JULHO,Julho,342,2026-07-13 00:00:00,23306,8.0,109.9,879.2,SOPRADOR DE FOLHAS COM ASPIRAÇÃO LEVE 21V,BOM-9709,ISAAC,CASADA,-,BOMVINK,31,2026-07-15 00:00:00,2026-07-16 00:00:00,,,,,True,,,,,,,,,,,,
JULHO_L343,JULHO,Julho,343,2026-07-13 00:00:00,23306,6.0,229.9,1379.4,SOPRADOR DE FOLHAS BRUSHLESS 21V,BOM-9744,ISAAC,CASADA,-,BOMVINK,31,2026-07-15 00:00:00,2026-07-16 00:00:00,,,,,True,,,,,,,,,,,,
JULHO_L344,JULHO,Julho,344,2026-07-13 00:00:00,23306,5.0,149.99,749.95,LAVADORA DE PRESSAO PORTATIL 21V,BOM-7006,ISAAC,CASADA,-,BOMVINK,31,2026-07-15 00:00:00,2026-07-16 00:00:00,,,,,True,,,,,,,,,,,,
JULHO_L345,JULHO,Julho,345,2026-07-13 00:00:00,23306,100.0,10.8,1080.0,BOMBA DE AR,BOM-8813,ISAAC,CASADA,-,BOMVINK,31,2026-07-15 00:00:00,2026-07-16 00:00:00,,,,,True,,,,,,,,,,,,
JULHO_L346,JULHO,Julho,346,2026-07-13 00:00:00,23306,10.0,649.9,6499.0,PODADOR MULTIFUNCIONAL PROFISSIONAL 3 EM 1 A GASOLINA 52CC,BOM-9215,ISAAC,CASADA,-,BOMVINK,31,2026-07-15 00:00:00,2026-07-16 00:00:00,,,,,True,,,,,,,,,,,,
JULHO_L347,JULHO,Julho,347,2026-07-13 00:00:00,23306,3.0,859.9,2579.7,SERRA DE BANCADA ELETRICA 1800W 127V,BOM-9677,ISAAC,CASADA,-,BOMVINK,31,2026-07-15 00:00:00,2026-07-16 00:00:00,,,,,True,,,,,,,,,,,,
JULHO_L348,JULHO,Julho,348,2026-07-13 00:00:00,23306,5.0,839.9,4199.5,SERRA DE BANCADA ELETRICA 1800W 220V,BOM-9678,ISAAC,CASADA,-,BOMVINK,31,2026-07-15 00:00:00,2026-07-16 00:00:00,,,,,True,,,,,,,,,,,,
JULHO_L349,JULHO,Julho,349,2026-07-13 00:00:00,23306,4.0,899.9,3599.6,CORTADORA DE PAREDE 127V PARA CONCRETO-3500W-135MM,BOM-9629,ISAAC,CASADA,-,BOMVINK,31,2026-07-15 00:00:00,2026-07-16 00:00:00,,,,,True,,,,,,,,,,,,
JULHO_L350,JULHO,Julho,350,2026-07-14 00:00:00,1042,100.0,152.0,15200.0,"MONITOR AX20""","AX20""",GUILHERME,CASADA,-,HAOQING,31,2026-07-14 00:00:00,,,,,,False,,,,,,,,,,,,
JULHO_L351,JULHO,Julho,351,2026-07-14 00:00:00,1042,50.0,152.0,7600.0,"MONITOR AX20""","AX20""",YHAN,CASADA,-,HAOQING,31,2026-07-14 00:00:00,,,,,,False,,,,,,,,,,,,
JULHO_L352,JULHO,Julho,352,2026-07-14 00:00:00,1042,42.0,180.0,7560.0,"MONITOR AX22""","AX22""",YHAN,ESTOQUE,-,HAOQING,31,2026-07-14 00:00:00,,,,,,False,,,,,,,,,,,,
JULHO_L353,JULHO,Julho,353,2026-07-14 00:00:00,1042,80.0,180.0,14400.0,"MONITOR AX22""","AX22""",YHAN,CASADA,-,HAOQING,31,2026-07-14 00:00:00,,,,,,False,,,,,,,,,,,,
JULHO_L354,JULHO,Julho,354,2026-07-14 00:00:00,1042,50.0,180.0,9000.0,"MONITOR AX22""","AX22""",YHAN,CASADA,-,HAOQING,31,2026-07-14 00:00:00,,,,,,False,,,,,,,,,,,,
JULHO_L355,JULHO,Julho,355,2026-07-14 00:00:00,1042,150.0,180.0,27000.0,"MONITOR AX22""","AX22""",GUSTAVO,NINJA,-,HAOQING,31,2026-07-14 00:00:00,ok,,,,,True,,,,,,,,,,,,
JULHO_L356,JULHO,Julho,356,2026-07-14 00:00:00,1042,1.0,1270.0,1270.0,"MONITOR HQ 34"" CURVO","HQ34""",PATRICIA,SHOWROOM,-,HAOQING,31,2026-07-14 00:00:00,2026-07-17 00:00:00,,,,,True,,,,,,,,,,,,linha_duplicada_suspeita;
JULHO_L357,JULHO,Julho,357,2026-07-14 00:00:00,1042,1.0,1270.0,1270.0,"MONITOR HQ 34"" CURVO","HQ34""",PATRICIA,CASADA,-,HAOQING,31,2026-07-14 00:00:00,2026-07-17 00:00:00,,,,,True,,,,,,,,,,,,linha_duplicada_suspeita;
JULHO_L358,JULHO,Julho,358,2026-07-14 00:00:00,1042,8.0,1450.0,11600.0,RX - 7600,RX-7600,OSMAR,CASADA,-,HAOQING,31,2026-07-14 00:00:00,2026-07-17 00:00:00,,,,,True,,,,,,,,,,,,
JULHO_L359,JULHO,Julho,359,2026-07-14 00:00:00,-,60.0,70.0,4200.0,DDR3 8GB NOT,DDR3 8GB,GUILHERME,CASADA,-,JOICE,31,2026-07-14 00:00:00,2026-07-14 00:00:00,2026-07-15 00:00:00,,,,True,,,,,,,,,,,,
JULHO_L360,JULHO,Julho,360,2026-07-14 00:00:00,1043,13.0,152.0,1976.0,"MONITOR AX20""","AX20""",GUSTAVO,NINJA,-,HAOQING,31,2026-07-14 00:00:00,2026-07-15 00:00:00,,,,,True,,,,,,,,,,,,
JULHO_L361,JULHO,Julho,361,2026-07-14 00:00:00,17106,2000.0,159.0,318000.0,SSD 240GB,-,YHAN,ESTOQUE,-,MASTER DRIVE,1,2026-07-19 00:00:00,2026-07-20 00:00:00,,,,,True,,,,,,,,,,,,
JULHO_L362,JULHO,Julho,362,2026-07-14 00:00:00,925520,500.0,135.0,67500.0,"MONITOR LED 19"" ENTERPRISE 19EPR-BQ PRETO",61869,YHAN,ESTOQUE,-,POWERPC,1,2026-07-19 00:00:00,2026-07-20 00:00:00,,,,,True,,,,,,,,,,,,
JULHO_L363,JULHO,Julho,363,2026-07-14 00:00:00,925520,500.0,135.0,67500.0,"MONITOR LED 19"" TRONOS TRS-HK19WY PRETO",57966,YHAN,ESTOQUE,-,POWERPC,1,2026-07-20 00:00:00,2026-07-22 00:00:00,,,,,False,,,,,,,,,,,,
JULHO_L364,JULHO,Julho,364,2026-07-14 00:00:00,00660,1.0,121.5,121.5,LUMINÁRIA DE TETO LED ,HWS-LCD3071-B,PATRICIA,CASADA,-,NEXARA,1,2026-07-16 00:00:00,2026-07-20 00:00:00,,,,,True,,,,,,,,,,,,
JULHO_L365,JULHO,Julho,365,2026-07-14 00:00:00,00660,4.0,121.5,486.0,LUMINÁRIA DE TETO LED ,HWS-LCD3071-B,GUSTAVO,NINJA,-,NEXARA,1,2026-07-16 00:00:00,2026-07-20 00:00:00,,,,,True,,,,,,,,,,,,
JULHO_L366,JULHO,Julho,366,2026-07-14 00:00:00,06953,12.0,38.7,464.4,CHALEIRA ELETRICA,ON-CL203/110,ISAAC,CASADA,-,ONISTEK,31,2026-07-16 00:00:00,2026-07-17 00:00:00,,,,,True,,,,,,,,,,,,
JULHO_L367,JULHO,Julho,367,2026-07-14 00:00:00,23393,2000.0,12.99,25980.0,CORRENTE DE MOTOSSERRA,BOM-5625,GUSTAVO,NINJA,-,BOMVINK,1,2026-07-14 00:00:00,2026-07-15 00:00:00,,,,,True,,,,,,,,,,,,
JULHO_L368,JULHO,Julho,368,2026-07-14 00:00:00,14120,150.0,59.4,8910.0,REPETIDOR WIFI,KP-RW403/M,ISAAC,ESTOQUE,-,KNUP,1,2026-07-15 00:00:00,2026-07-20 00:00:00,,,,,True,,,,,,,,,,,,
JULHO_L369,JULHO,Julho,369,2026-07-14 00:00:00,14121,60.0,162.0,9720.0,ROTEADOR WIFI DUAL BAND EXTENDER RANGE ,KP-RW409/AX,ISAAC,ESTOQUE,-,KNUP,1,2026-07-15 00:00:00,2026-07-20 00:00:00,,,,,True,,,,,,,,,,,,
JULHO_L370,JULHO,Julho,370,2026-07-14 00:00:00,14121,90.0,90.0,8100.0,REPETIRDOR WIFI,KP-RW403/G-BK,ISAAC,ESTOQUE,-,KNUP,1,2026-07-15 00:00:00,2026-07-20 00:00:00,,,,,True,,,,,,,,,,,,
JULHO_L371,JULHO,Julho,371,2026-07-14 00:00:00,23351,2.0,339.9,679.8,"ESMERILHADEIRA ANGULAR PROFISSIONAL 7"" (180MM) 240W 127V",BOM-9691,ISAAC,CASADA,-,BOMVINK,1,2026-07-14 00:00:00,2026-07-15 00:00:00,,,,,True,,,,,,,,,,,,
JULHO_L372,JULHO,Julho,372,2026-07-14 00:00:00,23351,3.0,269.9,809.7,KIT JOGO DE CHAVES CATRACA SOQUETE 124PÇS,BOM-3911,ISAAC,CASADA,-,BOMVINK,1,2026-07-14 00:00:00,2026-07-15 00:00:00,,,,,True,,,,,,,,,,,,
JULHO_L373,JULHO,Julho,373,2026-07-14 00:00:00,06967,10.0,46.8,468.0,CHURRASQUEIRA DOBRAVEL A CRAVÃO ,ON-LD042,ISAAC,CASADA,-,ONISTEK,31,2026-07-15 00:00:00,2026-07-16 00:00:00,,,,,True,,,,,,,,,,,,
JULHO_L374,JULHO,Julho,374,2026-07-14 00:00:00,06967,8.0,64.8,518.4,CHURRASQUEIRA DOBRAVEL A CRAVÃO ,ON-LD043,ISAAC,CASADA,-,ONISTEK,31,2026-07-15 00:00:00,2026-07-16 00:00:00,,,,,True,,,,,,,,,,,,
JULHO_L375,JULHO,Julho,375,2026-07-14 00:00:00,725089,100.0,30.4,3040.0,REPETIDOR DE WIFI,KA-X332,ISAAC,CASADA,-,KAPBOM,31,2026-07-15 00:00:00,2026-07-17 00:00:00,,,,,True,,,,,,,,,,,,
JULHO_L376,JULHO,Julho,376,2026-07-14 00:00:00,725089,500.0,5.44,2720.0,ANTENA WIFI ADPTADOR WIRELESS USB 1800MBPS,KA-T8188,ISAAC,CASADA,-,KAPBOM,31,2026-07-15 00:00:00,2026-07-17 00:00:00,,,,,True,,,,,,,,,,,,
JULHO_L377,JULHO,Julho,377,2026-07-14 00:00:00,-,2.0,2629.0,5258.0,DRONE DJI NEO FLY MORE COMBO BR DJI051 CINZA,-,GLEY,LICITAÇÃO,-,MERCADO LIVRE,1,2026-07-17 00:00:00,2026-07-17 00:00:00,,,,,True,,,,,,,,,,,,
JULHO_L378,JULHO,Julho,378,2026-07-14 00:00:00,8976,30.0,255.0,7650.0,i7 - 4790,i7-4790,ISAAC,CASADA,-,CPU MASTER,31,2026-07-16 00:00:00,2026-07-17 00:00:00,2026-07-15 00:00:00,,,,False,,,,,,,,,,,,
JULHO_L379,JULHO,Julho,379,2026-07-14 00:00:00,17593,40.0,11.25,450.0,BALANÇA DIGITAL,SF-400,ISAAC,CASADA,-,TOMATE,31,2026-07-15 00:00:00,2026-07-16 00:00:00,,,,,True,,,,,,,,,,,,
JULHO_L380,JULHO,Julho,380,2026-07-14 00:00:00,17593,10.0,56.7,567.0,SANDUICHEIRA  127V,MAZ-111A,ISAAC,CASADA,-,TOMATE,31,2026-07-15 00:00:00,2026-07-16 00:00:00,,,,,True,,,,,,,,,,,,
JULHO_L381,JULHO,Julho,381,2026-07-14 00:00:00,17593,30.0,38.7,1161.0,ESPRMEDOR PORTÁTIL 500ML,MAZ-103,ISAAC,CASADA,-,TOMATE,31,2026-07-15 00:00:00,2026-07-16 00:00:00,,,,,True,,,,,,,,,,,,
JULHO_L382,JULHO,Julho,382,2026-07-14 00:00:00,17593,20.0,32.4,648.0,CHALEIRA TÉRMICA ,AK-1023,ISAAC,CASADA,-,OPAPRO,31,2026-07-15 00:00:00,2026-07-16 00:00:00,,,,,True,,,,,,,,,,,,
JULHO_L383,JULHO,Julho,383,2026-07-14 00:00:00,18126,20.0,61.2,1224.0,BINOCULOS,LK-4103,ISAAC,CASADA,-,LUATEK,31,2026-07-15 00:00:00,2026-07-16 00:00:00,,,/,,True,,,,,,,,,,,,
JULHO_L384,JULHO,Julho,384,2026-07-14 00:00:00,3580150,100.0,128.46,12846.0,CELULAR MULTI UP 4G PRETO,P9139,GUILHERME,CASADA,SUFRAMA,MULTILASER,1,2026-07-24 00:00:00,2026-07-20 00:00:00,,,,,False,,,,,,,,,,,,
JULHO_L385,JULHO,Julho,385,2026-07-14 00:00:00,23346,4.0,269.9,1079.6,MARTELO PERFURADOR E ROMPEDOR 1000W-220V,BOM-9596,YHAN,CASADA,-,BOMVINK,31,2026-07-16 00:00:00,,,,,,False,,,,,,,,,,,,
JULHO_L386,JULHO,Julho,386,2026-07-14 00:00:00,23346,4.0,289.9,1159.6,MARTELO PERFURADOR E ROMPEDOR 1000W-110V,BOM-9595,YHAN,CASADA,-,BOMVINK,31,2026-07-16 00:00:00,,,,,,False,,,,,,,,,,,,
JULHO_L387,JULHO,Julho,387,2026-07-14 00:00:00,23346,6.0,199.9,1199.4,ESMERILHADEIRA DE BATERIA 21V-125MM,BOM-9705,YHAN,CASADA,-,BOMVINK,31,2026-07-16 00:00:00,,,,,,False,,,,,,,,,,,,
JULHO_L388,JULHO,Julho,388,2026-07-14 00:00:00,23346,60.0,14.9,894.0,CHAVE MAGICA AJUSTAVEL PARA PORCAS PARAFUSOS 8 POLEGADAS,BOM-1203,YHAN,CASADA,-,BOMVINK,31,2026-07-16 00:00:00,,,,,,False,,,,,,,,,,,,
JULHO_L389,JULHO,Julho,389,2026-07-14 00:00:00,23346,24.0,22.9,549.6,VENTOSA DUPLA,BOM-1504,YHAN,CASADA,-,BOMVINK,31,2026-07-16 00:00:00,,,,,,False,,,,,,,,,,,,
JULHO_L390,JULHO,Julho,390,2026-07-14 00:00:00,23346,3.0,139.9,419.7,MACACO HIDRAULICO TIPO JACARE 2T,BOM-1541,YHAN,CASADA,-,BOMVINK,31,2026-07-16 00:00:00,,,,,,False,,,,,,,,,,,,
JULHO_L391,JULHO,Julho,391,2026-07-14 00:00:00,23346,50.0,19.99,999.5,ALICATE PRENSA TERMINAIS TIPO PROFISSIONAL,BOM-1710,YHAN,CASADA,-,BOMVINK,31,2026-07-16 00:00:00,,,,,,False,,,,,,,,,,,,
JULHO_L392,JULHO,Julho,392,2026-07-14 00:00:00,23346,50.0,17.9,895.0,ALICATE CRIMPAR CABO REDE C/CATRACA,BOM-1713,YHAN,CASADA,-,BOMVINK,31,2026-07-16 00:00:00,,,,,,False,,,,,,,,,,,,
JULHO_L393,JULHO,Julho,393,2026-07-14 00:00:00,23346,100.0,7.99,799.0,3 PCS TESOURA,BOM-3301,YHAN,CASADA,-,BOMVINK,31,2026-07-16 00:00:00,,,,,,False,,,,,,,,,,,,
JULHO_L394,JULHO,Julho,394,2026-07-14 00:00:00,23346,6.0,269.9,1619.4,KIT JOGO DE CHAVES CATRACA SOQUETE 124 PECAS,BOM-3911,YHAN,CASADA,-,BOMVINK,31,2026-07-16 00:00:00,,,,,,False,,,,,,,,,,,,
JULHO_L395,JULHO,Julho,395,2026-07-14 00:00:00,23346,100.0,8.99,899.0,MACARICO PORTIL CULINARIA,BOM-1535,YHAN,CASADA,-,BOMVINK,31,2026-07-16 00:00:00,,,,,,False,,,,,,,,,,,,
JULHO_L396,JULHO,Julho,396,2026-07-14 00:00:00,23346,24.0,26.9,645.6,CONJUNTO DE FORMOES 8 POLEGADAS 4 PECAS EM ACO TEMPERADO,BOM-3407,YHAN,CASADA,-,BOMVINK,31,2026-07-16 00:00:00,,,,,,False,,,,,,,,,,,,
JULHO_L397,JULHO,Julho,397,2026-07-14 00:00:00,23346,72.0,6.99,503.28,PRUMO PARA PEDREIRO DE METAL 300G,BOM-6806,YHAN,CASADA,-,BOMVINK,31,2026-07-16 00:00:00,,,,,,False,,,,,,,,,,,,
JULHO_L398,JULHO,Julho,398,2026-07-14 00:00:00,23346,2.0,299.9,599.8,DESEMPENADEIRA ELETRICA 220V PARA REBOCO E PAREDE 1200W,BOM-9626,YHAN,CASADA,-,BOMVINK,31,2026-07-16 00:00:00,,,,,,False,,,,,,,,,,,,
JULHO_L399,JULHO,Julho,399,2026-07-14 00:00:00,23347,50.0,79.9,3995.0,ESMERILHADEIRA ANGULAR 710W 110V,BOM-9545,YHAN,CASADA,-,BOMVINK,31,2026-07-15 00:00:00,,,,,,False,,,,,,,,,,,,
JULHO_L400,JULHO,Julho,400,2026-07-14 00:00:00,23347,4.0,499.9,1999.6,CHAVE DE IMPACTO 21V 1300 N.M,BOM-9971,YHAN,CASADA,-,BOMVINK,31,2026-07-15 00:00:00,,,,,,False,,,,,,,,,,,,
JULHO_L401,JULHO,Julho,401,2026-07-14 00:00:00,23347,30.0,21.9,657.0,CABO CHUPETA TRANSMISSAO 800AMP-2.2M,BOM-1802,YHAN,CASADA,-,BOMVINK,31,2026-07-15 00:00:00,,,,,,False,,,,,,,,,,,,
JULHO_L402,JULHO,Julho,402,2026-07-14 00:00:00,23347,20.0,79.9,1598.0,FURADEIRA DE IMPACTO 600W 10MM 110V,BOM-9669,YHAN,CASADA,-,BOMVINK,31,2026-07-15 00:00:00,,,,,,False,,,,,,,,,,,,
JULHO_L403,JULHO,Julho,403,2026-07-14 00:00:00,23347,18.0,139.9,2518.2,SERRA MÁRMORE 1200W 110V,BOM-9549,YHAN,CASADA,-,BOMVINK,31,2026-07-15 00:00:00,,,,,,False,,,,,,,,,,,,
JULHO_L404,JULHO,Julho,404,2026-07-14 00:00:00,23347,12.0,89.99,1079.88,PISTOLA DE PINTURA 110V,BOM-9569,YHAN,CASADA,-,BOMVINK,31,2026-07-15 00:00:00,,,,,,False,,,,,,,,,,,,
JULHO_L405,JULHO,Julho,405,2026-07-14 00:00:00,23347,10.0,149.99,1499.9,NIVEL A LASER COM 12 LINHAS,BOM-6212,YHAN,CASADA,-,BOMVINK,31,2026-07-15 00:00:00,,,,,,False,,,,,,,,,,,,
JULHO_L406,JULHO,Julho,406,2026-07-14 00:00:00,23347,12.0,269.9,3238.8,MAQUINA DE SOLDA 110V,BOM-9507,YHAN,CASADA,-,BOMVINK,31,2026-07-15 00:00:00,,,,,,False,,,,,,,,,,,,
JULHO_L407,JULHO,Julho,407,2026-07-14 00:00:00,23347,10.0,139.9,1399.0,KIT JOGO DE CHAVES CATRACA SOQUETE 95 PECAS,BOM-3912,YHAN,CASADA,-,BOMVINK,31,2026-07-15 00:00:00,,,,,,False,,,,,,,,,,,,
JULHO_L408,JULHO,Julho,408,2026-07-14 00:00:00,23347,18.0,109.99,1979.82,LUZ DE TRABALHO PORTÁTIL MULTIFUNCIONAL 21V,BOM-4229,YHAN,CASADA,-,BOMVINK,31,2026-07-15 00:00:00,,,,,,False,,,,,,,,,,,,
JULHO_L409,JULHO,Julho,409,2026-07-15 00:00:00,07805,200.0,12.6,2520.0,CAMERA DE RÉ 30W,ACR-031,OSMAR,CASADA,-,AITEK,1,2026-07-16 00:00:00,2026-07-20 00:00:00,,,,,True,,,,,,,,,,,,
JULHO_L410,JULHO,Julho,410,2026-07-15 00:00:00,1044,200.0,152.0,30400.0,"MONITOR AX20""","AX20""",GUILHERME,CASADA,-,HAOQING,31,2026-07-15 00:00:00,,,,,,False,,,,,,,,,,,,
JULHO_L411,JULHO,Julho,411,2026-07-15 00:00:00,1044,50.0,152.0,7600.0,"MONITOR AX20""","AX20""",YHAN,CASADA,-,HAOQING,31,2026-07-15 00:00:00,,,,,,False,,,,,,,,,,,,
JULHO_L412,JULHO,Julho,412,2026-07-15 00:00:00,1044,15.0,152.0,2280.0,"MONITOR AX20""","AX20""",OSMAR,CASADA,-,HAOQING,31,2026-07-15 00:00:00,,,,,,False,,,,,,,,,,,,
JULHO_L413,JULHO,Julho,413,2026-07-15 00:00:00,925766,1400.0,135.0,189000.0,"MONITOR LED 19"" ENTERPRISE 19EPR-BQ PRETO",61869,GUILHERME,CASADA,-,POWERPC,1,2026-07-22 00:00:00,2026-07-22 00:00:00,,,,,True,,,,,,,,,,,,
JULHO_L414,JULHO,Julho,414,2026-07-15 00:00:00,1045,40.0,152.0,6080.0,"MONITOR AX20""","AX20""",GUILHERME,CASADA,-,HAOQING,31,2026-07-15 00:00:00,,,,,,False,,,,,,,,,,,,
JULHO_L415,JULHO,Julho,415,2026-07-15 00:00:00,23622,300.0,12.9,3870.0,CORDA PARA BAGAGEM DE 1.55 M - 10PÇS,BOM-7510,YHAN,CASADA,-,BOMVINK,31,2026-07-16 00:00:00,,,,,,False,,,,,,,,,,,,
JULHO_L416,JULHO,Julho,416,2026-07-15 00:00:00,23568,10.0,115.9,1159.0,NIVEL A LASER COM 2 LINHAS,BOM-6210,ISAAC,CASADA,-,BOMVINK,31,2026-07-15 00:00:00,2026-07-16 00:00:00,,,,,True,,,,,,,,,,,,
JULHO_L417,JULHO,Julho,417,2026-07-15 00:00:00,23568,20.0,21.9,438.0,MOP SPRAY COM RESERVATORIO,BOM-7372,ISAAC,CASADA,-,BOMVINK,31,2026-07-15 00:00:00,2026-07-16 00:00:00,,,,,True,,,,,,,,,,,,
JULHO_L418,JULHO,Julho,418,2026-07-15 00:00:00,23568,10.0,129.9,1299.0,LIXADORA ORBITAL 220V,BOM-9502,ISAAC,CASADA,-,BOMVINK,31,2026-07-15 00:00:00,2026-07-16 00:00:00,,,,,True,,,,,,,,,,,,
JULHO_L419,JULHO,Julho,419,2026-07-15 00:00:00,23568,20.0,45.9,918.0,ASPIRADOR DE PO 12V,BOM-7002,ISAAC,CASADA,-,BOMVINK,31,2026-07-15 00:00:00,2026-07-16 00:00:00,,,,,True,,,,,,,,,,,,
JULHO_L420,JULHO,Julho,420,2026-07-15 00:00:00,23568,5.0,189.9,949.5,CHAVE DE IMPACTO 21V,BOM-9966,ISAAC,CASADA,-,BOMVINK,31,2026-07-15 00:00:00,2026-07-16 00:00:00,,,,,True,,,,,,,,,,,,
JULHO_L421,JULHO,Julho,421,2026-07-15 00:00:00,23568,10.0,119.9,1199.0,PARAFUSADEIRA BATERIA 21V,BOM-9969,ISAAC,CASADA,-,BOMVINK,31,2026-07-15 00:00:00,2026-07-16 00:00:00,,,,,True,,,,,,,,,,,,
JULHO_L422,JULHO,Julho,422,2026-07-15 00:00:00,23568,60.0,21.99,1319.4,LUMINARIA SOLAR POSTE RUA DE 8 LED,BOM-4201,ISAAC,CASADA,-,BOMVINK,31,2026-07-15 00:00:00,2026-07-16 00:00:00,,,,,True,,,,,,,,,,,,
JULHO_L423,JULHO,Julho,423,2026-07-15 00:00:00,23624,8.0,169.9,1359.2,SERRA CIRCULAR 1100W 110V,BOM-9577,YHAN,CASADA,-,BOMVINK,31,2026-07-15 00:00:00,2026-07-16 00:00:00,,,,,True,,,,,,,,,,,,
JULHO_L424,JULHO,Julho,424,2026-07-15 00:00:00,23624,10.0,109.9,1099.0,SOPRADOR AR TURBO 21V,BOM-9725,YHAN,CASADA,-,BOMVINK,31,2026-07-15 00:00:00,2026-07-16 00:00:00,,,,,True,,,,,,,,,,,,
JULHO_L425,JULHO,Julho,425,2026-07-15 00:00:00,23624,12.0,79.9,958.8,LANTERNA DE LED RECARREGAVEL PORTATIL,BOM-4340,YHAN,CASADA,-,BOMVINK,31,2026-07-15 00:00:00,2026-07-16 00:00:00,,,,,True,,,,,,,,,,,,
JULHO_L426,JULHO,Julho,426,2026-07-15 00:00:00,23624,20.0,79.9,1598.0,ESMERILHADEIRA ANGULAR 710W 110V,BOM-9545,YHAN,CASADA,-,BOMVINK,31,2026-07-15 00:00:00,2026-07-16 00:00:00,,,,,True,,,,,,,,,,,,
JULHO_L427,JULHO,Julho,427,2026-07-15 00:00:00,23624,30.0,139.9,4197.0,"JOGO DE SOQUETES 1/2POL.COM REVERSIVEL, COMBINADAS-37PCS",BOM-3917,YHAN,CASADA,-,BOMVINK,31,2026-07-15 00:00:00,2026-07-16 00:00:00,,,,,True,,,,,,,,,,,,
JULHO_L428,JULHO,Julho,428,2026-07-15 00:00:00,23624,6.0,69.9,419.4,CONJUNTO DE CHAVE DE FENDA E BROCA 50PCS,BOM-3127,YHAN,CASADA,-,BOMVINK,31,2026-07-15 00:00:00,2026-07-16 00:00:00,,,,,True,,,,,,,,,,,,
JULHO_L429,JULHO,Julho,429,2026-07-15 00:00:00,23624,6.0,139.9,839.4,SERRA MÁRMORE 1200W 110V,BOM-9549,YHAN,CASADA,-,BOMVINK,31,2026-07-15 00:00:00,2026-07-16 00:00:00,,,,,True,,,,,,,,,,,,
JULHO_L430,JULHO,Julho,430,2026-07-15 00:00:00,037,60.0,215.0,12900.0,DDR4 8GB 2666MHZ KINGSTON,-,GUILHERME,CASADA,-,MP COMPUTADORES,31,2026-07-15 00:00:00,2026-07-15 00:00:00,,,,,True,,,,,,,,,,,,
JULHO_L431,JULHO,Julho,431,2026-07-15 00:00:00,715001,1.0,1468.0,1468.0,CAIXA DE SOM,IMS-X69-A,YHAN,CASADA,-,IMENSO,1,2026-07-19 00:00:00,2026-07-20 00:00:00,,,,,True,,,,,,,,,,,,
JULHO_L432,JULHO,Julho,432,2026-07-15 00:00:00,3248,2.0,6200.0,12400.0,SCOOTER ELETRICA A4 PRETA,A4,NETO,ESTOQUE,-,PANDA,1,2026-07-22 00:00:00,2026-07-23 00:00:00,2026-07-15 00:00:00,,,,True,,,,,,,,,,,,
JULHO_L433,JULHO,Julho,433,2026-07-15 00:00:00,3248,1.0,6200.0,6200.0,SCOOTER ELETRICA A4 PRETA,A4,PATRICIA,CASADA,-,PANDA,1,2026-07-22 00:00:00,2026-07-23 00:00:00,2026-07-15 00:00:00,,,,True,,,,,,,,,,,,
JULHO_L434,JULHO,Julho,434,2026-07-15 00:00:00,3248,2.0,6200.0,12400.0,SCOOTER ELETRICA A4 PRATA,A4,NETO,ESTOQUE,-,PANDA,1,2026-07-22 00:00:00,2026-07-23 00:00:00,2026-07-15 00:00:00,,,,True,,,,,,,,,,,,
JULHO_L435,JULHO,Julho,435,2026-07-15 00:00:00,3248,1.0,6200.0,6200.0,SCOOTER ELETRICA A4 PRATA,A4,PATRICIA,CASADA,-,PANDA,1,2026-07-22 00:00:00,2026-07-23 00:00:00,2026-07-15 00:00:00,,,,True,,,,,,,,,,,,
JULHO_L436,JULHO,Julho,436,2026-07-15 00:00:00,3248,2.0,6200.0,12400.0,SCOOTER ELETRICA A4 BRANCO,A4,NETO,ESTOQUE,-,PANDA,1,2026-07-22 00:00:00,2026-07-23 00:00:00,2026-07-15 00:00:00,,,,True,,,,,,,,,,,,
JULHO_L437,JULHO,Julho,437,2026-07-16 00:00:00,1046,15.0,152.0,2280.0,"MONITOR AX20""","AX20""",GUILHERME,CASADA,-,HAOQING,31,2026-07-16 00:00:00,,,,,,False,,,,,,,,,,,,
JULHO_L438,JULHO,Julho,438,2026-07-16 00:00:00,07852,100.0,117.0,11700.0,SWITCH POE 8+2,ATS-182,ISAAC,ESTOQUE,-,AITEK,1,2026-07-17 00:00:00,2026-07-20 00:00:00,,,,,True,,,,,,,,,,,,
JULHO_L439,JULHO,Julho,439,2026-07-16 00:00:00,07852,50.0,405.0,20250.0,SWITCH POE 16+2+1,ATS-1182,ISAAC,ESTOQUE,-,AITEK,1,2026-07-17 00:00:00,2026-07-20 00:00:00,,,,,True,,,,,,,,,,,,
JULHO_L440,JULHO,Julho,440,2026-07-16 00:00:00,23736,10.0,17.9,179.0,PONTEIRA SEXTAVADA PARA MARTELO DEMOLIDOR AÇO 25*410MM*25MM,BOM-1924,OSMAR,CASADA,-,BOMVINK,1,2026-07-16 00:00:00,2026-07-20 00:00:00,,,,,True,,,,,,,,,,,,
JULHO_L441,JULHO,Julho,441,2026-07-16 00:00:00,14498,40.0,250.0,10000.0,PLACA MÃE A320 PC,G-A320,YHAN,CASADA,-,KNUP,1,2026-07-22 00:00:00,2026-07-22 00:00:00,,,,,True,,,,,,,,,,,,
JULHO_L442,JULHO,Julho,442,2026-07-16 00:00:00,925989,250.0,149.9,37475.0,"MONITOR LED 20"" ENTERPRISE CORP 20WEV-KAN 75HZ PRETO",61152,GUILHERME,CASADA,-,POWERPC,1,2026-07-24 00:00:00,2026-07-29 00:00:00,,,,,True,,,,,,,,,,,,
JULHO_L443,JULHO,Julho,443,2026-07-16 00:00:00,8989,7.0,900.0,6300.0,i5 - 13400T,i5-13400T,YHAN,CASADA,-,CPU MASTER,31,2026-07-20 00:00:00,2026-07-21 00:00:00,,,,,False,,,,,,,,,,,,
JULHO_L444,JULHO,Julho,444,2026-07-16 00:00:00,03468,1.0,400.0,400.0,GABINETE GAMER,D-ATX12,OSMAR,SHOWROOM,-,GRASEP,1,2026-07-21 00:00:00,2026-07-29 00:00:00,,,,,False,,,,,,,,,,,,
JULHO_L445,JULHO,Julho,445,2026-07-16 00:00:00,984,30.0,130.0,3900.0,i5 - 7500,i5-7500,YHAN,CASADA,-,GB IMPORTS,31,2026-07-17 00:00:00,2026-07-20 00:00:00,2026-07-16 00:00:00,,,,True,,,,,,,,,,,,
JULHO_L446,JULHO,Julho,446,2026-07-16 00:00:00,984,70.0,130.0,9100.0,i5 - 7500,i5-7500,YHAN,ESTOQUE,-,GB IMPORTS,31,2026-07-17 00:00:00,2026-07-20 00:00:00,2026-07-16 00:00:00,,,,True,,,,,,,,,,,,
JULHO_L447,JULHO,Julho,447,2026-07-16 00:00:00,14499,100.0,42.0,4200.0,PLACA PCI-EXPRESS PARA REDES SEM FIO,KP-T118,GUILHERME,CASADA,-,KNUP,31,2026-07-16 00:00:00,2026-07-16 00:00:00,,,,,True,,,,,,,,,,,,
JULHO_L448,JULHO,Julho,448,2026-07-16 00:00:00,14602,100.0,70.0,7000.0,PLACA PCI-EXPRESS.,KP-T119,GUILHERME,CASADA,-,KNUP,31,2026-07-17 00:00:00,2026-07-17 00:00:00,,,,,True,,,,,,,,,,,,
JULHO_L449,JULHO,Julho,449,2026-07-16 00:00:00,4,1000.0,80.0,80000.0,HD 500GB WD PURPLE,HD 500GB,ISAAC,ESTOQUE,-,JAVACOMP,31,2026-07-27 00:00:00,2026-07-28 00:00:00,,,,,True,,,,,,,,,,,,
JULHO_L450,JULHO,Julho,450,2026-07-16 00:00:00,4,50.0,250.0,12500.0,HD 1TB WD PURPLE,HD 1TB,ISAAC,CASADA,-,JAVACOMP,31,2026-07-27 00:00:00,2026-07-28 00:00:00,,,,,True,,,,,,,,,,,,
JULHO_L451,JULHO,Julho,451,2026-07-17 00:00:00,14633,60.0,29.7,1782.0,CAIXA DE SOM MULTIMIDEA,KP-7024,GUILHERME,CASADA,-,KNUP,31,2026-07-16 00:00:00,2026-07-17 00:00:00,,,,,False,,,,,,,,,,,,
JULHO_L452,JULHO,Julho,452,2026-07-17 00:00:00,14673,1500.0,1.8,2700.0,CABO USB X LIGHTNING,OR-C017/L,GUILHERME,CASADA,-,KNUP,31,2026-07-16 00:00:00,2026-07-17 00:00:00,,,,,False,,,,,,,,,,,,
JULHO_L453,JULHO,Julho,453,2026-07-17 00:00:00,14673,1500.0,2.16,3240.0,CABO USB X TYPE-C,OR-C017/C,GUILHERME,CASADA,-,KNUP,31,2026-07-16 00:00:00,2026-07-17 00:00:00,,,,,False,,,,,,,,,,,,
JULHO_L454,JULHO,Julho,454,2026-07-17 00:00:00,51256,20.0,580.0,11600.0,SSD 960GB LEXAR,-,GUILHERME,CASADA,-,JANICE,31,2026-07-17 00:00:00,2026-07-17 00:00:00,,,,,True,,,,,,,,,,,,
JULHO_L455,JULHO,Julho,455,2026-07-17 00:00:00,23952,10.0,79.9,799.0,FURADEIRA DE IMPACTO 600W 10MM 110V,BOM-9669,OSMAR,REPRESENTANTE,J. BATISTA,BOMVINK,1,2026-07-21 00:00:00,2026-07-29 00:00:00,,,,,True,,,,,,,,,,,,
JULHO_L456,JULHO,Julho,456,2026-07-17 00:00:00,1176,14.0,675.0,9450.0,TRICICLO DRIFT 300W,-,YHAN,CASADA,-,TJS ,31,2026-07-23 00:00:00,2026-07-23 00:00:00,2026-07-20 00:00:00,,,,True,,,,,,,,,,,,
JULHO_L457,JULHO,Julho,457,2026-07-17 00:00:00,-,120.0,380.0,45600.0,SSD NVME 512GB,-,GLEY,LICITAÇÃO,-,CHYBEN,31,2026-07-22 00:00:00,2026-07-24 00:00:00,,,,,True,,,,,,,,,,,,
JULHO_L458,JULHO,Julho,458,2026-07-17 00:00:00,-,120.0,260.0,31200.0,SSD NVME 256GB,-,GLEY,LICITAÇÃO,-,CHYBEN,31,2026-07-22 00:00:00,2026-07-24 00:00:00,,,,,True,,,,,,,,,,,,
JULHO_L459,JULHO,Julho,459,2026-07-17 00:00:00,17978,1.0,585.0,585.0,HOVERBOARDS,MPE-B6560,PATRICIA,CASADA,-,TOMATE,1,2026-07-23 00:00:00,2026-07-29 00:00:00,,,,,True,,,,,,,,,,,,
JULHO_L460,JULHO,Julho,460,2026-07-17 00:00:00,17978,1.0,585.0,585.0,HOVERBOARDS,MPE-B6561,PATRICIA,CASADA,-,TOMATE,1,2026-07-23 00:00:00,2026-07-29 00:00:00,,,,,True,,,,,,,,,,,,
JULHO_L461,JULHO,Julho,461,2026-07-17 00:00:00,17978,1.0,585.0,585.0,HOVERBOARDS,MPE-B6563,PATRICIA,CASADA,-,TOMATE,1,2026-07-23 00:00:00,2026-07-29 00:00:00,,,,,True,,,,,,,,,,,,
JULHO_L462,JULHO,Julho,462,2026-07-20 00:00:00,3584073,3000.0,4.58,13740.0,MOUSE COM FIO MF100 USB 1200DPI 3BOT COMPACTO 120CM PT,MO300,GUILHERME,CASADA,SUFRAMA,MULTILASER,1,2026-07-19 00:00:00,2026-07-20 00:00:00,,,,,False,,,,,,,,,,,,
JULHO_L463,JULHO,Julho,463,2026-07-20 00:00:00,18053,6.0,146.7,880.2,CAPACETE M,MCP-001-B1 M,NETO,SHOWROOM,-,TOMATE,1,2026-07-23 00:00:00,2026-07-29 00:00:00,,,,,True,,,,,,,,,,,,
JULHO_L464,JULHO,Julho,464,2026-07-20 00:00:00,18053,6.0,146.7,880.2,CAPACETE G,MCP-001-B1 G,NETO,SHOWROOM,-,TOMATE,1,2026-07-23 00:00:00,2026-07-29 00:00:00,,,,,True,,,,,,,,,,,,
JULHO_L465,JULHO,Julho,465,2026-07-20 00:00:00,24115,40.0,68.99,2759.6,PARAFUSADEIRA BATERIA 21V,BOM-9961,ISAAC,CASADA,-,BOMVINK,1,2026-07-21 00:00:00,2026-07-29 00:00:00,,,,,True,,,,,,,,,,,,
JULHO_L466,JULHO,Julho,466,2026-07-20 00:00:00,725255,100.0,30.4,3040.0,REPETIDOR DE WIFI,KA-X332,ISAAC,CASADA,-,KAPBOM,31,2026-07-22 00:00:00,2026-07-29 00:00:00,,,,,True,,,,,,,,,,,,
JULHO_L467,JULHO,Julho,467,2026-07-20 00:00:00,24195,10.0,79.9,799.0,ESMERILHADEIRA ANGULAR 710W 110V,BOM-9545,YHAN,CASADA,-,BOMVINK,31,2026-07-22 00:00:00,,,,,,False,,,,,,,,,,,,
JULHO_L468,JULHO,Julho,468,2026-07-20 00:00:00,24195,20.0,79.9,1598.0,ESMERILHADEIRA ANGULAR 710W 220V,BOM-9546,YHAN,CASADA,-,BOMVINK,31,2026-07-22 00:00:00,,,,,,False,,,,,,,,,,,,
JULHO_L469,JULHO,Julho,469,2026-07-20 00:00:00,24195,4.0,499.9,1999.6,CHAVE DE IMPACTO 21V 1300 N.M,BOM-9971,YHAN,CASADA,-,BOMVINK,31,2026-07-22 00:00:00,,,,,,False,,,,,,,,,,,,
JULHO_L470,JULHO,Julho,470,2026-07-20 00:00:00,24195,10.0,79.9,799.0,FURADEIRA DE IMPACTO 600W 10MM 110V,BOM-9669,YHAN,CASADA,-,BOMVINK,31,2026-07-22 00:00:00,,,,,,False,,,,,,,,,,,,
JULHO_L471,JULHO,Julho,471,2026-07-20 00:00:00,24195,20.0,79.9,1598.0,FURADEIRA DE IMPACTO 600W 10MM 220V,BOM-9670,YHAN,CASADA,-,BOMVINK,31,2026-07-22 00:00:00,,,,,,False,,,,,,,,,,,,
JULHO_L472,JULHO,Julho,472,2026-07-20 00:00:00,24195,30.0,109.9,3297.0,PARAFUSADEIRA BATERIA 21V,BOM-9970,YHAN,CASADA,-,BOMVINK,31,2026-07-22 00:00:00,,,,,,False,,,,,,,,,,,,
JULHO_L473,JULHO,Julho,473,2026-07-20 00:00:00,24195,24.0,139.9,3357.6,SERRA MÁRMORE 1200W 110V,BOM-9549,YHAN,CASADA,-,BOMVINK,31,2026-07-22 00:00:00,,,,,,False,,,,,,,,,,,,
JULHO_L474,JULHO,Julho,474,2026-07-20 00:00:00,24195,12.0,139.9,1678.8,SERRA MÁRMORE 1200W 220V,BOM-9550,YHAN,CASADA,-,BOMVINK,31,2026-07-22 00:00:00,,,,,,False,,,,,,,,,,,,
JULHO_L475,JULHO,Julho,475,2026-07-20 00:00:00,24195,18.0,109.99,1979.82,LUZ DE TRABALHO PORTÁTIL MULTIFUNCIONAL 21V,BOM-4229,YHAN,CASADA,-,BOMVINK,31,2026-07-22 00:00:00,,,,,,False,,,,,,,,,,,,
JULHO_L476,JULHO,Julho,476,2026-07-20 00:00:00,24195,6.0,269.9,1619.4,KIT JOGO DE CHAVES CATRACA SOQUETE 124 PEÇAS,BOM-3911,YHAN,CASADA,-,BOMVINK,31,2026-07-22 00:00:00,,,,,,False,,,,,,,,,,,,
JULHO_L477,JULHO,Julho,477,2026-07-20 00:00:00,17256,500.0,14.15,7075.0,PENDRIVE MINI 16GB PREMIUM,-,GUILHERME,CASADA,-,MASTER DRIVE,1,2026-07-23 00:00:00,2026-07-24 00:00:00,,,,,False,,,,,,,,,,,,
JULHO_L478,JULHO,Julho,478,2026-07-20 00:00:00,24144,20.0,88.8,1776.0,ASPIRADOR DE PO MULTIFUNCIONAL 4 EM 1,BOM-7020,ISAAC,CASADA,-,BOMVINK,31,2026-07-22 00:00:00,2026-07-23 00:00:00,,,,,True,,,,,,,,,,,,
JULHO_L479,JULHO,Julho,479,2026-07-20 00:00:00,24144,6.0,57.99,347.94,BOMBA PULVERIZADOR MANUAL,BOM-7608,ISAAC,CASADA,-,BOMVINK,31,2026-07-22 00:00:00,2026-07-23 00:00:00,,,,,True,,,,,,,,,,,,
JULHO_L480,JULHO,Julho,480,2026-07-20 00:00:00,24144,10.0,99.9,999.0,ESMERILHADEIRA ANGULAR 850W 220V,BOM-9552,ISAAC,CASADA,-,BOMVINK,31,2026-07-22 00:00:00,2026-07-23 00:00:00,,,,,True,,,,,,,,,,,,
JULHO_L481,JULHO,Julho,481,2026-07-20 00:00:00,24144,2.0,599.9,1199.8,MAQUINA DE SOLDA 110V,BOM-9571,ISAAC,CASADA,-,BOMVINK,31,2026-07-22 00:00:00,2026-07-23 00:00:00,,,,,True,,,,,,,,,,,,
JULHO_L482,JULHO,Julho,482,2026-07-20 00:00:00,24144,12.0,59.9,718.8,SOPRADOR E ASPIRADOR ELETRICO 220V 700W,BOM-9588,ISAAC,CASADA,-,BOMVINK,31,2026-07-22 00:00:00,2026-07-23 00:00:00,,,,,True,,,,,,,,,,,,
JULHO_L483,JULHO,Julho,483,2026-07-20 00:00:00,-,3.0,2699.9,8099.7,SCANNER EPSON WORKFORCE ES-400 ,-,GLEY,LICITAÇÃO,-,MERCADO LIVRE,1,2026-07-22 00:00:00,2026-07-22 00:00:00,,,,,True,,,,,,,,,,,,
JULHO_L484,JULHO,Julho,484,2026-07-20 00:00:00,1482,92.0,330.0,30360.0,PLACA DE VIDEO PCYES RADEON RX 550 4GB GDDR5 HDMI/DP/DVI AMD,01MAS,NETO,ESTOQUE,-,MACUMBA,1,2026-07-23 00:00:00,2026-07-23 00:00:00,,,,,True,,,,,,,,,,,,
JULHO_L485,JULHO,Julho,485,2026-07-20 00:00:00,1482,18.0,779.4,14029.2,PLACA DE VIDEO PCYES NVIDIA GEFORCE RTX 3050 6GB GDDR6 96BIT,02KSD,NETO,ESTOQUE,10 PÇS ISAAC,MACUMBA,1,2026-07-23 00:00:00,2026-07-23 00:00:00,,,,,True,,,,,,,,,,,,
JULHO_L486,JULHO,Julho,486,2026-07-20 00:00:00,1482,,1390.8,,PLACA DE VIDEO GEFORCE RTX 5060 8GB MSI SHADOW 2X OC,03LSD,NETO,ESTOQUE,30 PÇS ISAAC,MACUMBA,1,2026-07-23 00:00:00,2026-07-23 00:00:00,,,,,True,,,,,,,,,,,,quantidade_ausente;
JULHO_L487,JULHO,Julho,487,2026-07-20 00:00:00,1482,5.0,757.8,3789.0,PLACA DE VIDEO PCYES GTX 1660 SUPER 6GB GDDR6 DUAL FAN,04JKM,NETO,ESTOQUE,2 PÇS YHAN,MACUMBA,1,2026-07-23 00:00:00,2026-07-23 00:00:00,,,,,True,,,,,,,,,,,,
JULHO_L488,JULHO,Julho,488,2026-07-20 00:00:00,1482,8.0,60.0,480.0,PLACA DE VIDEO NVIDIA PCYES GEFORCE G210 1GB DDR3 QUAD HD HDMI DVI VGA,05HJN,NETO,ESTOQUE,-,MACUMBA,1,2026-07-23 00:00:00,2026-07-23 00:00:00,,,,,True,,,,,,,,,,,,
JULHO_L489,JULHO,Julho,489,2026-07-20 00:00:00,1482,2.0,1439.4,2878.8,"PLACA DE VIDEO GIGABYTE GEOFORCE RTX 5060 TI WINDFORCE, 8GB, GDDR7,128-BIT,GV-N506TWF2-8GD",06KLM,NETO,ESTOQUE,5 PÇS YHAN,MACUMBA,1,2026-07-23 00:00:00,2026-07-23 00:00:00,,,,,True,,,,,,,,,,,,
JULHO_L490,JULHO,Julho,490,2026-07-20 00:00:00,1483,92.0,330.0,30360.0,PLACA DE VIDEO PCYES RADEON RX 550 4GB GDDR5 HDMI/DP/DVI AMD,01MAS,NETO,ESTOQUE,-,MACUMBA,1,2026-06-23 00:00:00,2026-07-23 00:00:00,,,,,True,,,,,,,,,,,,
JULHO_L491,JULHO,Julho,491,2026-07-20 00:00:00,1483,18.0,779.4,14029.2,PLACA DE VIDEO PCYES NVIDIA GEFORCE RTX 3050 6GB GDDR6 96BIT,02KSD,NETO,ESTOQUE,10 PÇS YHAN,MACUMBA,1,2026-07-23 00:00:00,2026-07-23 00:00:00,,,,,True,,,,,,,,,,,,
JULHO_L492,JULHO,Julho,492,2026-07-20 00:00:00,1483,30.0,1390.8,41724.0,PLACA DE VIDEO GEFORCE RTX 5060 8GB MSI SHADOW 2X OC,03LSD,NETO,ESTOQUE,11 PÇS YHAN,MACUMBA,1,2026-07-23 00:00:00,2026-07-23 00:00:00,,,,,True,,,,,,,,,,,,
JULHO_L493,JULHO,Julho,493,2026-07-20 00:00:00,1483,5.0,757.8,3789.0,PLACA DE VIDEO PCYES GTX 1660 SUPER 6GB GDDR6 DUAL FAN,04JKM,NETO,ESTOQUE,-,MACUMBA,1,2026-07-23 00:00:00,2026-07-23 00:00:00,,,,,True,,,,,,,,,,,,
JULHO_L494,JULHO,Julho,494,2026-07-20 00:00:00,1483,8.0,60.0,480.0,PLACA DE VIDEO NVIDIA PCYES GEFORCE G210 1GB DDR3 QUAD HD HDMI DVI VGA,05HJN,NETO,ESTOQUE,-,MACUMBA,1,2026-07-23 00:00:00,2026-07-23 00:00:00,,,,,True,,,,,,,,,,,,
JULHO_L495,JULHO,Julho,495,2026-07-20 00:00:00,1483,2.0,1439.4,2878.8,"PLACA DE VIDEO GIGABYTE GEOFORCE RTX 5060 TI WINDFORCE, 8GB, GDDR7,128-BIT,GV-N506TWF2-8GD",06KLM,NETO,ESTOQUE,-,MACUMBA,1,2026-07-23 00:00:00,2026-07-23 00:00:00,,,,,True,,,,,,,,,,,,
JULHO_L496,JULHO,Julho,496,2026-07-20 00:00:00,1484,92.0,330.0,30360.0,PLACA DE VIDEO PCYES RADEON RX 550 4GB GDDR5 HDMI/DP/DVI AMD,01MAS,NETO,ESTOQUE,-,MACUMBA,1,2026-07-23 00:00:00,2026-07-23 00:00:00,,,,,True,,,,,,,,,,,,
JULHO_L497,JULHO,Julho,497,2026-07-20 00:00:00,1484,18.0,779.4,14029.2,PLACA DE VIDEO PCYES NVIDIA GEFORCE RTX 3050 6GB GDDR6  96BIT,02KSD,NETO,ESTOQUE,34 PÇS GUILHERME,MACUMBA,1,2026-07-20 00:00:00,2026-07-21 00:00:00,,,,,True,,,,,,,,,,,,
JULHO_L498,JULHO,Julho,498,2026-07-20 00:00:00,1484,30.0,1390.8,41724.0,PLACA DE VIDEO GEFORCE RTX 5060 8GB MSI SHADOW 2X OC,03LSD,NETO,ESTOQUE,50 PÇS GUILHERME,MACUMBA,1,2026-07-20 00:00:00,2026-07-21 00:00:00,,,,,True,,,,,,,,,,,,
JULHO_L499,JULHO,Julho,499,2026-07-20 00:00:00,1484,7.0,757.8,5304.6,PLACA DE VIDEO PCYES GTX 1660 SUPER 6GB GDDR6 DUAL FAN,04JKM,NETO,ESTOQUE,-,MACUMBA,1,2026-07-23 00:00:00,2026-07-23 00:00:00,,,,,True,,,,,,,,,,,,
JULHO_L500,JULHO,Julho,500,2026-07-20 00:00:00,1484,8.0,60.0,480.0,PLACA DE VIDEO NVIDIA PCYES GEFORCE G210 1GB DDR3 QUAD HD HDMI DVI VGA,05HJN,NETO,ESTOQUE,-,MACUMBA,1,2026-07-23 00:00:00,2026-07-23 00:00:00,,,,,True,,,,,,,,,,,,
JULHO_L501,JULHO,Julho,501,2026-07-20 00:00:00,1484,2.0,1439.4,2878.8,"PLACA DE VIDEO GIGABYTE GEOFORCE RTX 5060 TI WINDFORCE, 8GB, GDDR7,128-BIT,GV-N506TWF2-8GD",06KLM,NETO,ESTOQUE,-,MACUMBA,1,2026-07-23 00:00:00,2026-07-23 00:00:00,,,,,True,,,,,,,,,,,,
JULHO_L502,JULHO,Julho,502,2026-07-20 00:00:00,796919,20.0,666.3897,13327.794,PLACA DE VÍDEO DX RX580-8GD5HA DUEX,41120,GUILHERME,CASADA,SUFRAMA,DUEX,1,2026-08-03 00:00:00,2026-08-04 00:00:00,,,,,False,,,,,,,,,,,,
JULHO_L503,JULHO,Julho,503,2026-07-20 00:00:00,796919,15.0,389.9015,5848.5225,PLACA MÃE ASUS PRIME B550M-K ARGB DDR4 AM4,40143,GUILHERME,CASADA,SUFRAMA,DUEX,1,2026-08-03 00:00:00,2026-08-04 00:00:00,,,,,False,,,,,,,,,,,,
JULHO_L504,JULHO,Julho,504,2026-07-20 00:00:00,796919,25.0,269.8984,6747.46,PLACA MÃE ASUS PRIME A520M-R DDR4 AM4,31621,GUILHERME,CASADA,SUFRAMA,DUEX,1,2026-08-03 00:00:00,2026-08-04 00:00:00,,,,,False,,,,,,,,,,,,
JULHO_L505,JULHO,Julho,505,2026-07-20 00:00:00,796919,10.0,489.9001,4899.001,PLACA MÃE ASUS PRIME B550M-A AC WIFI DDR4 AM4,36689,GUILHERME,CASADA,SUFRAMA,DUEX,1,2026-08-03 00:00:00,2026-08-04 00:00:00,,,,,False,,,,,,,,,,,,
JULHO_L506,JULHO,Julho,506,2026-07-20 00:00:00,796919,5.0,1249.9037,6249.5185,PLACA MÃE ASUS TUF GAMING B850-E WIFI DDR5  AM5 WIFI190MB1L20-M0EAY0,36692,GUILHERME,CASADA,SUFRAMA,DUEX,1,2026-08-03 00:00:00,2026-08-04 00:00:00,,,,,False,,,,,,,,,,,,
JULHO_L507,JULHO,Julho,507,2026-07-21 00:00:00,17265,200.0,12.2,2440.0,PENDRIVE CHAVEIRO 8GB PREMIUM,-,YHAN,CASADA,-,MASTER DRIVE,1,2026-07-28 00:00:00,2026-07-28 00:00:00,,,,,True,,,,,,,,,,,,
JULHO_L508,JULHO,Julho,508,2026-07-21 00:00:00,17265,200.0,13.75,2750.0,PENDRIVE CHAVEIRO 16GB PREMIUM,-,YHAN,CASADA,-,MASTER DRIVE,1,2026-07-28 00:00:00,2026-07-28 00:00:00,,,,,True,,,,,,,,,,,,
JULHO_L509,JULHO,Julho,509,2026-07-21 00:00:00,17265,100.0,20.2,2020.0,PENDRIVE CHAVEIRO 32GB PREMIUM,-,YHAN,CASADA,-,MASTER DRIVE,1,2026-07-28 00:00:00,2026-07-28 00:00:00,,,,,True,,,,,,,,,,,,
JULHO_L510,JULHO,Julho,510,2026-07-21 00:00:00,1047,50.0,152.0,7600.0,"MONITOR AX20""","AX20""",GUILHERME,CASADA,-,HAOQING,31,2026-07-20 00:00:00,2026-07-21 00:00:00,,,,,True,,,,,,,,,,,,
JULHO_L511,JULHO,Julho,511,2026-07-21 00:00:00,08070,10.0,85.5,855.0,FONTE PC AUTOMATICO 500W,DELTA-EF500,ISAAC,CASADA,-,DELTA,1,2026-07-22 00:00:00,2026-07-23 00:00:00,,,,,True,,,,,,,,,,,,
JULHO_L512,JULHO,Julho,512,2026-07-21 00:00:00,08053,1.0,1080.0,1080.0,CARREGADOR AUTOMOTIVO SMART 7KW 110V,ALPHA-1307,NETO,SHOWROOM,-,AITEK,1,2026-07-24 00:00:00,2026-07-28 00:00:00,,,,,True,,,,,,,,,,,,
JULHO_L513,JULHO,Julho,513,2026-07-21 00:00:00,08053,1.0,1350.0,1350.0,CARREGADOR AUTOMOTIVO SMART 22KW 250V,ALPHA-1322,NETO,SHOWROOM,-,AITEK,1,2026-07-24 00:00:00,2026-07-28 00:00:00,,,,,True,,,,,,,,,,,,
JULHO_L514,JULHO,Julho,514,2026-07-21 00:00:00,03545,1.0,7300.0,7300.0,"TELA INTERATIVA TOUCH DE 75""",D-DG75TI,NETO,SHOWROOM,-,GRASEP,1,2026-07-21 00:00:00,2026-07-23 00:00:00,,,,,True,,,,,,,,,,,,
JULHO_L515,JULHO,Julho,515,2026-07-21 00:00:00,03545,1.0,350.0,350.0,"SUPORTE DE METAL PARA TELA INTERATIVA 60"" - 86""",D-ZJ04,NETO,SHOWROOM,-,GRASEP,1,2026-07-21 00:00:00,2026-07-23 00:00:00,,,,,True,,,,,,,,,,,,
JULHO_L516,JULHO,Julho,516,2026-07-21 00:00:00,24333,200.0,4.9,980.0,FONTE DE ALIMENTAÇÃO 12V PARA PARAFUSADEIRA BIVOLT,BOM-5590,YHAN,CASADA,-,BOMVINK,31,2026-07-22 00:00:00,,,,,,False,,,,,,,,,,,,
JULHO_L517,JULHO,Julho,517,2026-07-21 00:00:00,24333,50.0,4.9,245.0,MISTURADOR DE TINTA 60*400MM,BOM-5044,YHAN,CASADA,-,BOMVINK,31,2026-07-22 00:00:00,,,,,,False,,,,,,,,,,,,
JULHO_L518,JULHO,Julho,518,2026-07-21 00:00:00,24333,48.0,15.9,763.2,JOGO DE CHAVE CANHÃO SOQUETE 7 PÇS,BOM-3220,YHAN,CASADA,-,BOMVINK,31,2026-07-22 00:00:00,,,,,,False,,,,,,,,,,,,
JULHO_L519,JULHO,Julho,519,2026-07-21 00:00:00,24333,96.0,8.99,863.04,KIT SERRA COPO 6 PÇS,BOM-5201,YHAN,CASADA,-,BOMVINK,31,2026-07-22 00:00:00,,,,,,False,,,,,,,,,,,,
JULHO_L520,JULHO,Julho,520,2026-07-21 00:00:00,24333,120.0,17.9,2148.0,PONTEIRA PROFISSIONAL IMANTADA COM LIMITADOR E METAL REFO,BOM-5002,YHAN,CASADA,-,BOMVINK,31,2026-07-22 00:00:00,,,,,,False,,,,,,,,,,,,
JULHO_L521,JULHO,Julho,521,2026-07-21 00:00:00,24333,10.0,109.9,1099.0,PARAFUSADEIRA BATERIA 21V,BOM-9970,YHAN,CASADA,-,BOMVINK,31,2026-07-22 00:00:00,,,,,,False,,,,,,,,,,,,
JULHO_L522,JULHO,Julho,522,2026-07-21 00:00:00,24333,10.0,89.9,899.0,ESMERILHADEIRA ANGULAR 850W 110V,BOM-9551,YHAN,CASADA,-,BOMVINK,31,2026-07-22 00:00:00,,,,,,False,,,,,,,,,,,,
JULHO_L523,JULHO,Julho,523,2026-07-21 00:00:00,24333,24.0,8.8,211.2,FITA AMARELA 200M,BOM-1338,YHAN,CASADA,-,BOMVINK,31,2026-07-22 00:00:00,,,,,,False,,,,,,,,,,,,
JULHO_L524,JULHO,Julho,524,2026-07-21 00:00:00,-,25.0,230.0,5750.0,DDR4 8GB 2666 FURY,-,OSMAR,CASADA,-,JOICE,31,2026-07-24 00:00:00,2026-07-27 00:00:00,2026-07-22 00:00:00,,,,True,,,,,,,,,,,,
JULHO_L525,JULHO,Julho,525,2026-07-21 00:00:00,08088,5.0,324.0,1620.0,MESA GAMER,DELTA-M1203Y,GUILHERME,CASADA,-,DELTA,1,2026-07-21 00:00:00,2026-07-22 00:00:00,,,,,True,,,,,,,,,,,,
JULHO_L526,JULHO,Julho,526,2026-07-21 00:00:00,24403,240.0,4.5,1080.0,ESTILETE DOBRAVEL,BOM-3303,GUSTAVO,NINJA,-,BOMVINK,1,2026-07-22 00:00:00,ok,,,,,True,,,,,,,,,,,,
JULHO_L527,JULHO,Julho,527,2026-07-21 00:00:00,24403,200.0,15.9,3180.0,LANTERNA DE CABEÇA,BOM-4004,GUSTAVO,NINJA,-,BOMVINK,1,2026-07-22 00:00:00,ok,,,,,True,,,,,,,,,,,,
JULHO_L528,JULHO,Julho,528,2026-07-21 00:00:00,24403,50.0,14.8,740.0,ABRACADEIRA NYLON ENFORCA GATO 7.6*400MM,BOM-5510,GUSTAVO,NINJA,-,BOMVINK,1,2026-07-22 00:00:00,ok,,,,,True,,,,,,,,,,,,
JULHO_L529,JULHO,Julho,529,2026-07-21 00:00:00,24403,50.0,13.8,690.0,ABRACADEIRA NYLON ENFORCA GATO 7.6*350MM,BOM-5509,GUSTAVO,NINJA,-,BOMVINK,1,2026-07-22 00:00:00,ok,,,,,True,,,,,,,,,,,,
JULHO_L530,JULHO,Julho,530,2026-07-21 00:00:00,24403,150.0,3.3,495.0,ABRACADEIRA NYLON ENFORCA GATO 4.8*200MM BRANCO,BOM-5503,GUSTAVO,NINJA,-,BOMVINK,1,2026-07-22 00:00:00,ok,,,,,True,,,,,,,,,,,,
JULHO_L531,JULHO,Julho,531,2026-07-21 00:00:00,24403,350.0,1.2,420.0,ABRACADEIRA NYLON ENFORCA GATO 2.5*100MM PRETO,BOM-5502,GUSTAVO,NINJA,-,BOMVINK,1,2026-07-22 00:00:00,ok,,,,,True,,,,,,,,,,,,
JULHO_L532,JULHO,Julho,532,2026-07-21 00:00:00,24403,100.0,8.99,899.0,ABRACADEIRA DE NYLON 4.8MMx500MM ENFORCA GATO 100PÇS,BOM-5499,GUSTAVO,NINJA,-,BOMVINK,1,2026-07-22 00:00:00,ok,,,,,True,,,,,,,,,,,,
JULHO_L533,JULHO,Julho,533,2026-07-21 00:00:00,24403,120.0,8.9,1068.0,ABRACADEIRA DE NYLON 4.8MMx400MM ENFORCA GATO 100PÇS,BOM-5498,GUSTAVO,NINJA,-,BOMVINK,1,2026-07-22 00:00:00,ok,,,,,True,,,,,,,,,,,,
JULHO_L534,JULHO,Julho,534,2026-07-21 00:00:00,24420,16.0,159.9,2558.4,MÁQUINA DE SOLDA 110A INVERSORA 220V,BOM-9682,ISAAC,CASADA,-,BOMVINK,1,2026-07-22 00:00:00,2026-07-24 00:00:00,,,,,True,,,,,,,,,,,,
JULHO_L535,JULHO,Julho,535,2026-07-21 00:00:00,14583850,3.0,464.57,1393.71,ROTEADOR ROUTER BOARD E50UG HEX - MIKROTIK,48366,CÉSAR,USO E CONSUMO,-,PAUTA,1,2026-07-24 00:00:00,2026-07-29 00:00:00,,,,,True,,,,,,,,,,,,
JULHO_L536,JULHO,Julho,536,2026-07-21 00:00:00,926891,100.0,149.9,14990.0,"MONITOR LED 20"" ENTERPRISE CORP 20WEV-KAN 75HZ PRETO",61152,YHAN,CASADA,-,POWERPC,1,2026-07-21 00:00:00,2026-07-22 00:00:00,,,,,True,,,,,,,,,,,,
JULHO_L537,JULHO,Julho,537,2026-07-21 00:00:00,230173,1500.0,78.0,117000.0,PLACA MAE - H61 - LGA 1155 - DDR3 - 1000MBPS - PLM2300,H61,GUILHERME,CASADA,SUFRAMA,HAYOM,1,2026-07-27 00:00:00,2026-07-29 00:00:00,,,,,True,,,,,,,,,,,,
JULHO_L538,JULHO,Julho,538,2026-07-21 00:00:00,-,11.0,1491.3,16404.3,"ALL IN ONE 7013 CONCÓRDIA I3 10105, 8GB, 256 SSD, WIFI",55582,CÉSAR,LICITAÇÃO,TRIANGULAÇÃO,CONCÓRDIA,1,2026-07-26 00:00:00,2026-07-27 00:00:00,2026-07-21 00:00:00,,,,False,,,,,,,,,,,,
JULHO_L539,JULHO,Julho,539,2026-07-21 00:00:00,-,9.0,1491.3,13421.7,"ALL IN ONE 7013 CONCÓRDIA I3 10105, 8GB, 256 SSD, WIFI",55273,CÉSAR,LICITAÇÃO,TRIANGULAÇÃO,CONCÓRDIA,1,2026-07-26 00:00:00,2026-07-27 00:00:00,2026-07-21 00:00:00,,,,False,,,,,,,,,,,,
JULHO_L540,JULHO,Julho,540,2026-07-21 00:00:00,-,3.0,1491.3,4473.9,"ALL IN ONE 7013 CONCÓRDIA I3 10105, 8GB, 256 SSD, WIFI, PRETO",55392,CÉSAR,LICITAÇÃO,TRIANGULAÇÃO,CONCÓRDIA,1,2026-07-26 00:00:00,2026-07-27 00:00:00,2026-07-21 00:00:00,,,,False,,,,,,,,,,,,
JULHO_L541,JULHO,Julho,541,2026-07-21 00:00:00,-,46.0,367.5,16905.0,ANTIVIRUS MCAFEE 1 PC LICENÇA FULL 1 ANO MAB11BNR1 - CONCÓRDIA,48683,CÉSAR,LICITAÇÃO,TRIANGULAÇÃO,CONCÓRDIA,1,2026-07-26 00:00:00,2026-07-27 00:00:00,2026-07-21 00:00:00,,,,False,,,,,,,,,,,,
JULHO_L542,JULHO,Julho,542,2026-07-21 00:00:00,-,120.0,15.28,1833.6,LIMPA CONTATO,W-MAS,ISAAC,ESTOQUE,-,WURTH,1,2026-07-21 00:00:00,2026-07-23 00:00:00,,,,,False,,,,,,,,,,,,
JULHO_L543,JULHO,Julho,543,2026-07-22 00:00:00,725348,200.0,20.4,4080.0,MOUSE LED COM FIO RESOLUÇÃO 800/1200/1600 CABO1.2M,KA-642,GUILHERME,CASADA,-,KAPBOM,31,2026-07-22 00:00:00,2026-07-22 00:00:00,,,,,True,,,,,,,,,,,,
JULHO_L544,JULHO,Julho,544,2026-07-22 00:00:00,51288,8.0,580.0,4640.0,SSD 1TB MACROVIP,HD SSD,GUILHERME,CASADA,-,JANICE,31,2026-07-22 00:00:00,2026-07-22 00:00:00,,,,,True,,,,,,,,,,,,
JULHO_L545,JULHO,Julho,545,2026-07-22 00:00:00,51297,30.0,600.0,18000.0,SSD 1TB GENERICO,HD SSD,GUILHERME,CASADA,-,JANICE,31,2026-07-22 00:00:00,2026-07-22 00:00:00,,,,,True,,,,,,,,,,,,
JULHO_L546,JULHO,Julho,546,2026-07-22 00:00:00,251411,200.0,40.0,8000.0,LICENÇA ETIQUETA WINDOWS 11 PRO 64BITS FQC-10520,-,GLEY,LICITAÇÃO,-,AFOX,1,2026-07-27 00:00:00,2026-07-27 00:00:00,2026-07-22 00:00:00,,,,False,,,,,,,,,,,,
JULHO_L547,JULHO,Julho,547,2026-07-22 00:00:00,-,1.0,65.47,65.47,TONER COMPATÍVEL TI-410X 6K P3010 M7200 600P M6700D PRETO,-,CÉSAR,USO E CONSUMO,-,MERCADO LIVRE,1,ATRASADO,,,,,,False,,,,,,,,,,,,
JULHO_L548,JULHO,Julho,548,2026-07-22 00:00:00,132247,3.0,1106.94,3320.82,MULTIFUNCIONAL EPSON ECOTANK L3250,40402,CÉSAR,LICITAÇÃO,-,PAUTA,1,2026-07-27 00:00:00,2026-07-23 00:00:00,,,,,False,,,,,,,,,,,,
JULHO_L549,JULHO,Julho,549,2026-07-23 00:00:00,15262,1500.0,2.16,3240.0,CABO USB X TYPE-C,OR-C017/C,GUILHERME,CASADA,-,KNUP,31,2026-07-22 00:00:00,2026-07-23 00:00:00,,,,,True,,,,,,,,,,,,
JULHO_L550,JULHO,Julho,550,2026-07-23 00:00:00,15262,900.0,1.8,1620.0,CABO USB X LIGHTNING,OR-C017/L,GUILHERME,CASADA,-,KNUP,1,2026-07-22 00:00:00,2026-07-23 00:00:00,,,,,True,,,,,,,,,,,,
JULHO_L551,JULHO,Julho,551,2026-07-23 00:00:00,1048,30.0,152.0,4560.0,"MONITOR AX20""","AX20""",GUILHERME,CASADA,-,HAOQING,31,2026-07-23 00:00:00,2026-07-23 00:00:00,,,,,True,,,,,,,,,,,,
JULHO_L552,JULHO,Julho,552,2026-07-23 00:00:00,00698,1.0,204.0,204.0,LUMINÁRIA DE TETO LED ,HWS-LCD3146-B,OSMAR,CASADA,-,NEXARA,31,2026-07-24 00:00:00,2026-07-27 00:00:00,,,,,True,,,,,,,,,,,,
JULHO_L553,JULHO,Julho,553,2026-07-23 00:00:00,00698,1.0,204.0,204.0,LUMINÁRIA DE TETO LED ,XD-04,OSMAR,CASADA,-,NEXARA,31,2026-07-24 00:00:00,2026-07-28 00:00:00,,,,,True,,,,,,,,,,,,
JULHO_L554,JULHO,Julho,554,2026-07-23 00:00:00,00698,4.0,204.0,816.0,LUMINÁRIA DE TETO LED ,HWS-LCD3146-B,GUSTAVO,NINJA,-,NEXARA,31,2026-07-24 00:00:00,2026-07-27 00:00:00,,,,,True,,,,,,,,,,,,
JULHO_L555,JULHO,Julho,555,2026-07-23 00:00:00,00698,4.0,204.0,816.0,LUMINÁRIA DE TETO LED ,XD-04,GUSTAVO,NINJA,-,NEXARA,31,2026-07-24 00:00:00,2026-07-28 00:00:00,,,,,True,,,,,,,,,,,,
JULHO_L556,JULHO,Julho,556,2026-07-23 00:00:00,08175,6.0,112.5,675.0,GABINETE ATX RGB COM COOLERS,AGP-A31150C,GUILHERME,CASADA,-,DELTA,1,2026-07-23 00:00:00,2026-07-23 00:00:00,,,,,True,,,,,,,,,,,,
JULHO_L557,JULHO,Julho,557,2026-07-23 00:00:00,1049,12.0,180.0,2160.0,"MONITOR AX22""","AX22""",GUILHERME,CASADA,-,HAOQING,31,2026-07-23 00:00:00,2026-07-23 00:00:00,,,,,True,,,,,,,,,,,,
JULHO_L558,JULHO,Julho,558,2026-07-23 00:00:00,1049,50.0,180.0,9000.0,"MONITOR AX22""","AX22""",GLEY,LICITAÇÃO,-,HAOQING,31,2026-07-27 00:00:00,2026-07-27 00:00:00,,,,,True,,,,,,,,,,,,
JULHO_L559,JULHO,Julho,559,2026-07-23 00:00:00,24654,24.0,13.9,333.6,FITA AMARELA 300M,BOM-1339,GUSTAVO,NINJA,-,BOMVINK,1,2026-07-24 00:00:00,2026-07-28 00:00:00,,,,,True,,,,,,,,,,,,
JULHO_L560,JULHO,Julho,560,2026-07-23 00:00:00,24654,20.0,53.9,1078.0,TRIPE DE NIVEL 1.5M,BOM-6805,GUSTAVO,NINJA,-,BOMVINK,1,2026-07-24 00:00:00,2026-07-28 00:00:00,,,,,True,,,,,,,,,,,,
JULHO_L561,JULHO,Julho,561,2026-07-23 00:00:00,24615,200.0,12.9,2580.0,"VALVULA DE ESCOAMENTO PARA LAVATORIO 7/8"" SEM LADAO",BOM-2356,OSMAR,CASADA,-,BOMVINK,1,2026-07-24 00:00:00,2026-07-28 00:00:00,,,,,True,,,,,,,,,,,,
JULHO_L562,JULHO,Julho,562,2026-07-23 00:00:00,24598,50.0,5.99,299.5,FORMAO SDS PLUS 14MM*250MM,BOM-1252,OSMAR,REPRESENTANTE,J. BATISTA,BOMVINK,1,2026-07-24 00:00:00,2026-07-27 00:00:00,,,,,True,,,,,,,,,,,,
JULHO_L563,JULHO,Julho,563,2026-07-23 00:00:00,24598,100.0,8.99,899.0,MACARICO PORTIL CULINARIA 1300C,BOM-1540,OSMAR,REPRESENTANTE,J. BATISTA,BOMVINK,1,2026-07-24 00:00:00,2026-07-27 00:00:00,,,,,True,,,,,,,,,,,,
JULHO_L564,JULHO,Julho,564,2026-07-23 00:00:00,24598,10.0,43.9,439.0,MACACO MECANICO MANUAL 2T 95-387MM,BOM-1543,OSMAR,REPRESENTANTE,J. BATISTA,BOMVINK,1,2026-07-24 00:00:00,2026-07-27 00:00:00,,,,,True,,,,,,,,,,,,
JULHO_L565,JULHO,Julho,565,2026-07-23 00:00:00,24598,50.0,13.9,695.0,KIT DE ADAPTADORES PARA MANDRIL E FURADEIRA DE IMPACTO 4PÇS,BOM-5026,OSMAR,REPRESENTANTE,J. BATISTA,BOMVINK,1,2026-07-24 00:00:00,2026-07-27 00:00:00,,,,,True,,,,,,,,,,,,
JULHO_L566,JULHO,Julho,566,2026-07-23 00:00:00,24598,20.0,25.9,518.0,"SACA ROLAMENTO DE 3 GARRAS 6""",BOM-5928,OSMAR,REPRESENTANTE,J. BATISTA,BOMVINK,1,2026-07-24 00:00:00,2026-07-27 00:00:00,,,,,True,,,,,,,,,,,,
JULHO_L567,JULHO,Julho,567,2026-07-23 00:00:00,24598,100.0,6.99,699.0,GATILHO PARA DUCHA HIGIENICA 1/2,BOM-2174,OSMAR,REPRESENTANTE,J. BATISTA,BOMVINK,1,2026-07-24 00:00:00,2026-07-27 00:00:00,,,,,True,,,,,,,,,,,,
JULHO_L568,JULHO,Julho,568,2026-07-23 00:00:00,24598,10.0,129.9,1299.0,LAVADORA DE PRESSAO PORTATIL A BATERIA ,BOM-7001,OSMAR,REPRESENTANTE,J. BATISTA,BOMVINK,1,2026-07-24 00:00:00,2026-07-27 00:00:00,,,,,True,,,,,,,,,,,,
JULHO_L569,JULHO,Julho,569,2026-07-23 00:00:00,17314,2000.0,159.0,318000.0,SSD 240GB,SSD 240GB,YHAN,ESTOQUE,-,MASTER DRIVE,1,2026-07-19 00:00:00,2026-07-20 00:00:00,,,,,False,,,,,,,,,,,,
JULHO_L570,JULHO,Julho,570,2026-07-23 00:00:00,15285,120.0,243.0,29160.0,PLACA DE VÍDEO GT730 - 4GB,G-GT730/4G,CÉSAR,LICITAÇÃO,-,KNUP,1,2026-07-23 00:00:00,2026-07-24 00:00:00,,,,,True,,,,,,,,,,,,
JULHO_L571,JULHO,Julho,571,2026-07-23 00:00:00,-,1.0,310.0,310.0,FIRE TV STICK 4K MAX 16GB WIFI 6E,-,PATRICIA,CASADA,-,LENA WJR,31,2026-07-23 00:00:00,2026-07-24 00:00:00,,,,,True,,,,,,,,,,,,
JULHO_L572,JULHO,Julho,572,2026-07-23 00:00:00,-,10.0,290.0,2900.0,SSD SATA 240GB PATRIOT,-,YHAN,CASADA,-,LENA WJR,31,2026-07-23 00:00:00,2026-07-24 00:00:00,,,,,False,,,,,,,,,,,,
JULHO_L573,JULHO,Julho,573,2026-07-23 00:00:00,-,1.0,1000.0,1000.0,SSD SATA 1.92GB PATRIOT,-,YHAN,CASADA,-,LENA WJR,31,2026-07-23 00:00:00,2026-07-24 00:00:00,,,,,False,,,,,,,,,,,,
JULHO_L574,JULHO,Julho,574,2026-07-23 00:00:00,-,60.0,440.44,26426.4,SSD NVME 500GB LEXAR NM610 PRO,-,ISAAC,CASADA,-,PARAGUAI,31,ATRASADO,2026-08-13 00:00:00,2026-07-24 00:00:00,,,,False,,,,,,,,,,,,
JULHO_L575,JULHO,Julho,575,2026-07-23 00:00:00,-,40.0,440.44,17617.6,SSD NVME 500GB LEXAR NM610 PRO,-,YHAN,CASADA,-,PARAGUAI,31,ATRASADO,2026-08-13 00:00:00,2026-07-24 00:00:00,,,,False,,,,,,,,,,,,
JULHO_L576,JULHO,Julho,576,2026-07-24 00:00:00,24789,1.0,17.99,17.99,LANTERNA DE TRABALHO RECARREGAVEL COM BASE MAGNETICA ,BOM-4236,OSMAR,CASADA,-,BOMVINK,31,2026-07-24 00:00:00,2026-07-28 00:00:00,,,,,True,,,,,,,,,,,,
JULHO_L577,JULHO,Julho,577,2026-07-24 00:00:00,24789,99.0,17.99,1781.01,LANTERNA DE TRABALHO RECARREGAVEL COM BASE MAGNETICA ,BOM-4236,OSMAR,ESTOQUE,-,BOMVINK,31,2026-07-24 00:00:00,2026-07-28 00:00:00,,,,,True,,,,,,,,,,,,
JULHO_L578,JULHO,Julho,578,2026-07-24 00:00:00,24788,8.0,239.9,1919.2,AUXILIAR DE PARTIDA E COMPRESSOR PORTATIL VEICULAR,BOM-8910,OSMAR,ESTOQUE,-,BOMVINK,1,2026-07-24 00:00:00,2026-07-28 00:00:00,,,,,True,,,,,,,,,,,,
JULHO_L579,JULHO,Julho,579,2026-07-24 00:00:00,082026,20.0,306.0,6120.0,PLACA MÃE B450M2K,DELTA-B450M2K,GUILHERME,CASADA,-,DELTA,1,2026-07-24 00:00:00,2026-07-24 00:00:00,,,,,True,,,,,,,,,,,,
JULHO_L580,JULHO,Julho,580,2026-07-24 00:00:00,03617,8.0,360.0,2880.0,GABINETE GAMER,D-ATX09,GUILHERME,CASADA,-,GRASEP,31,2026-07-24 00:00:00,2026-07-24 00:00:00,,,,,True,,,,,,,,,,,,
JULHO_L581,JULHO,Julho,581,2026-07-24 00:00:00,03617,4.0,290.0,1160.0,GABINETE GAMER,D-MATX10,GUILHERME,CASADA,-,GRASEP,31,2026-07-24 00:00:00,2026-07-24 00:00:00,,,,,True,,,,,,,,,,,,
JULHO_L582,JULHO,Julho,582,2026-07-24 00:00:00,15474,60.0,285.0,17100.0,PLACA MÃE H511 LGA1200,G-H511,GUILHERME,ESTOQUE,-,KNUP,1,2026-07-29 00:00:00,2026-07-30 00:00:00,,,,,False,,,,,,,,,,,,
JULHO_L583,JULHO,Julho,583,2026-07-24 00:00:00,15475,50.0,24.3,1215.0,SWITCH HUB 8 PORTAS ,KP-E08B,GLEY,LICITAÇÃO,-,KNUP,1,2026-07-27 00:00:00,2026-07-29 00:00:00,,,,,True,,,,,,,,,,,,
JULHO_L584,JULHO,Julho,584,2026-07-24 00:00:00,15476,20.0,330.0,6600.0,PLACA MÃE H610 PC,G-H610,GUILHERME,CASADA,-,KNUP,1,2026-07-24 00:00:00,2026-07-24 00:00:00,,,,,True,,,,,,,,,,,,
JULHO_L585,JULHO,Julho,585,2026-07-24 00:00:00,15477,40.0,140.0,5600.0,PLACA DE VÍDEO GT705 PC (2GB/64BIT),GT705/2G,GUILHERME,CASADA,-,KNUP,1,2026-07-24 00:00:00,2026-07-24 00:00:00,,,,,True,,,,,,,,,,,,
JULHO_L586,JULHO,Julho,586,2026-07-24 00:00:00,08218,100.0,85.5,8550.0,FONTE PC AUTOMATICO 500W,DELTA-EF500,ISAAC,ESTOQUE,-,DELTA,1,2026-07-29 00:00:00,2026-07-30 00:00:00,,,,,False,,,,,,,,,,,,
JULHO_L587,JULHO,Julho,587,2026-07-24 00:00:00,24889,10.0,79.9,799.0,ESMERILHADEIRA ANGULAR 710W 220V,BOM-9546,YHAN,CASADA,-,BOMVINK,31,2026-07-24 00:00:00,,,,,,False,,,,,,,,,,,,
JULHO_L588,JULHO,Julho,588,2026-07-24 00:00:00,24889,6.0,139.9,839.4,SERRA MÁRMORE 1200W 110V,BOM-9549,YHAN,CASADA,-,BOMVINK,31,2026-07-24 00:00:00,,,,,,False,,,,,,,,,,,,
JULHO_L589,JULHO,Julho,589,2026-07-24 00:00:00,24889,10.0,89.9,899.0,SERRA TICO TICO 550W 110V,BOM-9667,YHAN,CASADA,-,BOMVINK,31,2026-07-24 00:00:00,,,,,,False,,,,,,,,,,,,
JULHO_L590,JULHO,Julho,590,2026-07-24 00:00:00,24889,10.0,79.9,799.0,SERRA TICO TICO 550W 220V,BOM-9668,YHAN,CASADA,-,BOMVINK,31,2026-07-24 00:00:00,,,,,,False,,,,,,,,,,,,
JULHO_L591,JULHO,Julho,591,2026-07-24 00:00:00,24889,20.0,119.9,2398.0,"MINI MOTOSSERRA PORTATIL A BATERIA 4""",BOM-9101,YHAN,CASADA,-,BOMVINK,31,2026-07-24 00:00:00,,,,,,False,,,,,,,,,,,,
JULHO_L592,JULHO,Julho,592,2026-07-24 00:00:00,24889,1.0,379.9,379.9,"MOTOSSERRA A GASOLINA 58CC 20""",BOM-9203,YHAN,CASADA,-,BOMVINK,31,2026-07-24 00:00:00,,,,,,False,,,,,,,,,,,,
JULHO_L593,JULHO,Julho,593,2026-07-24 00:00:00,9072,6.0,1660.0,9960.0,i7 - 12700,i7-12700,CÉSAR,LICITAÇÃO,-,CPU MASTER,31,2026-07-28 00:00:00,2026-07-30 00:00:00,,,,,False,,,,,,,,,,,,
JULHO_L594,JULHO,Julho,594,2026-07-24 00:00:00,9072,9.0,1660.0,14940.0,i7 - 12700K,i7-12700K,CÉSAR,LICITAÇÃO,-,CPU MASTER,31,2026-07-28 00:00:00,2026-07-30 00:00:00,,,,,False,,,,,,,,,,,,
JULHO_L595,JULHO,Julho,595,2026-07-24 00:00:00,10400636,50.0,529.9,26495.0,PROCESSADOR AMD RYZEN 5 5500 3.6 GHZ (4.2 GHZ) 6 NUCLEOS 19MB AM4 COM COOLER,79117,CÉSAR,LICITAÇÃO,-,MAZER,1,2026-07-24 00:00:00,2026-08-03 00:00:00,,,,,False,,,,,,,,,,,,
JULHO_L596,JULHO,Julho,596,2026-07-27 00:00:00,10416478,50.0,529.9,26495.0,PROCESSADOR AMD RYZEN 5 5500 3.6 GHZ (4.2 GHZ) 6 NUCLEOS 19MB AM4 COM COOLER,79117,CÉSAR,LICITAÇÃO,-,MAZER,1,2026-07-27 00:00:00,2026-08-03 00:00:00,,,,,False,,,,,,,,,,,,
JULHO_L597,JULHO,Julho,597,2026-07-27 00:00:00,44016/1,3.0,45.0,135.0,FITA COB IP20 127V ROLO 10M 127 V SEM FONTE BQ,-,PATRICIA,CASADA,-,JKTC (LED),31,2026-08-03 00:00:00,2026-08-04 00:00:00,,,,,False,,,,,,,,,,,,
JULHO_L598,JULHO,Julho,598,2026-07-27 00:00:00,44016/1,1.0,45.0,45.0,FITA COB IP20 127V ROLO 10M 127 V SEM FONTE BQ,-,PATRICIA,SHOWROOM,-,JKTC (LED),31,2026-08-03 00:00:00,2026-08-04 00:00:00,,,,,False,,,,,,,,,,,,
JULHO_L599,JULHO,Julho,599,2026-07-27 00:00:00,2434,12.0,73.9,886.8,HD 500GB US PC,-,ISAAC,CASADA,-,AMANDA (CRIATIVA),31,2026-08-03 00:00:00,2026-08-04 00:00:00,,,,,False,,,,,,,,,,,,
JULHO_L600,JULHO,Julho,600,2026-07-27 00:00:00,2434,1.0,225.0,225.0,HD 1TB US PC,-,ISAAC,CASADA,-,AMANDA (CRIATIVA),31,2026-08-03 00:00:00,2026-08-04 00:00:00,,,,,False,,,,,,,,,,,,
JULHO_L601,JULHO,Julho,601,2026-07-27 00:00:00,15682,100.0,285.0,28500.0,PLACA MÃE H511 LGA1200,G-H511,YHAN,CASADA,-,KNUP,31,2026-07-28 00:00:00,2026-07-30 00:00:00,,,,,False,,,,,,,,,,,,
JULHO_L602,JULHO,Julho,602,2026-07-27 00:00:00,15684,20.0,330.0,6600.0,PLACA MÃE B550,G-B550,ISAAC,CASADA,-,KNUP,31,2026-07-28 00:00:00,2026-07-30 00:00:00,,,,,False,,,,,,,,,,,,
JULHO_L603,JULHO,Julho,603,2026-07-27 00:00:00,25190,10.0,189.9,1899.0,CHAVE DE IMPACTO 21V,BOM-9966,ISAAC,CASADA,-,BOMVINK,1,2026-07-30 00:00:00,2026-07-31 00:00:00,,,,,False,,,,,,,,,,,,
JULHO_L604,JULHO,Julho,604,2026-07-28 00:00:00,18718,12.0,55.8,669.6,PIPOQUEIRA 127V,MZ-117A,LARA,SHOWROOM,-,TOMATE,1,2026-08-03 00:00:00,2026-08-04 00:00:00,,,,,False,,,,,,,,,,,,
JULHO_L605,JULHO,Julho,605,2026-07-28 00:00:00,15784,100.0,41.0,4100.0,PLACA T118 PCI-EXPRESS PARA REDE SEM FIO,KP-T118,GUILHERME,CASADA,-,KNUP,31,2026-07-28 00:00:00,2026-07-28 00:00:00,,,,,True,,,,,,,,,,,,
JULHO_L606,JULHO,Julho,606,2026-07-28 00:00:00,1050,100.0,18.0,1800.0,ADAPTADOR WIFI+BLUETOOTH USB HQ,-,GUILHERME,CASADA,-,HAOQING,31,2026-07-28 00:00:00,2026-07-28 00:00:00,,,,,True,,,,,,,,,,,,
JULHO_L607,JULHO,Julho,607,2026-07-28 00:00:00,-,100.0,31.0,3100.0,LICENÇA WINDOWS 11 PRO SELO  ,-,GUILHERME,CASADA,-,ALESSANDRA,1,2026-07-29 00:00:00,2026-07-30 00:00:00,,,,,True,,,,,,,,,,,,
JULHO_L608,JULHO,Julho,608,2026-07-28 00:00:00,03658,21.0,3600.0,75600.0,MÁQUINA AUTOMATICA PARA PROCESSAMENTO DE DADOS,A24E99-05,GLEY,LICITAÇÃO,-,GRASEP,31,2026-08-03 00:00:00,2026-08-04 00:00:00,,,,,False,,,,,,,,,,,,
JULHO_L609,JULHO,Julho,609,2026-07-28 00:00:00,15815,100.0,285.0,28500.0,PLACA MÃE H511 LGA1200,G-H511,ISAAC,CASADA,-,KNUP,31,2026-07-30 00:00:00,2026-07-31 00:00:00,,,,,False,,,,,,,,,,,,
JULHO_L610,JULHO,Julho,610,2026-07-28 00:00:00,25222,240.0,9.9,2376.0,MANDRIL C/ CHAVE 3/8*24F ROSCA,BOM-5017,GUSTAVO,NINJA,-,BOMVINK,1,2026-07-30 00:00:00,,,,,,False,,,,,,,,,,,,
JULHO_L611,JULHO,Julho,611,2026-07-28 00:00:00,25222,100.0,39.9,3990.0,LUMINÁRIA JARDIM COM PLACA SOLAR ESPETO (1PCT=6PCS),BOM-4601,GUSTAVO,NINJA,-,BOMVINK,1,2026-07-30 00:00:00,,,,,,False,,,,,,,,,,,,
JULHO_L612,JULHO,Julho,612,2026-07-28 00:00:00,25222,240.0,7.99,1917.6,LANTERNA DE CABECA COB RECARREGAVEL USB ,BOM-4005,GUSTAVO,NINJA,-,BOMVINK,1,2026-07-30 00:00:00,,,,,,False,,,,,,,,,,,,
JULHO_L613,JULHO,Julho,613,2026-07-28 00:00:00,25222,50.0,89.9,4495.0,TRENA FITA MÉTRICA DIGITAL COM NÍVEL A LASER,BOM-6543,GUSTAVO,NINJA,-,BOMVINK,1,2026-07-30 00:00:00,,,,,,False,,,,,,,,,,,,
JULHO_L614,JULHO,Julho,614,2026-07-28 00:00:00,15782,100.0,36.9,3690.0,CASE SATA HD (3.5),KP-HD002,GUSTAVO,NINJA,-,KNUP,1,2026-07-28 00:00:00,,,,,,False,,,,,,,,,,,,
JULHO_L615,JULHO,Julho,615,2026-07-28 00:00:00,15782,60.0,49.5,2970.0,UNIDADE DE CONVERSÃO DE SINAIS USB 3.0 (3.5),KP-HD004,GUSTAVO,NINJA,-,KNUP,1,2026-07-28 00:00:00,,,,,,False,,,,,,,,,,,,
JULHO_L616,JULHO,Julho,616,2026-07-28 00:00:00,15782,100.0,14.4,1440.0,UNIDADE DE CONVERSÃO DE SINAIS USB 3.0 (2.5),KP-HD003,GUSTAVO,NINJA,-,KNUP,1,2026-07-28 00:00:00,,,,,,False,,,,,,,,,,,,
JULHO_L617,JULHO,Julho,617,2026-07-28 00:00:00,00723,20.0,50.85,1017.0,LUMINÁRIA DE PAREDE,HF-BD0017,SÁVIO,ESTOQUE,REPRESENTANTE JOÃO B. FICARÁ COM 4 UNIDADES,NEXARA,31,2026-08-05 00:00:00,2026-08-07 00:00:00,,,,,False,,,,,,,,,,,,
JULHO_L618,JULHO,Julho,618,2026-07-28 00:00:00,00723,20.0,55.8,1116.0,LUMINÁRIA DE PAREDE,HF-BD0027,SÁVIO,ESTOQUE,REPRESENTANTE JOÃO B. FICARÁ COM 4 UNIDADES,NEXARA,31,2026-08-05 00:00:00,,,,,,False,,,,,,,,,,,,
JULHO_L619,JULHO,Julho,619,2026-07-28 00:00:00,00723,20.0,56.7,1134.0,LUMINÁRIA DE PAREDE,HF-BD0003,SÁVIO,ESTOQUE,REPRESENTANTE JOÃO B. FICARÁ COM 4 UNIDADES,NEXARA,31,2026-08-05 00:00:00,,,,,,False,,,,,,,,,,,,
JULHO_L620,JULHO,Julho,620,2026-07-28 00:00:00,00723,30.0,48.6,1458.0,LUMINÁRIA DE PAREDE,HF-BD0016,SÁVIO,ESTOQUE,REPRESENTANTE JOÃO B. FICARÁ COM 4 UNIDADES,NEXARA,31,2026-08-05 00:00:00,,,,,,False,,,,,,,,,,,,
JULHO_L621,JULHO,Julho,621,2026-07-28 00:00:00,00723,30.0,49.5,1485.0,LUMINÁRIA DE PAREDE,HF-BD0021,SÁVIO,ESTOQUE,REPRESENTANTE JOÃO B. FICARÁ COM 4 UNIDADES,NEXARA,31,2026-08-05 00:00:00,,,,,,False,,,,,,,,,,,,
JULHO_L622,JULHO,Julho,622,2026-07-28 00:00:00,00723,20.0,51.3,1026.0,LUMINÁRIA DE PAREDE,HF-BD0007,SÁVIO,ESTOQUE,REPRESENTANTE JOÃO B. FICARÁ COM 4 UNIDADES,NEXARA,31,2026-08-05 00:00:00,,,,,,False,,,,,,,,,,,,
JULHO_L623,JULHO,Julho,623,2026-07-28 00:00:00,00723,20.0,37.35,747.0,LUMINÁRIA DE PAREDE,HF-BD0001,SÁVIO,ESTOQUE,REPRESENTANTE JOÃO B. FICARÁ COM 4 UNIDADES,NEXARA,31,2026-08-05 00:00:00,,,,,,False,,,,,,,,,,,,
JULHO_L624,JULHO,Julho,624,2026-07-28 00:00:00,25354,120.0,6.99,838.8,KIT SACA PARAFUSOS 5PÇS,BOM-5203,OSMAR,CASADA,-,BOMVINK,1,2026-07-29 00:00:00,2026-07-31 00:00:00,,,,,False,,,,,,,,,,,,
JULHO_L625,JULHO,Julho,625,2026-07-28 00:00:00,25354,100.0,13.99,1399.0,JOGO DE 3 BROCA ESCALONADA,BOM-5020,OSMAR,CASADA,-,BOMVINK,1,2026-07-29 00:00:00,2026-07-31 00:00:00,,,,,False,,,,,,,,,,,,
JULHO_L626,JULHO,Julho,626,2026-07-29 00:00:00,15906,20.0,285.0,5700.0,PLACA MÃE H511 LGA1200,G-H511,GUILHERME,CASADA,-,KNUP,31,2026-07-29 00:00:00,2026-07-29 00:00:00,,,,,True,,,,,,,,,,,,
JULHO_L627,JULHO,Julho,627,2026-07-28 00:00:00,808014,1000.0,2.8,2800.0,MOUSE PAD,KAP-1001,YHAN,ESTOQUE,-,KAPBOM,1,2026-08-03 00:00:00,2026-08-04 00:00:00,,,,,False,,,,,,,,,,,,
JULHO_L628,JULHO,Julho,628,2026-07-29 00:00:00,25471,15.0,149.99,2249.85,LAVADORA DE PRESSAO PORTATIL 21V,BOM-7006,YHAN,CASADA,-,BOMVINK,31,2026-07-29 00:00:00,,,,,,False,,,,,,,,,,,,
JULHO_L629,JULHO,Julho,629,2026-07-29 00:00:00,1039,200.0,92.0,18400.0,i5 - 4590,i5-4590,GUSTAVO,NINJA,-,GB IMPORTS,31,2026-07-29 00:00:00,2026-07-30 00:00:00,,,,,False,,,,,,,,,,,,
JULHO_L630,JULHO,Julho,630,2026-07-28 00:00:00,25497,4.0,279.9,1119.6,"MOTOSSERRA ELETRIC DE 12""",BOM-9104,SÁVIO,REPRESENTANTE,J. BATISTA,BOMVINK,1,2026-07-29 00:00:00,2026-07-31 00:00:00,,,,,False,,,,,,,,,,,,
JULHO_L631,JULHO,Julho,631,2026-07-28 00:00:00,25497,20.0,159.9,3198.0,AUXILIAR DE PARTIDA E COMPRESSOR PORTATIL VEICULAR,BOM-8923,SÁVIO,REPRESENTANTE,J. BATISTA,BOMVINK,1,2026-07-29 00:00:00,2026-07-31 00:00:00,,,,,False,,,,,,,,,,,,
JULHO_L632,JULHO,Julho,632,2026-07-29 00:00:00,08421,400.0,12.6,5040.0,CAMERA DE RÉ 30W,ACR-031,OSMAR,CASADA,-,AITEK,1,2026-07-29 00:00:00,2026-08-03 00:00:00,,,,,False,,,,,,,,,,,,
JULHO_L633,JULHO,Julho,633,2026-07-29 00:00:00,78,500.0,230.0,115000.0,DDR4 8GB 3200MHZ,DDR4 8GB,ISAAC,ESTOQUE,-,GB IMPORTS,31,2026-08-03 00:00:00,2026-08-04 00:00:00,,,,,False,,,,,,,,,,,,
JULHO_L634,JULHO,Julho,634,2026-07-28 00:00:00,15964,20.0,285.0,5700.0,PLACA MÃE H511 LGA1200,G-H511,GUILHERME,CASADA,-,KNUP,31,2026-07-30 00:00:00,2026-07-30 00:00:00,,,,,True,,,,,,,,,,,,
JULHO_L635,JULHO,Julho,635,2026-07-29 00:00:00,1062,95.0,30.0,2850.0,i3 - 3220 DUAL-CORE 3.3GHZ LGA 1155,i3-3220,ISAAC,CASADA,-,GILCEMAR,31,2026-07-30 00:00:00,2026-08-04 00:00:00,2026-07-30 00:00:00,,,,False,,,,,,,,,,,,
JULHO_L636,JULHO,Julho,636,2026-07-29 00:00:00,1062,23.0,143.0,3289.0,i3 - 8100,i3-8100,ISAAC,CASADA,-,GILCEMAR,31,2026-07-30 00:00:00,2026-08-04 00:00:00,2026-07-30 00:00:00,,,,False,,,,,,,,,,,,
JULHO_L637,JULHO,Julho,637,2026-07-29 00:00:00,1062,112.0,329.0,36848.0,i5 - 8500 DESKTOP ,i5-8500,ISAAC,CASADA,-,GILCEMAR,31,2026-07-30 00:00:00,2026-08-04 00:00:00,2026-07-30 00:00:00,,,,False,,,,,,,,,,,,
JULHO_L638,JULHO,Julho,638,2026-07-29 00:00:00,1062,44.0,289.0,12716.0,i7 - 4790 QUAD CORE 3.4GHZ LGA 1150,i7-4790,ISAAC,CASADA,-,GILCEMAR,31,2026-07-30 00:00:00,2026-08-04 00:00:00,2026-07-30 00:00:00,,,,False,,,,,,,,,,,,
JULHO_L639,JULHO,Julho,639,2026-07-29 00:00:00,077498,7.0,35.0,245.0,i3 - 3220 INTEL CORE,i3-3220,ISAAC,CASADA,-,JANICE,31,2026-07-30 00:00:00,2026-08-04 00:00:00,,,,,False,,,,,,,,,,,,
JULHO_L640,JULHO,Julho,640,2026-07-29 00:00:00,077498,70.0,140.0,9800.0,i3 - 8100 INTEL CORE LGA 1151,i3-8100,ISAAC,CASADA,-,JANICE,31,2026-07-30 00:00:00,2026-08-04 00:00:00,,,,,False,,,,,,,,,,,,
JULHO_L641,JULHO,Julho,641,2026-07-29 00:00:00,077498,20.0,350.0,7000.0,i5 - 8500 LGA 1151,i5-8500,ISAAC,CASADA,-,JANICE,31,2026-07-30 00:00:00,2026-08-04 00:00:00,,,,,False,,,,,,,,,,,,
JULHO_L642,JULHO,Julho,642,2026-07-29 00:00:00,077498,80.0,250.0,20000.0,i7 - 6700 LGA 1151,i7-6700,GLEY,LICITAÇÃO,-,JANICE,31,2026-07-30 00:00:00,2026-08-04 00:00:00,,,,,False,,,,,,,,,,,,
JULHO_L643,JULHO,Julho,643,2026-07-29 00:00:00,25530,80.0,17.99,1439.2,ASPIRADOR PORTATIL,BOM-7003,SÁVIO,REPRESENTANTE,J. BATISTA,BOMVINK,1,ATRASADO,,,,,,False,,,,,,,,,,,,
JULHO_L644,JULHO,Julho,644,2026-07-29 00:00:00,25530,50.0,18.9,945.0,PROTETOR ABAFADOR DE RUÍDOS TIPO CONCHA,BOM-7411,SÁVIO,REPRESENTANTE,J. BATISTA,BOMVINK,1,ATRASADO,,,,,,False,,,,,,,,,,,,
JULHO_L645,JULHO,Julho,645,2026-07-29 00:00:00,25530,360.0,2.99,1076.4,"TRINCO FERROLHO REDONDO DE AÇO 4""",BOM-2707,SÁVIO,REPRESENTANTE,J. BATISTA,BOMVINK,1,ATRASADO,,,,,,False,,,,,,,,,,,,
JULHO_L646,JULHO,Julho,646,2026-07-29 00:00:00,25530,48.0,12.9,619.2,"CHAVE AJUSTAVEL 10""",BOM-1286,SÁVIO,REPRESENTANTE,J. BATISTA,BOMVINK,1,ATRASADO,,,,,,False,,,,,,,,,,,,
JULHO_L647,JULHO,Julho,647,2026-07-29 00:00:00,25530,50.0,4.9,245.0,MISTURADOR DE TINTA 60*400MM,BOM-5044,SÁVIO,REPRESENTANTE,J. BATISTA,BOMVINK,1,ATRASADO,,,,,,False,,,,,,,,,,,,
JULHO_L648,JULHO,Julho,648,2026-07-29 00:00:00,08448,10.0,1215.0,12150.0,PLACA DE VÍDEO RX560 XT 6GB DDR6,DELTA-RX560XT,CÉSAR,LICITAÇÃO,-,DELTA,1,2026-07-30 00:00:00,2026-08-03 00:00:00,,,,,False,,,,,,,,,,,,
JULHO_L649,JULHO,Julho,649,2026-07-29 00:00:00,-,1.0,6100.0,6100.0,SCOOTER ELETRICA A4 BRANCO,A4,OSMAR,CASADA,-,PANDA,1,2026-07-31 00:00:00,2026-07-31 00:00:00,2026-07-30 00:00:00,,,,False,,,,,,,,,,,,linha_duplicada_suspeita;
JULHO_L650,JULHO,Julho,650,2026-07-29 00:00:00,-,1.0,6100.0,6100.0,SCOOTER ELETRICA A4 BRANCO,A4,PATRICIA,CASADA,PEDIDO LUCI FUNCIONÁRIA,PANDA,1,2026-07-31 00:00:00,2026-07-31 00:00:00,2026-07-30 00:00:00,,,,False,,,,,,,,,,,,linha_duplicada_suspeita;
JULHO_L651,JULHO,Julho,651,2026-07-29 00:00:00,-,1.0,6100.0,6100.0,SCOOTER ELETRICA A4 BRANCO,A4,LARA,SHOWROOM,-,PANDA,1,2026-07-31 00:00:00,2026-07-31 00:00:00,2026-07-30 00:00:00,,,,False,,,,,,,,,,,,linha_duplicada_suspeita;
JULHO_L652,JULHO,Julho,652,2026-07-28 00:00:00,728026,2.0,880.0,1760.0,CAIXA DE SOM 200W,IMS-X73,YHAN,CASADA,-,IMENSO,31,2026-07-31 00:00:00,2026-08-03 00:00:00,,,,,False,,,,,,,,,,,,
JULHO_L653,JULHO,Julho,653,2026-07-28 00:00:00,728026,20.0,108.0,2160.0,SMARTWATCH ,IMS-757-A,YHAN,CASADA,-,IMENSO,31,2026-07-31 00:00:00,2026-08-03 00:00:00,,,,,False,,,,,,,,,,,,
JULHO_L654,JULHO,Julho,654,2026-07-28 00:00:00,728026,15.0,64.0,960.0,SMARTWATCH LARANJ,IMS-753LAR,YHAN,CASADA,-,IMENSO,31,2026-07-31 00:00:00,2026-08-03 00:00:00,,,,,False,,,,,,,,,,,,
JULHO_L655,JULHO,Julho,655,2026-07-28 00:00:00,728026,25.0,64.0,1600.0,SMARTWATCH PRETO,IMS-753PRE,YHAN,CASADA,-,IMENSO,31,2026-07-31 00:00:00,2026-08-03 00:00:00,,,,,False,,,,,,,,,,,,
JULHO_L656,JULHO,Julho,656,2026-07-28 00:00:00,728026,50.0,64.0,3200.0,SMARTWATCH 3 PULSEIRAS,IMS-751-A,YHAN,CASADA,-,IMENSO,31,2026-07-31 00:00:00,2026-08-03 00:00:00,,,,,False,,,,,,,,,,,,
JULHO_L657,JULHO,Julho,657,2026-07-28 00:00:00,728026,30.0,44.8,1344.0,FONE BLUETOOTH DE GANCHO ,IMS-817-A,YHAN,CASADA,-,IMENSO,31,2026-07-31 00:00:00,2026-08-03 00:00:00,,,,,False,,,,,,,,,,,,linha_duplicada_suspeita;
JULHO_L658,JULHO,Julho,658,2026-07-28 00:00:00,728026,30.0,44.8,1344.0,FONE BLUETOOTH DE GANCHO ,IMS-817-A,YHAN,CASADA,-,IMENSO,31,2026-07-31 00:00:00,2026-08-03 00:00:00,,,,,False,,,,,,,,,,,,linha_duplicada_suspeita;
JULHO_L659,JULHO,Julho,659,2026-07-28 00:00:00,728027,16.0,64.0,1024.0,CAIXA DE SOM 10W,IMS-X03-A,YHAN,CASADA,-,IMENSO,31,2026-07-31 00:00:00,2026-08-03 00:00:00,,,,,False,,,,,,,,,,,,
JULHO_L660,JULHO,Julho,660,2026-07-28 00:00:00,728027,20.0,60.0,1200.0,CAIXA DE SOM 8W,IMS-X22-A,YHAN,CASADA,-,IMENSO,31,2026-07-31 00:00:00,2026-08-03 00:00:00,,,,,False,,,,,,,,,,,,
JULHO_L661,JULHO,Julho,661,2026-07-28 00:00:00,728027,30.0,80.0,2400.0,CAIXA DE SOM 20W,IMS-X05-B,YHAN,CASADA,-,IMENSO,31,2026-07-31 00:00:00,2026-08-03 00:00:00,,,,,False,,,,,,,,,,,,
JULHO_L662,JULHO,Julho,662,2026-07-28 00:00:00,728027,30.0,88.0,2640.0,CAIXA DE SOM Á PROVA D'ÁGUA 20W,IMS-X34-C,YHAN,CASADA,-,IMENSO,31,2026-07-31 00:00:00,2026-08-03 00:00:00,,,,,False,,,,,,,,,,,,
JULHO_L663,JULHO,Julho,663,2026-07-29 00:00:00,16011,20.0,305.0,6100.0,PLACA MÃE H610 PC,G-H610,GUILHERME,CASADA,-,KNUP,31,2026-07-30 00:00:00,2026-07-30 00:00:00,,,,,True,,,,,,,,,,,,
JULHO_L664,JULHO,Julho,664,2026-07-29 00:00:00,16011,20.0,330.0,6600.0,PLACA MÃE B550,G-B550,GUILHERME,CASADA,-,KNUP,31,2026-07-30 00:00:00,2026-07-30 00:00:00,,,,,True,,,,,,,,,,,,
JULHO_L665,JULHO,Julho,665,2026-07-29 00:00:00,18926,100.0,18.0,1800.0,HDMI SPLITER 1X4,MTV-114,YHAN,CASADA,-,TOMATE,1,2026-07-31 00:00:00,2026-08-03 00:00:00,,,,,False,,,,,,,,,,,,
JULHO_L666,JULHO,Julho,666,2026-07-29 00:00:00,18926,400.0,4.41,1764.0,CABO DE REDE CAT6 1GB 28 AWG 2M,MCB-1002,YHAN,CASADA,-,TOMATE,1,2026-07-31 00:00:00,2026-08-03 00:00:00,,,,,False,,,,,,,,,,,,
JULHO_L667,JULHO,Julho,667,2026-07-29 00:00:00,18926,300.0,5.31,1593.0,CABO DE REDE CAT6 1GB 28 AWG 3M,MCB-1003,YHAN,CASADA,-,TOMATE,1,2026-07-31 00:00:00,2026-08-03 00:00:00,,,,,False,,,,,,,,,,,,
JULHO_L668,JULHO,Julho,668,2026-07-29 00:00:00,18926,200.0,6.57,1314.0,CABO DE REDE CAT6 1GB 28 AWG 5M,MCB-1005,YHAN,CASADA,-,TOMATE,1,2026-07-31 00:00:00,2026-08-03 00:00:00,,,,,False,,,,,,,,,,,,
JULHO_L669,JULHO,Julho,669,2026-07-29 00:00:00,18926,70.0,10.8,756.0,CABO DE REDE CAT6 1GB 28 AWG 15M,MCB-1015,YHAN,CASADA,-,TOMATE,1,2026-07-31 00:00:00,2026-08-03 00:00:00,,,,,False,,,,,,,,,,,,
JULHO_L670,JULHO,Julho,670,2026-07-29 00:00:00,18926,60.0,16.2,972.0,CABO DE REDE CAT6 1GB 28 AWG 20M,MCB-1020,YHAN,CASADA,-,TOMATE,1,2026-07-31 00:00:00,2026-08-03 00:00:00,,,,,False,,,,,,,,,,,,
JULHO_L671,JULHO,Julho,671,2026-07-29 00:00:00,18926,40.0,23.4,936.0,CABO DE REDE CAT6 1GB 28 AWG 30M,MCB-1030,YHAN,CASADA,-,TOMATE,1,2026-07-31 00:00:00,2026-08-03 00:00:00,,,,,False,,,,,,,,,,,,
JULHO_L672,JULHO,Julho,672,2026-07-29 00:00:00,18926,40.0,44.1,1764.0,BASE MÓVEL COM VENTOSA,MTG-282,YHAN,CASADA,-,TOMATE,1,2026-07-31 00:00:00,2026-08-03 00:00:00,,,,,False,,,,,,,,,,,,
JULHO_L673,JULHO,Julho,673,2026-07-29 00:00:00,18926,100.0,13.05,1305.0,CONTROLE REMOTO LASER,MCT-105,YHAN,CASADA,-,TOMATE,1,2026-07-31 00:00:00,2026-08-03 00:00:00,,,,,False,,,,,,,,,,,,
JULHO_L674,JULHO,Julho,674,2026-07-30 00:00:00,08461,40.0,342.0,13680.0,PLACA DE VÍDEO GT740 4GB DDR5,DELTA-GT740,ISAAC,CASADA,-,DELTA,1,2026-07-31 00:00:00,2026-08-03 00:00:00,,,,,False,,,,,,,,,,,,
JULHO_L675,JULHO,Julho,675,2026-07-30 00:00:00,08465,799.0,29.92,23906.08,KIT TECLADO E MOUSE GAMER,AKT-G1713,YHAN,CASADA,-,AITEK,1,2026-07-31 00:00:00,2026-08-04 00:00:00,,,,,False,,,,,,,,,,,,
JULHO_L676,JULHO,Julho,676,2026-07-30 00:00:00,08465,415.0,6.16,2556.4,MOUSE GAMER 1000DPI,AMO-61003,YHAN,CASADA,-,AITEK,1,2026-07-31 00:00:00,2026-08-04 00:00:00,,,,,False,,,,,,,,,,,,
JULHO_L677,JULHO,Julho,677,2026-07-30 00:00:00,08465,415.0,22.88,9495.2,TECLADO GAMER,ATE-G107,YHAN,CASADA,-,AITEK,1,2026-07-31 00:00:00,2026-08-04 00:00:00,,,,,False,,,,,,,,,,,,
JULHO_L678,JULHO,Julho,678,2026-07-30 00:00:00,-,3.0,6100.0,18300.0,SCOOTER ELETRICA A4 BRANCO,A4,NETO,SHOWROOM,-,PANDA,1,2026-07-31 00:00:00,,2026-07-30 00:00:00,,,,False,,,,,,,,,,,,
JULHO_L679,JULHO,Julho,679,2026-07-30 00:00:00,19040,12.0,171.0,2052.0,"TELA DE PROJEÇÃO 100"" 16:9",MPR-100A,YHAN,CASADA,-,TOMATE,1,2026-07-31 00:00:00,2026-08-03 00:00:00,,,,,False,,,,,,,,,,,,
JULHO_L680,JULHO,Julho,680,2026-07-30 00:00:00,25626,16.0,99.9,1598.4,PARAFUSADEIRA BRUSHLESS 21V,BOM-9973,OSMAR,REPRESENTANTE,J. BATISTA,BOMVINK,31,2026-07-30 00:00:00,2026-08-03 00:00:00,,,,,False,,,,,,,,,,,,
JULHO_L681,JULHO,Julho,681,2026-07-30 00:00:00,25626,12.0,289.9,3478.8,SOPRADOR DE AR TURBO 21V COM LUZ LED MULTIFUNÇÃO,BOM-9741,OSMAR,REPRESENTANTE,J. BATISTA,BOMVINK,31,2026-07-30 00:00:00,2026-08-03 00:00:00,,,,,False,,,,,,,,,,,,
JULHO_L682,JULHO,Julho,682,2026-07-30 00:00:00,25626,4.0,159.9,639.6,PISTOLA DE PINTURA PILVERIZADORA ELETRICA 127V 800W,BOM-9643,OSMAR,REPRESENTANTE,J. BATISTA,BOMVINK,31,2026-07-30 00:00:00,2026-08-03 00:00:00,,,,,False,,,,,,,,,,,,
JULHO_L683,JULHO,Julho,683,2026-07-30 00:00:00,08474,8.0,1170.0,9360.0,"MONITOR GAMER 34"" 2K 165HZ",DELTA-M3422AUC PRO,GLEY,LICITAÇÃO,-,DELTA,1,2026-07-31 00:00:00,2026-08-03 00:00:00,,,,,False,,,,,,,,,,,,
JULHO_L684,JULHO,Julho,684,2026-07-28 00:00:00,25356,30.0,79.9,2397.0,ESMERILHADEIRA ANGULAR 710W 110V,BOM-9545,YHAN,CASADA,-,BOMVINK,31,2026-07-29 00:00:00,,,,,,False,,,,,,,,,,,,
JULHO_L685,JULHO,Julho,685,2026-07-28 00:00:00,25356,10.0,79.9,799.0,ESMERILHADEIRA ANGULAR 710W 220V,BOM-9546,YHAN,CASADA,-,BOMVINK,31,2026-07-29 00:00:00,,,,,,False,,,,,,,,,,,,
JULHO_L686,JULHO,Julho,686,2026-07-28 00:00:00,25356,6.0,329.9,1979.4,SOPRADOR A GASOLINA 26CC,BOM-9206,YHAN,CASADA,-,BOMVINK,31,2026-07-29 00:00:00,,,,,,False,,,,,,,,,,,,
JULHO_L687,JULHO,Julho,687,2026-07-28 00:00:00,25356,20.0,119.9,2398.0,"MINI MOTOSSERRA PORTATIL A BATERIA 4""",BOM-9101,YHAN,CASADA,-,BOMVINK,31,2026-07-29 00:00:00,,,,,,False,,,,,,,,,,,,
JULHO_L688,JULHO,Julho,688,2026-07-28 00:00:00,25356,2.0,379.9,759.8,"MOTOSSERRA A GASOLINA 58CC 20""",BOM-9203,YHAN,CASADA,-,BOMVINK,31,2026-07-29 00:00:00,,,,,,False,,,,,,,,,,,,
JULHO_L689,JULHO,Julho,689,2026-07-28 00:00:00,25356,10.0,79.99,799.9,KIT JOGO DE FERRAMENTAS COM 148 PÇS,BOM-3916,YHAN,CASADA,-,BOMVINK,31,2026-07-29 00:00:00,,,,,,False,,,,,,,,,,,,
JULHO_L690,JULHO,Julho,690,2026-07-28 00:00:00,25356,10.0,149.99,1499.9,LAVADORA DE PRESSÃO PORTATIL 21V,BOM-7006,YHAN,CASADA,-,BOMVINK,31,2026-07-29 00:00:00,,,,,,False,,,,,,,,,,,,
JULHO_L691,JULHO,Julho,691,2026-07-28 00:00:00,25356,20.0,53.99,1079.8,ESCOVA DE LIMPEZA ELETRICA 9 EM 1,BOM-7377,YHAN,CASADA,-,BOMVINK,31,2026-07-29 00:00:00,,,,,,False,,,,,,,,,,,,
JULHO_L692,JULHO,Julho,692,2026-07-28 00:00:00,25335,20.0,159.9,3198.0,AUXILIAR DE PARTIDA ECOMPRESSOR PORTATIL VEICULAR,BOM-8923,YHAN,CASADA,-,BOMVINK,31,2026-07-29 00:00:00,,,,,,False,,,,,,,,,,,,
JULHO_L693,JULHO,Julho,693,2026-07-28 00:00:00,25335,4.0,169.9,679.6,MISTURADOR ELETRICO PARA ARGAMASSA E TINTA 1300W 220V,BOM-9600,YHAN,CASADA,-,BOMVINK,31,2026-07-29 00:00:00,,,,,,False,,,,,,,,,,,,
JULHO_L694,JULHO,Julho,694,2026-07-28 00:00:00,25335,60.0,12.99,779.4,JOGO DE BROCAS,BOM-5008,YHAN,CASADA,-,BOMVINK,31,2026-07-29 00:00:00,,,,,,False,,,,,,,,,,,,
JULHO_L695,JULHO,Julho,695,2026-07-28 00:00:00,25335,5.0,139.9,699.5,"JOGO DE SOQUETES 1/2POL. COM REVERSIVEL, COMBINADAS-37PCS",BOM-3917,YHAN,CASADA,-,BOMVINK,31,2026-07-29 00:00:00,,,,,,False,,,,,,,,,,,,
JULHO_L696,JULHO,Julho,696,2026-07-28 00:00:00,25335,3.0,269.9,809.7,KIT JOGO DE CHAVES CATRACA SOQUETE 124 PECAS,BOM-3911,YHAN,CASADA,-,BOMVINK,31,2026-07-29 00:00:00,,,,,,False,,,,,,,,,,,,
JULHO_L697,JULHO,Julho,697,2026-07-28 00:00:00,25335,6.0,139.9,839.4,SERRA MÁRMORE 1200W 110V,BOM-9549,YHAN,CASADA,-,BOMVINK,31,2026-07-29 00:00:00,,,,,,False,,,,,,,,,,,,
JULHO_L698,JULHO,Julho,698,2026-07-28 00:00:00,25335,6.0,259.9,1559.4,SERRA CIRCULAR DE BATERIA,BOM-9706,YHAN,CASADA,-,BOMVINK,31,2026-07-29 00:00:00,,,,,,False,,,,,,,,,,,,
JULHO_L699,JULHO,Julho,699,2026-07-28 00:00:00,25335,5.0,259.9,1299.5,FURADEIRA DE IMPACTO 21V 100 N.M,BOM-9975,YHAN,CASADA,-,BOMVINK,31,2026-07-29 00:00:00,,,,,,False,,,,,,,,,,,,
JULHO_L700,JULHO,Julho,700,2026-07-28 00:00:00,25335,4.0,499.9,1999.6,CHAVE DE IMPACTO 21V 1300 N.M,BOM-9971,YHAN,CASADA,-,BOMVINK,31,2026-07-29 00:00:00,,,,,,False,,,,,,,,,,,,
JULHO_L701,JULHO,Julho,701,2026-07-28 00:00:00,25335,5.0,339.9,1699.5,CHAVE DE IMPACTO 21V 580NM,BOM-9964,YHAN,CASADA,-,BOMVINK,31,2026-07-29 00:00:00,,,,,,False,,,,,,,,,,,,
JULHO_L702,JULHO,Julho,702,2026-07-28 00:00:00,25335,50.0,24.8,1240.0,DISCO REBOLO DESBASTE DIAMANTADO TURBO CONCRETO 115MM,BOM-5120,YHAN,CASADA,-,BOMVINK,31,2026-07-29 00:00:00,,,,,,False,,,,,,,,,,,,
JULHO_L703,JULHO,Julho,703,2026-07-28 00:00:00,25335,48.0,15.9,763.2,JOGO CHAVE CANHAO SOQUETE 7 PECAS,BOM-3220,YHAN,CASADA,-,BOMVINK,31,2026-07-29 00:00:00,,,,,,False,,,,,,,,,,,,
JULHO_L704,JULHO,Julho,704,2026-07-28 00:00:00,25335,24.0,21.8,523.2,CHAVE DE GRIFO 14 POLEGADAS 30.8*7.5CM,BOM-1290,YHAN,CASADA,-,BOMVINK,31,2026-07-29 00:00:00,,,,,,False,,,,,,,,,,,,
JULHO_L705,JULHO,Julho,705,2026-07-28 00:00:00,25335,70.0,8.9,623.0,CHAVE DE CATRACA PARA MACACO AUTOMOTIVO,BOM-1496,YHAN,CASADA,-,BOMVINK,31,2026-07-29 00:00:00,,,,,,False,,,,,,,,,,,,
JULHO_L706,JULHO,Julho,706,2026-07-28 00:00:00,25335,96.0,7.9,758.4,ARCO SERRA 12POLEGADA,BOM-1522,YHAN,CASADA,-,BOMVINK,31,2026-07-29 00:00:00,,,,,,False,,,,,,,,,,,,
JULHO_L707,JULHO,Julho,707,2026-07-28 00:00:00,25335,72.0,10.9,784.8,ALICATE DE BICO 8 POLEGADAS,BOM-1604,YHAN,CASADA,-,BOMVINK,31,2026-07-29 00:00:00,,,,,,False,,,,,,,,,,,,
JULHO_L708,JULHO,Julho,708,2026-07-28 00:00:00,25335,10.0,109.9,1099.0,SOPRADOR AR TURBO 21V,BOM-9725,YHAN,CASADA,-,BOMVINK,31,2026-07-29 00:00:00,,,,,,False,,,,,,,,,,,,
JULHO_L709,JULHO,Julho,709,2026-07-31 00:00:00,16237,20.0,330.0,6600.0,PLACA MÃE REF: G-B550 (6G/FL),G-B550,GUILHERME,CASADA,GUILHERME VAI COLETAR - ESTOQUE SP ,KNUP,31,2026-07-30 00:00:00,2026-07-31 00:00:00,,,,,False,,,,,,,,,,,,
JULHO_L710,JULHO,Julho,710,2026-07-31 00:00:00,16243,100.0,18.9,1890.0,PROTETOR DE SURTO DPS 2P+T1 2 TOMADAS ,SL6022,YHAN,CASADA,-,KNUP,31,,,,,,,False,,,,,,,,,,,,
JULHO_L711,JULHO,Julho,711,2026-07-31 00:00:00,16280,500.0,14.4,7200.0,CONTROLE PARA VIDEO GAME ,KP-CN701/S-6G,YHAN,CASADA,,KNUP,31,2026-08-03 00:00:00,2026-08-04 00:00:00,,,,,False,,,,,,,,,,,,
JULHO_L712,JULHO,Julho,712,2026-07-31 00:00:00,19205,4.0,765.0,3060.0,MPR-2009A,MPR-100A,LICITAÇÃO,CASADA,,TOMATE,31,,,,,,,False,,,,,,,,,,,,
JULHO_L713,JULHO,Julho,713,2026-07-31 00:00:00,19204,200.0,59.4,11880.0,MDK-2500,MDK-2500,YHAN,CASADA,,TOMATE,31,,,,,,,False,,,,,,,,,,,,
JULHO_L714,JULHO,Julho,714,2026-07-31 00:00:00,25929,20.0,44.9,898.0,VENTOSA DE SUCCAO A VACUO PARA PISO 210KG,BOM-1511,JOAO B.,CASADA/ESTOQUE,,BOMVINK,31,,2026-08-07 00:00:00,,,,,False,,,,,,,,,,,,
JULHO_L715,JULHO,Julho,715,2026-07-31 00:00:00,1131417,10.0,477.83,4778.26,"PC DDR4 16GB 3200 WT 10 477,83 4.778,26 UN MEMORIA RAM - PC DDR4 16GB 3200mhz WT - C/ DISSIPADOR DE CALOR BRANCO - CLANM",,GUILHERME,CASADA,ENTREGA NA JORADO,POTENCIAL,31,2026-08-03 00:00:00,2026-08-04 00:00:00,,,,,False,,,,,,,,,,,,
JULHO_L716,JULHO,Julho,716,2026-07-30 00:00:00,25482,,,14030.26,CARREGADOR/AMPAINHA/RADIOREPRODUTOR/CONTROLE REOO/PILHA/ILHA/NES/CABO DE FORÇA,MAX-0568/SD173ALE-610/LE-7679/LE-7999-2/LE-7999-1,YHAN,CASADO,VAI RETIRAR EM SP E COLOCAR NA TRANSPORTADORA,BOMVINK,31,2026-08-06 00:00:00,,,,,,True,,,,,,,,,,,,quantidade_ausente;
AGOSTO_L7,AGOSTO,Agosto,7,2026-08-01 00:00:00,9120,104.0,124.5,,PROCESSADOR INTEL OEM,i3-8100,ISAAC,CASADO,,CPU MASTER,31,2026-08-04 00:00:00,2026-08-07 00:00:00,,,,,False,,,,,,,,,,,,
AGOSTO_L8,AGOSTO,Agosto,8,2026-08-01 00:00:00,25954,48.0,17.99,, TORNEIRA CROMADA DE PAREDE CROMADA,BOM-2012,OSMAR,CASADO,,BOMVINK,31,2026-08-04 00:00:00,2026-08-07 00:00:00,,,,,False,,,,,,,,,,,,
AGOSTO_L9,AGOSTO,Agosto,9,2026-08-01 00:00:00,16381,100.0,54.0,5400.0,CONTROLE DE JOGOS USB P/ PC,KP-GM018,YHAN,CASADO,,KNUP,31,2026-08-05 00:00:00,2026-08-07 00:00:00,,,,,False,,,,,,,,,,,,
AGOSTO_L10,AGOSTO,Agosto,10,2026-08-01 00:00:00,16381,100.0,14.4,1440.0,CONTROLE PARA VIDEO GAME,KP-CN701S(6G/FL),YHAN,CASADO,,KNUP,31,2026-08-05 00:00:00,2026-08-07 00:00:00,,,,,False,,,,,,,,,,,,
AGOSTO_L11,AGOSTO,Agosto,11,2026-08-01 00:00:00,16420,20.0,285.0,5700.0,PLACA MAE GA1200 ,G-H511 (6G/FL),GUILHERME,CASADO,ESTOQUE SP,KNUP,31,2026-08-03 00:00:00,,,,,,True,,,,,,,,,,,,
AGOSTO_L12,AGOSTO,Agosto,12,2026-08-01 00:00:00,5104,1.0,5500.0,5500.0,BICICLETA ELETRICA,V8 PRO,PATRICIA,CASADO,VAI DESCER PELA JORADO,PANDA,1/31,ATRASADO,,,,,,False,,,,,,,,,,,,
AGOSTO_L13,AGOSTO,Agosto,13,2026-08-03 00:00:00,-,20.0,2026.69,40533.9,PROCESSADOR INTEL CORE I7-12700 S1700 2.1GHZ 25 MB BOX,,LICITAÇÃO,CASADO,,PARAGUAI,31,2026-08-16 00:00:00,2026-08-17 00:00:00,,,,,False,,,,,,,,,,,,
AGOSTO_L14,AGOSTO,Agosto,14,2026-08-03 00:00:00,-,10.0,1284.52,12845.25,PROCESSADOR INTEL CORE I5 14400 S1700 2.5GHZ 20MB OEM ,,LICITAÇÃO,CASADO,,PARAGUAI,31,2026-08-16 00:00:00,2026-08-17 00:00:00,,,,,False,,,,,,,,,,,,
AGOSTO_L15,AGOSTO,Agosto,15,2026-08-03 00:00:00,-,25.0,1016.2,25405.05,PROCESSADOR AMD RYZEN R7-5700G AM4 4.6GHZ 20MB 3.8GHZ BASE C/ COOLER ,,LICITAÇÃO,CASADO,,PARAGUAI,31,2026-08-16 00:00:00,2026-08-17 00:00:00,,,,,False,,,,,,,,,,,,
AGOSTO_L16,AGOSTO,Agosto,16,2026-08-03 00:00:00,26160,,,9542.65,ALICATE - FERRO DE SOLDAR - LAVADORA DE PRESSAO - KIT RETIFICA ELETRICA - MINI SOPRADOR TURBO COM FUNÇÃO ASPIRAÇÃO,BOM-6003/BOM-9516/OM-7006/BOM-9603/BOM-9726,ISAAC,CASADO,ESTOQUE SP,BOMVINK,1,2026-08-07 00:00:00,,,,,,False,,,,,,,,,,,,quantidade_ausente;
AGOSTO_L17,AGOSTO,Agosto,17,2026-08-03 00:00:00,8597,30.0,23.4,702.0,DELTA-C1293 COOLER BINETE KIT DE 3PÇS,DELTA-C1293,ISAAC,CASADO,RETIRA SP E ENTREGA SP ,AITEK,31,2026-08-06 00:00:00,,,,,,False,,,,,,,,,,,,
AGOSTO_L18,AGOSTO,Agosto,18,2026-08-03 00:00:00,25882,3.0,4050.0,12150.0,QUIOSQUE PUBLICITÁRIO,LE-1078,NETO,ESTOQUE,P/ SHOWROOM,IT BLUE-LELONG,1,2026-08-04 00:00:00,,,,,,False,,,,,,,,,,,,
AGOSTO_L19,AGOSTO,Agosto,19,2026-08-04 00:00:00,16535,20.0,285.0,5700.0,PLACA MAE GA1200 ,G-H511 (6G/FL),GUILHERME,CASADO,ESTOQUE SP,KNUP,31,2026-08-03 00:00:00,,,,,,True,,,,,,,,,,,,
AGOSTO_L20,AGOSTO,Agosto,20,2026-08-04 00:00:00,8650,500.0,226.1,113050.0,PLACA MAE LGA1151 H310 678GEN M2,DELTA-H310M2K,ISAAC,ESTOQUE,,AITEK,31,2026-08-05 00:00:00,,,,,,2026-08-07 00:00:00,,,,,,,,,,,,
AGOSTO_L21,AGOSTO,Agosto,21,2026-08-04 00:00:00,4029,50.0,110.04,5501.95,KIT GABINETE OFFICE SLIM MN98 + FONTE OFFICE TFX 200W MONOCRON ,MN98,GUILHEME,CASADA,ESTOQUE SP,POTENCIAL,31,2026-08-11 00:00:00,,,,,,True,,,,,,,,,,,,
AGOSTO_L22,AGOSTO,Agosto,22,2026-08-04 00:00:00,4029,50.0,36.68,1834.11, GABINETE OFFICE MN1684 - MONOCRON ,MN1684,GUILHERME,CASADA,ESTOQUE SP,POTENCIAL,31,2026-08-11 00:00:00,,,,,,True,,,,,,,,,,,,
AGOSTO_L23,AGOSTO,Agosto,23,2026-08-04 00:00:00,19436,100.0,13.05,1305.0,MCT-105 BT CONTROLE MOUSE,MCT-105,LARA,ESTOQUE,,TOMATE,31,2026-08-07 00:00:00,2026-08-10 00:00:00,,,,,False,,,,,,,,,,,,
AGOSTO_L24,AGOSTO,Agosto,24,2026-08-04 00:00:00,16593,380.0,83.0,31540.0,PLACA MAE GA1155 REALTEK 8111E 100/1000MBPS ,G-H61/S,YHAN,ESTOQUE,,KNUP,31,2026-08-05 00:00:00,2026-08-07 00:00:00,,,,,False,,,,,,,,,,,,
AGOSTO_L25,AGOSTO,Agosto,25,2026-08-04 00:00:00,,50.0,430.0,21500.0,MEMORIA DDR4 16GB PC 3200,DDR4 16GB,YHAN,CASADA/ESTOQUE,VAI DESCER PELA JORADO,BIRDTECH/GABITECH,31,2026-08-04 00:00:00,2026-08-05 00:00:00,,,,,False,,,,,,,,,,,,
AGOSTO_L26,AGOSTO,Agosto,26,2026-08-04 00:00:00,,100.0,430.0,43000.0,MEMORIA DDR4 16GB PC 3200,DDR4 16GB,GUILHERME,CASADA/ESTOQUE,GUILHERME VAI PEGAR NA JORADO,BIRDTECH/GABI TECH,31,2026-08-03 00:00:00,,,,,,True,,,,,,,,,,,,
AGOSTO_L27,AGOSTO,Agosto,27,2026-08-04 00:00:00,26254,,,15767.65,"PONTAS DE PROVA, ADESIVO DE VEDAÇÃO, ESPATULA, JOGO DE SERRA, JOGO DE ESCOVAS, ESCOVAS, NIVEL, MOTOSERRA, LUZ DE EMERGENCIA, PARAFUSADEIRA, CHAVE MULTIFUNCIONAL E ETC",BOM-6000 BOM-1372 BOM-1012 BOM-5656 BOM-6520 BOM-9203 BOM-4232 BOM-9970 BOM-3205 BOM-5659 BOM-5022 BOM-5120 BOM-6506 BOM-3911 BOM-7,YHAN,CASADO,RETIRA SP E ENVIA P/ TRANSPORTADORA,BOMVINK,31,2026-08-07 00:00:00,,,,,,False,,,,,,,,,,,,quantidade_ausente;
AGOSTO_L28,AGOSTO,Agosto,28,2026-08-04 00:00:00,26374,,,27251.0,BOLSA - KIT JOGO DE CHAVES - KIT MANICURE - LANTERNA - SERRA MARMORE - SOPRADOR - KIT OFICINA - JOGO DE SOQUETES ,BOM-7710 BOM-3911 BOM-3912 BOM-3710 BOM-4326 BOM-9549 BOM-9725 BOM-9709 BOM-9908 BOM-3921,YHAN,CASADO,VENDA DIRETA,BOMVINK,31,2026-08-06 00:00:00,2026-08-06 00:00:00,,,,,True,,,,,,,,,,,,quantidade_ausente;
AGOSTO_L29,AGOSTO,Agosto,29,2026-08-04 00:00:00,26083,1.0,426.87,426.87,SUPORTE MOVEL PARA TV 32-75 OLEGADAS ATE 50KG,LE-3422,OSMAR,SHOWROOM,,ITBLUE/LELONG,1,2026-08-04 00:00:00,,,,,,False,,,,,,,,,,,,
AGOSTO_L30,AGOSTO,Agosto,30,2026-08-04 00:00:00,38298,150.0,9.84,1681.19,PELIC. NANOTECH HD G3 180X120MM,581,YHAN,CASADA,ENTREGA DIRETO NA LOJA DO GUILHERME ,AMET,1,2026-08-04 00:00:00,,,,,,True,,,,,,,,,,,,total_nao_bate_qtd_x_unitario;
AGOSTO_L31,AGOSTO,Agosto,31,2026-08-05 00:00:00,19548,1.0,171.0,171.0,TELA,MPR-100A,NETO,SHOWROOM,,TOMATE,31,ATRASADO,,,,,,False,,,,,,,,,,,,
AGOSTO_L32,AGOSTO,Agosto,32,2026-08-05 00:00:00,,150.0,430.0,64500.0,MEMORIA DDR4 16GB PC 3200,DDR 16G,YHAN,ESTOQUE,VAI DESCER PELA JORADO,BIRDTECH/GABITECH,31,2026-08-06 00:00:00,2026-08-07 00:00:00,,,,,False,,,,,,,,,,,,
AGOSTO_L33,AGOSTO,Agosto,33,2026-08-05 00:00:00,,500.0,69.0,34500.0,CPU I5 3470,I5 3470,GUSTAVO,,VAI DESCER PELA JORADO,VECCHI,31,2026-08-06 00:00:00,2026-08-10 00:00:00,,,,,False,,,,,,,,,,,,
AGOSTO_L34,AGOSTO,Agosto,34,2026-08-05 00:00:00,16693,30.0,41.4,1242.0,FONTE DE ALIMENTAÇÃO PARA PC 350W ,KP-526,YHAN,CASADO,VAI DESCER PELA JORADO,KNUP,1,2026-08-05 00:00:00,,,,,,False,,,,,,,,,,,,
AGOSTO_L35,AGOSTO,Agosto,35,2026-08-05 00:00:00,9155,6.0,865.0,5190.0,PROCESSADOR INTEL OEM,i5-12500T,YHAN,CASADO,VAI DESCER PELA JORADO,CPU MASTER,31,2026-08-05 00:00:00,2026-08-07 00:00:00,,,,,False,,,,,,,,,,,,
AGOSTO_L36,AGOSTO,Agosto,36,2026-08-05 00:00:00,9155,2.0,2100.0,4200.0,PROCESSADOR INTEL OEM,I7-14700,OSMAR,CASADA,VAI DESCER PELA JORADO,CPU MASTER,31,2026-08-05 00:00:00,2026-08-07 00:00:00,,,,,False,,,,,,,,,,,,
AGOSTO_L37,AGOSTO,Agosto,37,2026-08-05 00:00:00,,2.0,6750.0,13500.0,17 PROMAX 256GB BRANCO E AZUL ,,PATRICIA,CASADA,,VAIEVEM,31,2026-08-05 00:00:00,,,,,,False,,,,,,,,,,,,
AGOSTO_L38,AGOSTO,Agosto,38,2026-08-05 00:00:00,26504,,,3981.4,CHAVE BIELA-DISCOFLAP-KIT5PÇS LAMINADE-PARAFUSOS-KITPAAFUSO,BOM-1464 BOM-5111 BOM-5130 BOM-5315 BOM-5314 BOM-5316 BOM-5302,JOAO REP.,CASADA,,BOMVINK,1,2026-08-07 00:00:00,,,,,,False,,,,,,,,,,,,quantidade_ausente;
AGOSTO_L39,AGOSTO,Agosto,39,2026-08-05 00:00:00,26503,,,7773.7,MACACO-ALICATES-TRANSFORMADOR-PISTOLA-PARAFUSADEIRA,BOM-1544 BOM-1701 BOM-1703 BOM-1710 BOM-1713 BOM-1714 BOM-9301 BOM-1371 BOM-9969,JOAO REP.,CASADA,,BOMVINK,1,2026-08-07 00:00:00,,,,,,False,,,,,,,,,,,,quantidade_ausente;
AGOSTO_L40,AGOSTO,Agosto,40,2026-08-05 00:00:00,26502,,,5145.6,ESTILETE-KIT JOGO-TRENA-BICO,BOM-3304 BOM-5922 BOM-6507 BOM-2506,JOAO REP.,CASADA,,BOMVINK,1,2026-08-07 00:00:00,,,,,,False,,,,,,,,,,,,quantidade_ausente;
AGOSTO_L41,AGOSTO,Agosto,41,2026-08-05 00:00:00,16012,565.0,,14855.0,FONTE DE NOTEBOOK 100AC-05 100LZ-12 200DZ-08 15LZ-02 50DZ-09  50DZ-05 50SA-03,-,YHAN,ESTOQUE,VAI DESCER PELA JORADO,SAM,31,2026-08-10 00:00:00,2026-08-11 00:00:00,,,,,False,,,,,,,,,,,,
AGOSTO_L42,AGOSTO,Agosto,42,2026-08-05 00:00:00,26375,,,18403.12,SOPRADOR-MOTOSERR-ESCOVA-LUZ DE TRABALHO-MISTURADORSERRA-MAQUINA DE SOLDA-AUXILIAR,BOM-9206 BOM-9203 BOM-7377 BOM-4229 BOM-9599 BOM-9667 BOM-9508 BOM-8923,YHAN,CASADA,ESTOQUE SP - MANDAR PELA TRANSPORTADORA ,BOMVINK,31,2026-08-07 00:00:00,,,,,,True,,,,,,,,,,,,quantidade_ausente;
AGOSTO_L43,AGOSTO,Agosto,43,2026-08-06 00:00:00,ik08778,200.0,105.0,21000.0,DELTA-B75M2K PLACA MAE LGA1155 B75 3GEN M.2 SSD,B75,ISAAC,CASADA,CLIENTE EM SP MESMO ,AITEK,31,2026-08-06 00:00:00,,,,,,True,,,,,,,,,,,,
AGOSTO_L44,AGOSTO,Agosto,44,2026-08-06 00:00:00,ik08784,1400.0,226.1,316540.0,DELTA-H310M2K PLACA MAE LGA 1151 H310 6789GEN M.2 SSD,H310M2K,YHAN,CASADA,VAI DESCER PELA JORADO,AITEK,1,2026-08-07 00:00:00,2026-08-10 00:00:00,,,,,False,,,,,,,,,,,,
AGOSTO_L45,AGOSTO,Agosto,45,2026-08-06 00:00:00,8460,20.0,239.0,4780.0,AMD RYZEN 7 1700,RYZEN 7 1700,ISAAC,CASADA,VAI DESCER PELA JORADO,GILCEMAR,31,2026-08-10 00:00:00,2026-08-11 00:00:00,,,,,False,,,,,,,,,,,,
AGOSTO_L46,AGOSTO,Agosto,46,2026-08-06 00:00:00,,1.0,4900.0,4900.0,IPHONE 17 256 PRETO,-,PATRICIA,CASADA,,PLANETA CEL,31,2026-08-05 00:00:00,,,,,,False,,,,,,,,,,,,
AGOSTO_L47,AGOSTO,Agosto,47,2026-08-06 00:00:00,1000006881,6.0,,2096.16,PELÍCULA NANOTECH PRIVACIDADE MATTE NEW EDITION 3 GERAÇÃO 180X120MM e PELÍCULA XTREME HD 180X120MM ,-,YHAN,CASADA,ENTREGA DIRETO NA LOJA DO GUILHERME ,AMET,1,2026-08-06 00:00:00,,,,,,True,,,,,,,,,,,,
AGOSTO_L48,AGOSTO,Agosto,48,2026-08-06 00:00:00,ik08818,100.0,72.0,7200.0,SIGMA-W780M WEBCAM 8MP 4K FOCO MANUAL ,W780M,LICITAÇÃO,CASADA,PEDIDO FATURADO P/ MAMUTH,AITEK,31,2026-08-07 00:00:00,2026-08-10 00:00:00,,,,,False,,,,,,,,,,,,
AGOSTO_L49,AGOSTO,Agosto,49,2026-08-06 00:00:00,ik08778,200.0,105.0,21000.0,DELTA-B75M2K PLACA MAE LGA1155 B75 3GEN M.2 SSD,B75M2K,ISAAC,CASADA,RETIRA SP ENTREGA SP,AITEK,31,2026-08-06 00:00:00,,,,,,True,,,,,,,,,,,,
AGOSTO_L50,AGOSTO,Agosto,50,2026-08-06 00:00:00,5.182,1.0,7900.0,7900.0,GT2000 - BICICLETA ELETRICA COM BATERIA DE IONS E MOTOR 1000W,GT2000,NETO,CASADA,,PANDA/FUBAVON,1/31,2026-08-07 00:00:00,2026-08-10 00:00:00,,,,,False,,,,,,,,,,,,
AGOSTO_L51,AGOSTO,Agosto,51,2026-08-06 00:00:00,,16.0,6100.0,97600.0,FU-A4–SCOOTER ELÉTRICA FU-A4SCOOTER ELÉTRICA AUTOPROPULSADA,A4,YHAN/NETO/PATRICIA/OSMAR,CASADA/ESTOQUE,,PANDA/FUBAVON,1/31,2026-08-07 00:00:00,2026-08-10 00:00:00,,,,,False,,,,,,,,,,,,
AGOSTO_L52,AGOSTO,Agosto,52,2026-08-06 00:00:00,26467,600.0,17.2,10323.0,CABO CFTV CAT6 20M: LE-316,LE-316,YHAN,CASADA,,ITBLUE/LELONG,31,2026-08-07 00:00:00,,,,,,False,,,,,,,,,,,,
AGOSTO_L53,AGOSTO,Agosto,53,2026-08-06 00:00:00,16843,100.0,8.5,850.0,UNIDADE DE CONVERSÃO DE SINAIS INTERFACE,KP-HD001,GUILHERME,CASADA,RETIRA SP ENTREGA SP,KNUP,31,2026-08-06 00:00:00,,,,,,True,,,,,,,,,,,,
AGOSTO_L54,AGOSTO,Agosto,54,2026-08-06 00:00:00,16843,100.0,6.3,630.0,CASE SATA HD,KP-HD010,GUILHERME,CASADA,RETIRA SP ENTREGA SP,KNUP,31,2026-08-06 00:00:00,,,,,,True,,,,,,,,,,,,
AGOSTO_L55,AGOSTO,Agosto,55,2026-08-06 00:00:00,16847,60.0,540.0,32400.0,MEMORIA RAM PARA DESKTOP DDR4 ,KP-HD862,YHAN,CASADA,,KNUP,31,2026-08-09 00:00:00,2026-08-10 00:00:00,,,,,False,,,,,,,,,,,,
AGOSTO_L56,AGOSTO,Agosto,56,07/08//2026,02675,10.0,228.78,2287.8,MULTIMIDIA AUTOMOTIVE MP10,VPL-1026,OSMAR,CASADA,VAI DESCER PELA JORADO,TORQUEHAMMER,31,2026-08-10 00:00:00,2026-08-11 00:00:00,,,,,False,,,,,,,,,,,,
AGOSTO_L57,AGOSTO,Agosto,57,2026-08-07 00:00:00,23354,500.0,35.0,17500.0,BATERIA JBR 12V 4AH ALARME,BATERIA JBR 12V 4AH,ISAAC,ESTOQUE,VAI DESCER PELA JORADO,FLYTEC,31,ATRASADO,,,,,,False,,,,,,,,,,,,
AGOSTO_L58,AGOSTO,Agosto,58,2026-08-07 00:00:00,23354,500.0,39.99,19995.0,BATERIA  JBR 12V 7AH NOBREAK ,JBRBAT12V7AH,ISAAC,ESTOQUE,VAI DESCER PELA JORADO,FLYTEC,31,ATRASADO,,,,,,False,,,,,,,,,,,,
AGOSTO_L59,AGOSTO,Agosto,59,2026-08-07 00:00:00,1094,200.0,90.0,18000.0,PROCESSADOR I5 4590,I5 4590,PATRICIA,ESTOQUE,VAI DESCER PELA JORADO,GB IMPORTS,31,2026-08-07 00:00:00,2026-08-11 00:00:00,,,,,False,,,,,,,,,,,,
AGOSTO_L60,AGOSTO,Agosto,60,2026-08-07 00:00:00,ik-08860,8.0,1215.0,9720.0,DELTA-RX5600XT MKII PLACA DE VIDEO 6GB DDR6,RX5600XT,LICITAÇÃO,CASADA,,AITEK,31,2026-08-14 00:00:00,,,,,,False,,,,,,,,,,,,
AGOSTO_L61,AGOSTO,Agosto,61,2026-08-10 00:00:00,26949,,,13190.0,CORRENTES DE MOTOSSERAS ,BOM-5628 BOM-5626 BOM-5622,GUSTAVO,ESTOQUE,,BOMVINK,CNPJ NINJA,ATRASADO,,,,,,False,,,,,,,,,,,,quantidade_ausente;
AGOSTO_L62,AGOSTO,Agosto,62,2026-08-10 00:00:00,27059,,,27853.94,"PARAFUSADEIRA, SERRA CIRCULAR, CABO CHUPETA, ESCOVA DE LIMPEZA, AUXILIAR DE PARTIDA, ESMERILHADEIRA, FURADEIRA, JOGO E SOQUETES, PARAFUSADEIRA, SERRA DE MARMORE, PISTOLA",BOM-9970 BOM-9579 BOM-1802 BOM-7377 BOM-8923 BOM-9545 BOM-9546 BOM-9669 BOM-9670 BOM-3917 BOM-9961 BOM-9549 BOM-9550 BOM-9570,YHAN,CASADA,RETIRA SP E ENVIA DIRETO PELA TRANSPORTADORA,BOMVINK,31,ATRASADO,,,,,,False,,,,,,,,,,,,quantidade_ausente;
AGOSTO_L63,AGOSTO,Agosto,63,2026-08-10 00:00:00,17496,,,254400.0,"CARTAO DE MEMORIA 64GB, 32GB, 16GB, 8GB, PENDRIVE MINI GB PREMIUM E 16GB",,GUILHERME,CASADA,ESTOQUE SP ,MASTERDRIVE ,31,ATRASADO,,,,,,False,,,,,,,,,,,,quantidade_ausente;
AGOSTO_L64,AGOSTO,Agosto,64,2026-08-10 00:00:00,27089,,,6972.6,"NIVELADOR, ESMERILHADEIRA, PARAFUSADEIRA, JOGO DE CHAVE, LAMINA",BOM-6202 BOM-9545 BOM-9961 BOM-3213 BOM-5132,JOAO REP.,CASADDA/ESTOQUE,,BOMVINK,1,ATRASADO,,,,,,False,,,,,,,,,,,,quantidade_ausente;
AGOSTO_L65,AGOSTO,Agosto,65,2026-08-10 00:00:00,27108,,,4885.8,"PARAFUSADEIRA, KIT JOGO DE FERRAMENTAS, CONJUNTO DE CHAVE DE FENDA, KIT CHAVES ISOLADAS","BOM-9960, BOM-3907, BOM-3127, BOM-3110",ISAAC,CASADA,,BOMVINK,1,ATRASADO,,,,,,False,,,,,,,,,,,,quantidade_ausente;
AGOSTO_L66,AGOSTO,Agosto,66,2026-08-10 00:00:00,-,2.0,885.0,1770.0,NV3 1TB KINGSTON ,,OSMAR,CASADA,VAI DESCER PELA JORADO,NJS ,31,2026-08-10 00:00:00,2026-08-13 00:00:00,,,,,False,,,,,,,,,,,,
AGOSTO_L67,AGOSTO,Agosto,67,2026-08-10 00:00:00,IK-08952,50.0,99.0,4950.0,WEBCAM 8P 4K FOCO MANUAL,DELTA-W880A,NETO,USO E CONSUMO,,AITEK,1,2029-08-12 00:00:00,2026-08-13 00:00:00,,,,,False,,,,,,,,,,,,
AGOSTO_L68,AGOSTO,Agosto,68,2026-08-10 00:00:00,231956,,90.0,90000.0,PLACA MAE - B 75 - LGA 1155 - DDR3 - 1000MBPS PLM2301,PLM2301,GUILHERME/YHAN,ESTOQUE,,HAYOM,31,ATRASADO,,,,,,False,,,,,,,,,,,,quantidade_ausente;
AGOSTO_L69,AGOSTO,Agosto,69,2026-08-11 00:00:00,17333,2.0,72.0,14400.0,PLACA DE REDE WI-FI PCI-E ,KP-T136,LICITAÇÃO,CASADA,VAI DESCER PELA JORADO,KNUP,31,2026-08-12 00:00:00,2026-08-13 00:00:00,,,,,False,,,,,,,,,,,,total_nao_bate_qtd_x_unitario;
AGOSTO_L70,AGOSTO,Agosto,70,2026-08-11 00:00:00,17332,,245.0,48755.0,PLACA MAE CONTROLADORA PARA COMPUTADOR DESKTOP G-A320,G-A320,YHAN,CASADA,VAI DESCER PELA JORADO,KNUP,31,2026-08-12 00:00:00,2026-08-13 00:00:00,,,,,False,,,,,,,,,,,,quantidade_ausente;
AGOSTO_L71,AGOSTO,Agosto,71,2026-08-11 00:00:00,IK-09012,40.0,414.0,16560.0,ATB-1046,ATB-1046,LICITAÇÃO,CASADA,,AITEK,31,ATRASADO,,,,,,False,,,,,,,,,,,,
AGOSTO_L72,AGOSTO,Agosto,72,2026-08-11 00:00:00,,1.0,6975.0,6975.0,17 PRO MX 256GB LARANJA ,,PATRICIA,CASADA,,,31,ATRASADO,,,,,,False,,,,,,,,,,,,
AGOSTO_L73,AGOSTO,Agosto,73,2026-08-11 00:00:00,,1.0,6975.0,6975.0,17 PRO MAX 256GB SILVER,,PATRICIA,CASADA,,,31,ATRASADO,,,,,,False,,,,,,,,,,,,
AGOSTO_L74,AGOSTO,Agosto,74,2026-08-11 00:00:00,5913,30.0,11.0,330.0,HDMI 5M 4K BLINDADO,FL1231,YHAN,ESTOQUE,GUILHERME VAI RETIRAR,F&L,31,ATRASADO,,,,,,False,,,,,,,,,,,,
AGOSTO_L75,AGOSTO,Agosto,75,2026-08-11 00:00:00,17423,80.0,220.0,17600.0,PLACA DE VIDEO ,G-GT730/4G,GUILHERME,CASADA,ESTOQUE SP,KNUP,31,ATRASADO,,,,,,False,,,,,,,,,,,,
AGOSTO_L76,AGOSTO,Agosto,76,2026-08-11 00:00:00,17413,,,10119.0,CASE SATA HD - MINI CAIXA ACUSTICA - UNIDADE DE CONVERSAO DE SINAIS - ADAPTADOR - MOUSE PARA COMPUTADOR - CARREGADOR P/ NOTEBOOK -  FONTE DE ALIMENTAÇÃO - SUPORTE DE MESA,KP-HD002 KP603 KP-HD003 KP-7023 HB-T130 KP-MU021 KP-536 KP-CB202 OR-SP207 OR-SP,GUILHERME,CASADA,ESTOQUE SP,KNUP,31,ATRASADO,,,,,,False,,,,,,,,,,,,quantidade_ausente;
AGOSTO_L77,AGOSTO,Agosto,77,2026-08-11 00:00:00,17414,,,11430.0,MINI ALTOFALANTE E PLACA PCI,KP-600 KP-609 KP-PL906,GUILHERME,CASADA,ESTOQUE SP,KNUP,31,ATRASADO,,,,,,False,,,,,,,,,,,,quantidade_ausente;
AGOSTO_L78,AGOSTO,Agosto,78,2026-08-11 00:00:00,17415,,,16659.0,"UNIDADE DE CONVERSÃO , MOUSEPAD, ADAPTADOR, TECLADO, CABO, CASE, SWITCH, MOUSE, CARREGADOR, CAMPAINHA SEM FIO",KP-HD004 KP-S04 SL6001 KP-2048 KP-3456 KP-3465 KP-3466 KP-YP5028 KP-HD009 KP-SW106 KP-MU009 KP-512BB KP-CA323,GUILHERME,CASADA,ESTOQUE SP,KNUP,31,ATRASADO,,,,,,False,,,,,,,,,,,,quantidade_ausente;
AGOSTO_L79,AGOSTO,Agosto,79,2026-08-11 00:00:00,17416,,,2371.0,"JOYSTICK, FONE DE OUVIDO, SUPORTE VEICULAR",KP-5815A KP-313 OR-SP009,GUILHERME,CASADA,ESTOQUE SP,KNUP,31,ATRASADO,,,,,,False,,,,,,,,,,,,quantidade_ausente;
AGOSTO_L80,AGOSTO,Agosto,80,2026-08-11 00:00:00,03926,2.0,175.5,351.0,GABINETE GAMER ,D-ATX13(TTD),OSMAR,CASADA,,GRASEP,31,ATRASADO,,,,,,False,,,,,,,,,,,,
AGOSTO_L81,AGOSTO,Agosto,81,2026-08-11 00:00:00,5913,30.0,24.0,720.0,HDMI 10M 4K BLINDADO,FL1106,YHAN,ESTOQUE,GUILHERME VAI RETIRAR,F&L,31,ATRASADO,,,,,,False,,,,,,,,,,,,
AGOSTO_L82,AGOSTO,Agosto,82,2026-08-11 00:00:00,5913,64.0,32.0,2048.0,HDMI 15M 4K BLINDADO ,FL1232,YHAN,CASADA,GUILHERME VAI RETIRAR,F&L,31,2026-08-12 00:00:00,2026-08-13 00:00:00,,,,,False,,,,,,,,,,,,
AGOSTO_L83,AGOSTO,Agosto,83,2026-08-11 00:00:00,5913,16.0,37.0,592.0,HDMI 20M 4K BLINDADO ,FL1233,YHAN,ESTOQUE,GUILHERME VAI RETIRAR,F&L,31,ATRASADO,,,,,,False,,,,,,,,,,,,
AGOSTO_L84,AGOSTO,Agosto,84,2026-08-11 00:00:00,5913,7.0,77.0,539.0,HDMI 25M 4K BINDADO ,FL1260,YHAN,ESTOQUE,GUILHERME VAI RETIRAR,F&L,31,ATRASADO,,,,,,False,,,,,,,,,,,,
AGOSTO_L85,AGOSTO,Agosto,85,2026-08-12 00:00:00,27542,4.0,,6298.7,"FURADEIRA, PARAFUSADEIRA, ESMERILHADEIRA, KIT DE NIVEL",BOM-9543 BOM-9961 BOM-9704 BOM-6215,JOAO REP.,CASADA,,BOMVINK,1,ATRASADO,2026-08-18 00:00:00,,,,,False,,,,,,,,,,,,
AGOSTO_L86,AGOSTO,Agosto,86,2026-08-12 00:00:00,931103,150.0,135.0,20250.0,MONITOR 19 BPC ,BPC-19WE02-B,GUSTAVO,ESTOQUE NINJA,VAI RETIRAR,GPJ,31,2026-08-13 00:00:00,,,,,,False,,,,,,,,,,,,
AGOSTO_L87,AGOSTO,Agosto,87,2026-08-12 00:00:00,931103,800.0,135.0,108000.0,MONITOR 19 TRONOS ,TRS-HK19WY,GUILHERME,CASADA/ESTOQUE,VAI RETIRAR,GPJ,31,2026-08-13 00:00:00,,,,,,False,,,,,,,,,,,,
AGOSTO_L88,AGOSTO,Agosto,88,2026-08-12 00:00:00,931103,50.0,189.9,9495.0,"MONITOR 21,5 TRONOS",TRS22WR-75,GUILHERME,CASADA,VAI RETIRAR,GPJ,31,2026-08-13 00:00:00,,,,,,False,,,,,,,,,,,,
AGOSTO_L89,AGOSTO,Agosto,89,2026-08-12 00:00:00,5266,6.0,2700.0,16200.0,BICICLETA ELETRICA MODELO MODELO S73 PRETO,PRD7707,ISAAC,CASADA,,PANDA,1/31,ATRASADO,,,,,,False,,,,,,,,,,,,
AGOSTO_L90,AGOSTO,Agosto,90,2026-08-12 00:00:00,1051,100.0,18.0,1800.0,100 wi-fi dual Band bluetooth 5g,,GUILHERME,CASADA,GUILHERME RETIROU,HAOQUING,31,2026-08-12 00:00:00,,,,,,False,,,,,,,,,,,,
AGOSTO_L91,AGOSTO,Agosto,91,2026-08-12 00:00:00,54,80.0,265.0,21200.0,HD 1TB WD PURPLE,,ISAAC,ESTOQUE,,JAVATECH,1,ATRASADO,,,,,,False,,,,,,,,,,,,
AGOSTO_L92,AGOSTO,Agosto,92,2026-08-12 00:00:00,54,600.0,79.99,47994.0,HD 500GB WD PURPLE,,ISAAC,ESTOQUE,,JAVATECH,1,ATRASADO,,,,,,False,,,,,,,,,,,,
AGOSTO_L93,AGOSTO,Agosto,93,2026-08-12 00:00:00,27601,,,3804.1,"CHAVE DE IMPACTO, KIT DE SERRA COPO, JOGO DE BITS, SOPRADOR",BOM-9966 BOM-5206 BOM-5037 BOM-9581,ISAAC,CASADA,,BOMVINK,1,ATRASADO,2026-08-18 00:00:00,,,,,False,,,,,,,,,,,,quantidade_ausente;
AGOSTO_L94,AGOSTO,Agosto,94,2026-08-13 00:00:00,ik-09117,,135.0,12960.0,SWITCH POE 8+2+1,ATS-1082,OSMAR,CASADA/ESTOQUE,,AITEK,31,2026-08-16 00:00:00,2026-08-17 00:00:00,,,,,False,,,,,,,,,,,,quantidade_ausente;
AGOSTO_L95,AGOSTO,Agosto,95,2026-08-13 00:00:00,-,1.0,2020.0,2020.0,APPLE WATCH 11 ROSE 42M,,PATRICIA,CASADA,,PLANETA CEL,31,ATRASADO,,,,,,False,,,,,,,,,,,,
AGOSTO_L96,AGOSTO,Agosto,96,2026-08-13 00:00:00,ik-09119,6.0,,8857.8,FONTES CHAVEADAS ,F3012 F2012 F1012 F0512 F512 F112,ISAAC,CASADA,,AITEK,31,ATRASADO,,,,,,False,,,,,,,,,,,,
AGOSTO_L97,AGOSTO,Agosto,97,2026-08-13 00:00:00,ik-09121,,108.0,5400.0,CAMERA WIFI SMART PTZ,ML-212,ISAAC,CASADA,,AITEK,31,ATRASADO,,,,,,False,,,,,,,,,,,,quantidade_ausente;
AGOSTO_L98,AGOSTO,Agosto,98,2026-08-13 00:00:00,-,1362.0,365.0,497130.0,HD 1 TB HD 2 TB HD 4 TB ,,GUILHERME,CASADA,,ESTENIO,31,2026-08-13 00:00:00,,,,,,True,,,,,,,,,,,,
AGOSTO_L99,AGOSTO,Agosto,99,2026-08-13 00:00:00,20573,,,8186.0,MDC035 MDC036 MDC037 MDC033,,ISAAC,CASADA,,TOMATE,31,ATRASADO,,,,,,False,,,,,,,,,,,,quantidade_ausente;
AGOSTO_L100,AGOSTO,Agosto,100,2026-08-13 00:00:00,27736,,,9598.48,"NIVEL, SOPRADOR, JOGO DE SOQUETES, MANDRIL, CHAVE DE IMPACTO, FACE DE CANA",BOM6521 BOM9725 BOM36917 BOM5016 BOM9964 BOM1150,YHAN,CASADA,RETIRA SP E COLOCA NA TRANSPORTADORA,BOMVINK,31,ATRASADO,,,,,,False,,,,,,,,,,,,quantidade_ausente;
AGOSTO_L101,AGOSTO,Agosto,101,2026-08-13 00:00:00,-,189.0,390.0,73710.0,NVME 512,,ISAAC,CASADA/ESTOQUE,,CHYBEN,31,2026-08-16 00:00:00,,,,,,False,,,,,,,,,,,,
AGOSTO_L102,AGOSTO,Agosto,102,2026-08-14 00:00:00,-,6.0,882.0,5292.0,SSD NVME 1TB,,LICITAÇÃO,CASADA,,NJS,31,ATRASADO,,,,,,False,,,,,,,,,,,,
AGOSTO_L103,AGOSTO,Agosto,103,2026-08-14 00:00:00,-,5.0,6950.0,34750.0,17 PRO MAX 256GB  SILVER,,PATRICIA,CASADA,,MOHAMED ,31,ATRASADO,,,,,,False,,,,,,,,,,,,
AGOSTO_L104,AGOSTO,Agosto,104,2026-08-14 00:00:00,-,3.0,6950.0,20850.0,17 PRO MAX 256GB LARANJA,,PATRICIA,CASADA,,MOHAMED ,31,ATRASADO,,,,,,False,,,,,,,,,,,,
AGOSTO_L105,AGOSTO,Agosto,105,2026-08-14 00:00:00,-,2.0,6950.0,13900.0, 17 PRO MAX 256GB AZUL ,,PATRICIA,CASADA,,MOHAMED ,31,ATRASADO,,,,,,False,,,,,,,,,,,,
AGOSTO_L106,AGOSTO,Agosto,106,2026-08-14 00:00:00,27820,,,3528.36,"ALICATE PARA CUTICULA, CHAVE AJUSTAVEL, KIT 3 MINI ESCOVAS, CORDA ELASTICA",BOM1054 BOM1285 BOM3644 BOM7442,JOAO REP.,CASADA/ESTOQUE,,BOMVINK,1,ATRASADO,,,,,,False,,,,,,,,,,,,quantidade_ausente;
AGOSTO_L107,AGOSTO,Agosto,107,2026-08-14 00:00:00,27832,,,7979.22,"KIT DE NIVEL A LASER, NIVEL MANUAL, FURADEIRA, DESENTUPIDOR, REFLETOR, COZINHA",BOM6215 BOM6528 BOM9543 BOM7517 BOM4330 BOM2339,JOAO REP.,CASADA/ESTOQUE,VAI DESCER PELA JORADO,BOMVINK,31,ATRASADO,,,,,,False,,,,,,,,,,,,quantidade_ausente;
AGOSTO_L108,AGOSTO,Agosto,108,2026-08-14 00:00:00,2447,56.0,76.9,4306.4,HD 500GB S PC ,1206,ISAAC,ESTOQUE,VAI DESCER PELA JORADO,CRIATIVA ,31,ATRASADO,,,,,,False,,,,,,,,,,,,
AGOSTO_L109,AGOSTO,Agosto,109,2026-08-17 00:00:00,28019,,11.8,2360.0,ALICATE DE CRIMPAR ,BOM1703,ISAAC,CASADA,,BOMVINK,31,EM DIA,,,,,,False,,,,,,,,,,,,quantidade_ausente;
AGOSTO_L110,AGOSTO,Agosto,110,2026-08-17 00:00:00,821,,121.5,1215.0,LUMINARIA DE TETO LED,HWS-LCD3071-B,GUSTAVO,ESTOQUE,,NEXARA,NINJA,EM DIA,,,,,,False,,,,,,,,,,,,quantidade_ausente;
AGOSTO_L111,AGOSTO,Agosto,111,2026-08-17 00:00:00,931898,500.0,149.9,74950.0,MONITOR 20 BRAZILPC ,,NETO,ESTOQUE,,GPJ,31,,,,,,,False,,,,,,,,,,,,
AGOSTO_L112,AGOSTO,Agosto,112,2026-08-17 00:00:00,28103,,18.9,756.0,ABRACADEIRA,BOM5491,NETO,CASADA,,BOMVINK,31,,,,,,,False,,,,,,,,,,,,quantidade_ausente;
AGOSTO_L113,AGOSTO,Agosto,113,2026-08-17 00:00:00,95725,500.0,5.4,2700.0,ADAPTADOR USB WIFI 802,UB-06,GUILHERME,CASADA,GUILHERME VAI RETIRAR ,F&L,31,EM DIA,,,,,,False,,,,,,,,,,,,
AGOSTO_L114,AGOSTO,Agosto,114,2026-08-18 00:00:00,18141,40.0,285.0,11400.0,PLACA MAE LGA1200 ,G-H511,GUILHERME,CASADA,GUILHERME VAI RETIRAR ,KNUP,31,2026-08-18 00:00:00,,,,,,False,,,,,,,,,,,,
AGOSTO_L115,AGOSTO,Agosto,115,2026-08-18 00:00:00,932009,1000.0,135.0,135000.0,MONITOR 19 BRAZIL PC,BPC-19,,ESTOQUE,,GPJ,31,,,,,,,False,,,,,,,,,,,,
AGOSTO_L116,AGOSTO,Agosto,116,2026-08-18 00:00:00,28186,,0.0,14582.1,"ESCOVA DE LIMPEZA, LAVADORA, AUXILIAR, FURADEIRA, MACHADO, SOPRADOR, TRENA",BOM7377 BOM7006 BOM8923 BOM9557 BOM9558 BOM1005 BOM9206 BOM6544,YHAN,CASADA,RETIRAR E MANDAR PELA TRANSPORTADORA,BOMVINK,31,,,,,,,False,,,,,,,,,,,,quantidade_ausente;
AGOSTO_L117,AGOSTO,Agosto,117,2026-08-18 00:00:00,-,,940.0,1880.0,IMS-X41PRO,,YHAN,CASADA,,IMENSO,31,,,,,,,False,,,,,,,,,,,,quantidade_ausente;
AGOSTO_L118,AGOSTO,Agosto,118,2026-08-18 00:00:00,-,,681.6,5452.8,IMS-X69,,YHAN,CASADA,,IMENSO,31,,,,,,,False,,,,,,,,,,,,quantidade_ausente;
AGOSTO_L119,AGOSTO,Agosto,119,2026-08-18 00:00:00,-,,184.0,1472.0,IMS-X35B ,,YHAN,CASADA,,IMENSO,31,,,,,,,False,,,,,,,,,,,,quantidade_ausente;
AGOSTO_L120,AGOSTO,Agosto,120,2026-08-18 00:00:00,28288,,85.9,859.0,ESMERILHADEIRA ANDULAR,BOM-9545,ISAAC,CASADA,,BOMVINK,1,,,,,,,False,,,,,,,,,,,,quantidade_ausente;
SHOWROOM_L8,SHOWROOM,Showroom,8,2026-02-02 00:00:00,624.0,5.0,1500.0,7500.0,,D-NKI507,,,1 ShowRoom restante Estoque,Delta,,,,,,,,,,2026-02-11 00:00:00,Neto,2026-02-09,,,,,,,,descricao_ausente;
SHOWROOM_L9,SHOWROOM,Showroom,9,2026-02-02 00:00:00,4564.0,8.0,169.9,1359.2,Lixadeira Politriz 12v,BOM-9711,,,1 ShowRoom restante Estoque,Bonvink,,,,,,,,,,2026-02-11 00:00:00,Patricia,2026-02-09,,,,,,,,
SHOWROOM_L10,SHOWROOM,Showroom,10,2026-02-02 00:00:00,4564.0,8.0,169.9,1359.2,Soprador de Folhas ,BOM-9709,,,1 ShowRoom restante Estoque,Bonvink,,,,,,,,,,2026-02-11 00:00:00,Patricia,2026-02-09,,,,,,,,
SHOWROOM_L11,SHOWROOM,Showroom,11,2026-02-09 00:00:00,2746.0,1.0,388.8,388.8,Bomba de Agua 21v,BOM-8721,,,Show Room,Bonvink,,,,,,,,,,,Neto,,,,,,,,,
SHOWROOM_L12,SHOWROOM,Showroom,12,2026-02-09 00:00:00,2747.0,1.0,1399.9,1399.9,Kit  com 10 Ferramentas 21v,BOM-9763,,,Show Room,Bonvink,,,,,,,,,,,Neto,,,,,,,,,
SHOWROOM_L13,SHOWROOM,Showroom,13,2026-02-10 00:00:00,,1.0,233.91,233.91,POLITRIZ ELÉTICA ROTO ORBITAL,BOM-9666,,,Pegar do nosso estoque,Bonvink,,,,,,,,,,2026-02-11 00:00:00,Patricia,,,,,,,,,
SHOWROOM_L14,SHOWROOM,Showroom,14,2026-02-11 00:00:00,,,,,,D-X001,,,,Grasep,,,,,,,,,,,Yhan,,,,,,,,,descricao_ausente;quantidade_ausente;preco_ausente;
SHOWROOM_L15,SHOWROOM,Showroom,15,2026-02-11 00:00:00,,,,,,D-X006,,,,Grasep,,,,,,,,,,,Yhan,,,,,,,,,descricao_ausente;quantidade_ausente;preco_ausente;
SHOWROOM_L16,SHOWROOM,Showroom,16,2026-02-11 00:00:00,,,,,,D-X007,,,,Grasep,,,,,,,,,,,Yhan,,,,,,,,,descricao_ausente;quantidade_ausente;preco_ausente;
SHOWROOM_L17,SHOWROOM,Showroom,17,2026-02-11 00:00:00,,,,,,D-X008,,,,Grasep,,,,,,,,,,,Yhan,,,,,,,,,descricao_ausente;quantidade_ausente;preco_ausente;
SHOWROOM_L18,SHOWROOM,Showroom,18,2026-02-11 00:00:00,,,,,,D-G228,,,,Grasep,,,,,,,,,,,Yhan,,,,,,,,,descricao_ausente;quantidade_ausente;preco_ausente;
SHOWROOM_L19,SHOWROOM,Showroom,19,2026-02-11 00:00:00,,,,,,D-G280,,,,Grasep,,,,,,,,,,,Yhan,,,,,,,,,descricao_ausente;quantidade_ausente;preco_ausente;
SHOWROOM_L20,SHOWROOM,Showroom,20,2026-02-11 00:00:00,,,,,,D-G300,,,,Grasep,,,,,,,,,,,Yhan,,,,,,,,,descricao_ausente;quantidade_ausente;preco_ausente;
SHOWROOM_L21,SHOWROOM,Showroom,21,2026-02-11 00:00:00,,,,,,D-G301,,,,Grasep,,,,,,,,,,,Yhan,,,,,,,,,descricao_ausente;quantidade_ausente;preco_ausente;
SHOWROOM_L22,SHOWROOM,Showroom,22,2026-02-11 00:00:00,,,,,,D-G330,,,,Grasep,,,,,,,,,,,Yhan,,,,,,,,,descricao_ausente;quantidade_ausente;preco_ausente;
SHOWROOM_L23,SHOWROOM,Showroom,23,2026-02-11 00:00:00,,,,,,D-S3151,,,,Grasep,,,,,,,,,,,Yhan,,,,,,,,,descricao_ausente;quantidade_ausente;preco_ausente;
SHOWROOM_L24,SHOWROOM,Showroom,24,2026-02-11 00:00:00,,,,,,D-S3165,,,,Grasep,,,,,,,,,,,Yhan,,,,,,,,,descricao_ausente;quantidade_ausente;preco_ausente;
SHOWROOM_L25,SHOWROOM,Showroom,25,2026-02-11 00:00:00,,,,,,D3205,,,,Grasep,,,,,,,,,,,Yhan,,,,,,,,,descricao_ausente;quantidade_ausente;preco_ausente;
SHOWROOM_L26,SHOWROOM,Showroom,26,2026-02-11 00:00:00,,,,,,D-F13BT,,,,Grasep,,,,,,,,,,,Yhan,,,,,,,,,descricao_ausente;quantidade_ausente;preco_ausente;
SHOWROOM_L27,SHOWROOM,Showroom,27,2026-02-11 00:00:00,,,,,,D-XK102,,,,Grasep,,,,,,,,,,,Patricia,,,,,,,,,descricao_ausente;quantidade_ausente;preco_ausente;
SHOWROOM_L28,SHOWROOM,Showroom,28,2026-02-12 00:00:00,6153.0,10.0,139.9,1399.0,Kit de Parafusadeira 21v,BOM-9972,,,,Bonvink,,,,,,,,,,,Patricia,,,,,,,,,
SHOWROOM_L29,SHOWROOM,Showroom,29,2026-02-12 00:00:00,6156.0,20.0,149.9,2998.0,Bomba de Ar Poratil com cbo de ignição de Emergencia,BOM 8916,,,,Bonvink,,,,,,,,,,,Patricia,,,,,,,,,
SHOWROOM_L30,SHOWROOM,Showroom,30,2026-02-12 00:00:00,,,,,,BOM.1501,,,,Bonvink,,,,,,,,,,,Patricia,,,,,,,,,descricao_ausente;quantidade_ausente;preco_ausente;
SHOWROOM_L31,SHOWROOM,Showroom,31,2026-02-12 00:00:00,,,,,,BOM.1506,,,,Bonvink,,,,,,,,,,,Patricia,,,,,,,,,descricao_ausente;quantidade_ausente;preco_ausente;
SHOWROOM_L32,SHOWROOM,Showroom,32,2026-02-12 00:00:00,,,,,,BOM.1511,,,,Bonvink,,,,,,,,,,,Patricia,,,,,,,,,descricao_ausente;quantidade_ausente;preco_ausente;
SHOWROOM_L33,SHOWROOM,Showroom,33,2026-02-12 00:00:00,,,,,,BOM.1516,,,,Bonvink,,,,,,,,,,,Patricia,,,,,,,,,descricao_ausente;quantidade_ausente;preco_ausente;
SHOWROOM_L34,SHOWROOM,Showroom,34,2026-02-12 00:00:00,,,,,,BOM.1523,,,,Bonvink,,,,,,,,,,,Patricia,,,,,,,,,descricao_ausente;quantidade_ausente;preco_ausente;
SHOWROOM_L35,SHOWROOM,Showroom,35,2026-02-12 00:00:00,,,,,,BOM.1535,,,,Bonvink,,,,,,,,,,,Patricia,,,,,,,,,descricao_ausente;quantidade_ausente;preco_ausente;
SHOWROOM_L36,SHOWROOM,Showroom,36,2026-02-12 00:00:00,,,,,,BOM.1570,,,,Bonvink,,,,,,,,,,,Patricia,,,,,,,,,descricao_ausente;quantidade_ausente;preco_ausente;
SHOWROOM_L37,SHOWROOM,Showroom,37,2026-02-12 00:00:00,,,,,,BOM.1805,,,,Bonvink,,,,,,,,,,,Patricia,,,,,,,,,descricao_ausente;quantidade_ausente;preco_ausente;
SHOWROOM_L38,SHOWROOM,Showroom,38,2026-02-12 00:00:00,,,,,,BOM.3110,,,,Bonvink,,,,,,,,,,,Patricia,,,,,,,,,descricao_ausente;quantidade_ausente;preco_ausente;
SHOWROOM_L39,SHOWROOM,Showroom,39,2026-02-12 00:00:00,,,,,,BOM.3230,,,,Bonvink,,,,,,,,,,,Patricia,,,,,,,,,descricao_ausente;quantidade_ausente;preco_ausente;
SHOWROOM_L40,SHOWROOM,Showroom,40,2026-02-12 00:00:00,,,,,,BOM.3231,,,,Bonvink,,,,,,,,,,,Patricia,,,,,,,,,descricao_ausente;quantidade_ausente;preco_ausente;
SHOWROOM_L41,SHOWROOM,Showroom,41,2026-02-12 00:00:00,,,,,,BOM.3633,,,,Bonvink,,,,,,,,,,,Patricia,,,,,,,,,descricao_ausente;quantidade_ausente;preco_ausente;
SHOWROOM_L42,SHOWROOM,Showroom,42,2026-02-12 00:00:00,,,,,,BOM 3629,,,,Bonvink,,,,,,,,,,,Patricia,,,,,,,,,descricao_ausente;quantidade_ausente;preco_ausente;
SHOWROOM_L43,SHOWROOM,Showroom,43,2026-02-12 00:00:00,,,,,,BOM.3632,,,,Bonvink,,,,,,,,,,,Patricia,,,,,,,,,descricao_ausente;quantidade_ausente;preco_ausente;
SHOWROOM_L44,SHOWROOM,Showroom,44,2026-02-12 00:00:00,,,,,,BOM.3903,,,,Bonvink,,,,,,,,,,,Patricia,,,,,,,,,descricao_ausente;quantidade_ausente;preco_ausente;
SHOWROOM_L45,SHOWROOM,Showroom,45,2026-02-12 00:00:00,,,,,,BOM.3910,,,,Bonvink,,,,,,,,,,,Patricia,,,,,,,,,descricao_ausente;quantidade_ausente;preco_ausente;
SHOWROOM_L46,SHOWROOM,Showroom,46,2026-02-12 00:00:00,,,,,,BOM.3911,,,,Bonvink,,,,,,,,,,,Patricia,,,,,,,,,descricao_ausente;quantidade_ausente;preco_ausente;
SHOWROOM_L47,SHOWROOM,Showroom,47,2026-02-12 00:00:00,,,,,,BOM.3916,,,,Bonvink,,,,,,,,,,,Patricia,,,,,,,,,descricao_ausente;quantidade_ausente;preco_ausente;
SHOWROOM_L48,SHOWROOM,Showroom,48,2026-02-12 00:00:00,,,,,,BOM.5102,,,,Bonvink,,,,,,,,,,,Patricia,,,,,,,,,descricao_ausente;quantidade_ausente;preco_ausente;
SHOWROOM_L49,SHOWROOM,Showroom,49,2026-02-12 00:00:00,,,,,,BOM.5118,,,,Bonvink,,,,,,,,,,,Patricia,,,,,,,,,descricao_ausente;quantidade_ausente;preco_ausente;
SHOWROOM_L50,SHOWROOM,Showroom,50,2026-02-12 00:00:00,,,,,,ƁOM.5675,,,,Bonvink,,,,,,,,,,,Patricia,,,,,,,,,descricao_ausente;quantidade_ausente;preco_ausente;
SHOWROOM_L51,SHOWROOM,Showroom,51,2026-02-12 00:00:00,,,,,,BOM.6211,,,,Bonvink,,,,,,,,,,,Patricia,,,,,,,,,descricao_ausente;quantidade_ausente;preco_ausente;
SHOWROOM_L52,SHOWROOM,Showroom,52,2026-02-12 00:00:00,,,,,,BOM.6540,,,,Bonvink,,,,,,,,,,,Patricia,,,,,,,,,descricao_ausente;quantidade_ausente;preco_ausente;
SHOWROOM_L53,SHOWROOM,Showroom,53,2026-02-12 00:00:00,,,,,,BOM.6701,,,,Bonvink,,,,,,,,,,,Patricia,,,,,,,,,descricao_ausente;quantidade_ausente;preco_ausente;
SHOWROOM_L54,SHOWROOM,Showroom,54,2026-02-12 00:00:00,,,,,,BOM.6804,,,,Bonvink,,,,,,,,,,,Patricia,,,,,,,,,descricao_ausente;quantidade_ausente;preco_ausente;
SHOWROOM_L55,SHOWROOM,Showroom,55,2026-02-12 00:00:00,,,,,,BOM.6816,,,,Bonvink,,,,,,,,,,,Patricia,,,,,,,,,descricao_ausente;quantidade_ausente;preco_ausente;
SHOWROOM_L56,SHOWROOM,Showroom,56,2026-02-12 00:00:00,,,,,,BOM.9106,,,,Bonvink,,,,,,,,,,,Patricia,,,,,,,,,descricao_ausente;quantidade_ausente;preco_ausente;
SHOWROOM_L57,SHOWROOM,Showroom,57,2026-02-12 00:00:00,,,,,,BOM.9303,,,,Bonvink,,,,,,,,,,,Patricia,,,,,,,,,descricao_ausente;quantidade_ausente;preco_ausente;
SHOWROOM_L58,SHOWROOM,Showroom,58,2026-02-12 00:00:00,,,,,,BOM.9964,,,,Bonvink,,,,,,,,,,,Patricia,,,,,,,,,descricao_ausente;quantidade_ausente;preco_ausente;
SHOWROOM_L59,SHOWROOM,Showroom,59,2026-02-12 00:00:00,,,,,,BOM.7422,,,,Bonvink,,,,,,,,,,,Patricia,,,,,,,,,descricao_ausente;quantidade_ausente;preco_ausente;
SHOWROOM_L60,SHOWROOM,Showroom,60,2026-02-12 00:00:00,,,,,,BOM.7712,,,,Bonvink,,,,,,,,,,,Patricia,,,,,,,,,descricao_ausente;quantidade_ausente;preco_ausente;
SHOWROOM_L61,SHOWROOM,Showroom,61,2026-02-12 00:00:00,,,,,,BOM.7713,,,,Bonvink,,,,,,,,,,,Patricia,,,,,,,,,descricao_ausente;quantidade_ausente;preco_ausente;
SHOWROOM_L62,SHOWROOM,Showroom,62,2026-02-12 00:00:00,,,,,,ƁOM.7720,,,,Bonvink,,,,,,,,,,,Patricia,,,,,,,,,descricao_ausente;quantidade_ausente;preco_ausente;
SHOWROOM_L63,SHOWROOM,Showroom,63,2026-02-12 00:00:00,,,,,,BOM 5404,,,,Bonvink,,,,,,,,,,,Patricia,,,,,,,,,descricao_ausente;quantidade_ausente;preco_ausente;
SHOWROOM_L64,SHOWROOM,Showroom,64,2026-02-12 00:00:00,,,,,,BOM 3918,,,,Bonvink,,,,,,,,,,,Patricia,,,,,,,,,descricao_ausente;quantidade_ausente;preco_ausente;
SHOWROOM_L65,SHOWROOM,Showroom,65,2026-02-12 00:00:00,386.0,7.0,407.0,2849.0,CADEIRA LIDER,2,,,Somente 1 vendida - mas a cx vem com 2,JGM,,,,,,,,,,,Patricia,,,,,,,,,
SHOWROOM_L66,SHOWROOM,Showroom,66,2026-02-12 00:00:00,,1.0,192.61,192.61,Cadeira Smart,1,,,,JGM,,,,,,,,,,,Patricia,,,,,,,,,
SHOWROOM_L67,SHOWROOM,Showroom,67,2026-02-12 00:00:00,,1.0,204.97,204.97,Cadeira Smart Fixa,1,,,,JGM,,,,,,,,,,,Patricia,,,,,,,,,
SHOWROOM_L68,SHOWROOM,Showroom,68,2026-02-19 00:00:00,4318.0,50.0,945.0,14.853,Antena 5m,MTA-3005,,,,Tomate,,,,,,,,,,,Isaac,,,,,,,,,total_nao_bate_qtd_x_unitario;
SHOWROOM_L69,SHOWROOM,Showroom,69,2026-02-19 00:00:00,6603.0,1.0,158.8,158.8,Carrinho Esteira/Banco dobravel,BOM-2884,,,,Bonvink,,,,,,,,,,,Isaac,,,,,,,,,
SHOWROOM_L70,SHOWROOM,Showroom,70,,,,,,Cadeira de escritório,MCC-P018,,,Sem estoque,Tomate,,,,,,,,,,,Neto,2026-02-09,,,,,,,,quantidade_ausente;preco_ausente;data_ausente;
SHOWROOM_L71,SHOWROOM,Showroom,71,,,,,,,BOM-7002,,,,Bonvink,,,,,,,,,,,Patricia,,,,,,,,,descricao_ausente;quantidade_ausente;preco_ausente;data_ausente;
SHOWROOM_L72,SHOWROOM,Showroom,72,2026-02-11 00:00:00,5887.0,1.0,139.9,139.9,KIT DE PARAFUSADEIRA 21V COM TELA LCD,BOM-9972,,,,Bonvink,,,,,,,,,,,Patricia,,,,,,,,,
SHOWROOM_L73,SHOWROOM,Showroom,73,2026-02-11 00:00:00,6153.0,1.0,139.9,139.9,KIT DE PARAFUSADEIRA 21V COM TELA LCD,BOM-9972,,,,Bonvink,,,,,,,,,,,Patricia,,,,,,,,,
SHOWROOM_L74,SHOWROOM,Showroom,74,,,,,,,BOM-2337,,,,Bonvink,,,,,,,,,,,Patricia,,,,,,,,,descricao_ausente;quantidade_ausente;preco_ausente;data_ausente;
SHOWROOM_L75,SHOWROOM,Showroom,75,,,,,,,D-BH1018,,,,Grasep,,,,,,,,,,,Yhan,,,,,,,,,descricao_ausente;quantidade_ausente;preco_ausente;data_ausente;
SHOWROOM_L76,SHOWROOM,Showroom,76,,,,,,,D-BH1050,,,,Grasep,,,,,,,,,,,Yhan,,,,,,,,,descricao_ausente;quantidade_ausente;preco_ausente;data_ausente;
SHOWROOM_L77,SHOWROOM,Showroom,77,,,,,,,D-XK 102,,,,Grasep,,,,,,,,,,,Patricia,,,,,,,,,descricao_ausente;quantidade_ausente;preco_ausente;data_ausente;
SHOWROOM_L78,SHOWROOM,Showroom,78,,,,,,,KB-BL4528,,,,HWJ,,,,,,,,,,,Patricia,,,,,,,,,descricao_ausente;quantidade_ausente;preco_ausente;data_ausente;
SHOWROOM_L79,SHOWROOM,Showroom,79,,,1.0,,,,ABS-33-7PC-DL,,,,HWJ,,,,,,,,,,,Patricia,,,,,,,,,descricao_ausente;preco_ausente;data_ausente;
SHOWROOM_L80,SHOWROOM,Showroom,80,,,1.0,,,,B-663-2S,,,,HWJ,,,,,,,,,,,Patricia,,,,,,,,,descricao_ausente;preco_ausente;data_ausente;
SHOWROOM_L81,SHOWROOM,Showroom,81,,,,,,,lc-001B,,,,Tomate,,,,,,,,,,,Patricia,,,,,,,,,descricao_ausente;quantidade_ausente;preco_ausente;data_ausente;
SHOWROOM_L82,SHOWROOM,Showroom,82,,,1.0,,,,WZB-6658,,,,HWJ,,,,,,,,,,,Patricia,,,,,,,,,descricao_ausente;preco_ausente;data_ausente;
SHOWROOM_L83,SHOWROOM,Showroom,83,,,1.0,,,,QB-KB05,,,,HWJ,,,,,,,,,,,Patricia,2026-02-19,,,,,,,,descricao_ausente;preco_ausente;data_ausente;
SHOWROOM_L84,SHOWROOM,Showroom,84,,,,,,,ON -LU203,,,,ONISTEK,,,,,,,,,,,DIEGO,2026-02-11,,,,,,,,descricao_ausente;quantidade_ausente;preco_ausente;data_ausente;
SHOWROOM_L85,SHOWROOM,Showroom,85,,,3.0,,,,BOM-6560,,,,Bonvink,,,,,,,,,,,YHAN,2026-02-11,,,,,,,,descricao_ausente;preco_ausente;data_ausente;
SHOWROOM_L86,SHOWROOM,Showroom,86,,,,,,,LB-CA250,,,,iT bLUE/kNUP,,,,,,,,,,,YHAN,2026-02-11,,,,,,,,descricao_ausente;quantidade_ausente;preco_ausente;data_ausente;
SHOWROOM_L87,SHOWROOM,Showroom,87,,,,,,,KP-CA127,,,,ÍPEGA,,,,,,,,,,,YHAN,2026-02-11,,,,,,,,descricao_ausente;quantidade_ausente;preco_ausente;data_ausente;
SHOWROOM_L88,SHOWROOM,Showroom,88,,,,,,,KP-CA209,,,,ÍPEGA,,,,,,,,,,,YHAN,2026-02-11,,,,,,,,descricao_ausente;quantidade_ausente;preco_ausente;data_ausente;
SHOWROOM_L89,SHOWROOM,Showroom,89,,,,,,,BOM-6560,,,,Bonvink,,,,,,,,,,,YHAN,2026-02-20,,,,,,,,descricao_ausente;quantidade_ausente;preco_ausente;data_ausente;
SHOWROOM_L90,SHOWROOM,Showroom,90,,,,,,,MCC-P013,,,,TOMATE?,,,,,,,,,,,YHAN,2026-02-20,,,,,,,,descricao_ausente;quantidade_ausente;preco_ausente;data_ausente;
SHOWROOM_L91,SHOWROOM,Showroom,91,,,,,,,BOM-7010,,,,Bonvink,,,,,,,,,,,YHAN,2026-02-20,,,,,,,,descricao_ausente;quantidade_ausente;preco_ausente;data_ausente;
SHOWROOM_L92,SHOWROOM,Showroom,92,,,,,,,LB-CA250,,,,Bonvink,,,,,,,,,,,YHAN,2026-02-20,,,,,,,,descricao_ausente;quantidade_ausente;preco_ausente;data_ausente;
SHOWROOM_L93,SHOWROOM,Showroom,93,,,,,,,JGM-30,,,,JGM,,,,,,,,,,,YHAN,2026-02-25,,,,,,,,descricao_ausente;quantidade_ausente;preco_ausente;data_ausente;
SHOWROOM_L94,SHOWROOM,Showroom,94,,,,,,,NKI507,,,,GRASEP,,,,,,,,,,,YHAN,2026-02-27,,,,,,,,descricao_ausente;quantidade_ausente;preco_ausente;data_ausente;
SHOWROOM_L95,SHOWROOM,Showroom,95,,,,,,,FN635,,,,ONISTEK,,,,,,,,,,,NICOLE,2026-02-27,,,,,,,,descricao_ausente;quantidade_ausente;preco_ausente;data_ausente;
SHOWROOM_L96,SHOWROOM,Showroom,96,,,,,,,ON-TWS46,,,,ONISTEK,,,,,,,,,,,NICOLE,2026-02-18,,,,,,,,descricao_ausente;quantidade_ausente;preco_ausente;data_ausente;
SHOWROOM_L97,SHOWROOM,Showroom,97,,,,,,,BOM-8804,,,,Bonvink,,,,,,,,,,,ISAAC,,,,,,,,,descricao_ausente;quantidade_ausente;preco_ausente;data_ausente;
SHOWROOM_L98,SHOWROOM,Showroom,98,,,,,,,BOM-9515,,,,Bonvink,,,,,,,,,,,ISAAC,2026-02-20,,,,,,,,descricao_ausente;quantidade_ausente;preco_ausente;data_ausente;
SHOWROOM_L99,SHOWROOM,Showroom,99,,,,,,,ON-2105,,,,ONISTEK,,,,,,,,,,,ISAAC,2026-02-20,,,,,,,,descricao_ausente;quantidade_ausente;preco_ausente;data_ausente;
SHOWROOM_L100,SHOWROOM,Showroom,100,,,,,,,SC-B48,,,,iT bLUE/kNUP,,,,,,,,,,,ISAAC,2026-02-20,,,,,,,,descricao_ausente;quantidade_ausente;preco_ausente;data_ausente;
SHOWROOM_L101,SHOWROOM,Showroom,101,,,,,,,FT103/220V,,,,ONISTEK,,,,,,,,,,,PATRICIA,2026-03-02,,,,,,,,descricao_ausente;quantidade_ausente;preco_ausente;data_ausente;
SHOWROOM_L102,SHOWROOM,Showroom,102,,,,,,,UD119,,,,ONISTEK,,,,,,,,,,,PATRICIA,2026-03-02,,,,,,,,descricao_ausente;quantidade_ausente;preco_ausente;data_ausente;
SHOWROOM_L103,SHOWROOM,Showroom,103,,,,,,,KP-CA608,,,,KNUP,,,,,,,,,,,PATRICIA,2026-03-02,,,,,,,,descricao_ausente;quantidade_ausente;preco_ausente;data_ausente;
SHOWROOM_L104,SHOWROOM,Showroom,104,,,,,,,ON-FA010,,,,ONISTEK,,,,,,,,,,,PATRICIA,2026-03-02,,,,,,,,descricao_ausente;quantidade_ausente;preco_ausente;data_ausente;
SHOWROOM_L105,SHOWROOM,Showroom,105,,,,,,,ON-FA010,,,,ONISTEK,,,,,,,,,,,PATRICIA,2026-03-02,,,,,,,,descricao_ausente;quantidade_ausente;preco_ausente;data_ausente;
SHOWROOM_L106,SHOWROOM,Showroom,106,,,,,,,ON-4900AAA,,,,ONISTEK,,,,,,,,,,,PATRICIA,2026-02-26,,,,,,,,descricao_ausente;quantidade_ausente;preco_ausente;data_ausente;
SHOWROOM_L107,SHOWROOM,Showroom,107,,,,,,,ON-FT100,,,,ONISTEK,,,,,,,,,,,PATRICIA,2026-02-26,,,,,,,,descricao_ausente;quantidade_ausente;preco_ausente;data_ausente;
SHOWROOM_L108,SHOWROOM,Showroom,108,,,,,,,DNB-4803,,,,HWJ,,,,,,,,,,,PATRICIA,2026-02-25,,,,,,,,descricao_ausente;quantidade_ausente;preco_ausente;data_ausente;
SHOWROOM_L109,SHOWROOM,Showroom,109,,,,,,,B-26,,,,HWJ,,,,,,,,,,,PATRICIA,,,,,,,,,descricao_ausente;quantidade_ausente;preco_ausente;data_ausente;
SHOWROOM_L110,SHOWROOM,Showroom,110,,,,,,,B-F668,,,,HWJ,,,,,,,,,,,PATRICIA,,,,,,,,,descricao_ausente;quantidade_ausente;preco_ausente;data_ausente;
SHOWROOM_L111,SHOWROOM,Showroom,111,,,,,,,B-F671,,,,HWJ,,,,,,,,,,,PATRICIA,,,,,,,,,descricao_ausente;quantidade_ausente;preco_ausente;data_ausente;
SHOWROOM_L112,SHOWROOM,Showroom,112,,,,,,,B-PL594-2S,,,,HWJ,,,,,,,,,,,PATRICIA,,,,,,,,,descricao_ausente;quantidade_ausente;preco_ausente;data_ausente;
SHOWROOM_L113,SHOWROOM,Showroom,113,,,,,,,BD-3519,,,,HWJ,,,,,,,,,,,PATRICIA,,,,,,,,,descricao_ausente;quantidade_ausente;preco_ausente;data_ausente;
SHOWROOM_L114,SHOWROOM,Showroom,114,,,,,,,ON-FN648,,,,ONISTEK,,,,,,,,,,,PATRICIA,,,,,,,,,descricao_ausente;quantidade_ausente;preco_ausente;data_ausente;
SHOWROOM_L115,SHOWROOM,Showroom,115,,,,,,,ON-MA017,,,,ONISTEK,,,,,,,,,,,PATRICIA,,,,,,,,,descricao_ausente;quantidade_ausente;preco_ausente;data_ausente;
SHOWROOM_L116,SHOWROOM,Showroom,116,,,,,,,ON-MA015,,,,ONISTEK,,,,,,,,,,,PATRICIA,,,,,,,,,descricao_ausente;quantidade_ausente;preco_ausente;data_ausente;
SHOWROOM_L117,SHOWROOM,Showroom,117,,,,,,,D-A24I713,,,,GRASEP,,,,,,,,,,,PATRICIA,,,,,,,,,descricao_ausente;quantidade_ausente;preco_ausente;data_ausente;
SHOWROOM_L118,SHOWROOM,Showroom,118,,,,,,,ON-LU203,,,,ONISTEK,,,,,,,,,,,PATRICIA,,,,,,,,,descricao_ausente;quantidade_ausente;preco_ausente;data_ausente;
SHOWROOM_L119,SHOWROOM,Showroom,119,,,,,,,BOM-6801,,,,Bonvink,,,,,,,,,,,PATRICIA,,,,,,,,,descricao_ausente;quantidade_ausente;preco_ausente;data_ausente;
SHOWROOM_L120,SHOWROOM,Showroom,120,,,,,,,ON-MC836,,,,ONISTEK,,,,,,,,,,,PATRICIA,,,,,,,,,descricao_ausente;quantidade_ausente;preco_ausente;data_ausente;
ShowRoom1_L8,ShowRoom1,Showroom,8,-,-,10.0,93.0,930.0,LUMINÁRIA SOLAR,ON-LU203,,,-,ONISTEK,,,,,,,,,,-,DIEGO,2026-02-11,,,,,,,,data_ausente;linha_duplicada_suspeita;
ShowRoom1_L9,ShowRoom1,Showroom,9,-,-,10.0,129.9,1299.0,TRENA DIGITAL DE RODA PARA,BOM-6560,,,-,BOMVINK,,,,,,,,,,-,YHAN,2026-02-11,,,,,,,,data_ausente;linha_duplicada_suspeita;
ShowRoom1_L10,ShowRoom1,Showroom,10,-,-,24.0,185.0,4440.0,CÂMERA IP,LB-CA250,,,-,ÍPEGA,,,,,,,,,,-,YHAN,2026-02-11,,,,,,,,data_ausente;linha_duplicada_suspeita;
ShowRoom1_L11,ShowRoom1,Showroom,11,-,-,30.0,55.0,1650.0,CÂMERA IP,KP-CA127,,,-,ÍPEGA,,,,,,,,,,-,YHAN,2026-02-11,,,,,,,,data_ausente;
ShowRoom1_L12,ShowRoom1,Showroom,12,-,-,18.0,145.0,2610.0,CÂMERA IP,KP-CA209,,,-,ÍPEGA,,,,,,,,,,-,YHAN,2026-02-11,,,,,,,,data_ausente;
ShowRoom1_L13,ShowRoom1,Showroom,13,-,-,100.0,23.0,2300.0,FONE WIRELESS,ON-TWS46,,,-,ONISTEK,,,,,,,,,,-,NICOLE,2026-02-18,,,,,,,,data_ausente;
ShowRoom1_L14,ShowRoom1,Showroom,14,-,-,10.0,129.9,1299.0,TRENA DIGITAL DE RODA PARA,BOM-6560,,,-,BOMVINK,,,,,,,,,,-,YHAN,2026-02-20,,,,,,,,data_ausente;linha_duplicada_suspeita;
ShowRoom1_L15,ShowRoom1,Showroom,15,-,-,7.0,162.0,1134.0,MESA DE ACAMPAMENTO,MCC-P013,,,-,TOMATE,,,,,,,,,,-,YHAN,2026-02-20,,,,,,,,data_ausente;
ShowRoom1_L16,ShowRoom1,Showroom,16,-,-,1.0,309.9,309.9,LAVADORA DE ALTA PRESSÃO,BOM-7010,,,-,BOMVINK,,,,,,,,,,-,YHAN,2026-02-20,,,,,,,,data_ausente;
ShowRoom1_L17,ShowRoom1,Showroom,17,-,-,24.0,185.0,4440.0,CÂMERA IP,LB-CA250,,,-,ÍPEGA,,,,,,,,,,-,YHAN,2026-02-20,,,,,,,,data_ausente;linha_duplicada_suspeita;
ShowRoom1_L18,ShowRoom1,Showroom,18,-,-,100.0,12.99,1299.0,FERRO DE SOLDAR,BOM-9515,,,-,BOMVINK,,,,,,,,,,-,ISAAC,2026-02-20,,,,,,,,data_ausente;
ShowRoom1_L19,ShowRoom1,Showroom,19,-,-,48.0,21.0,1008.0,ESPELHO COM LED,ON-2105,,,-,ONISTEK,,,,,,,,,,-,ISAAC,2026-02-20,,,,,,,,data_ausente;
ShowRoom1_L20,ShowRoom1,Showroom,20,-,-,1.0,49.0,49.0,CAMERAS WIFI 2MP app icsee,SC-B48,,,-,IT BLUE,,,,,,,,,,-,ISAAC,2026-02-20,,,,,,,,data_ausente;
ShowRoom1_L21,ShowRoom1,Showroom,21,-,-,1.0,478.95,478.95,CLIMATIZADOR 30LT,JGM-30,,,-,JGM,,,,,,,,,,-,YHAN,2026-02-25,,,,,,,,data_ausente;
ShowRoom1_L22,ShowRoom1,Showroom,22,-,-,1.0,26.0,26.0,BOLSA PASTA DE NOTEBOOK COM ALÇA,DNB-4803,,,-,HWJ,,,,,,,,,,-,PATRICIA,2026-02-25,,,,,,,,data_ausente;
ShowRoom1_L23,ShowRoom1,Showroom,23,-,-,200.0,5.6,1120.0,PILHA ALCALINA,ON-4900AAA,,,-,ONISTEK,,,,,,,,,,-,PATRICIA,2026-02-26,,,,,,,,data_ausente;
ShowRoom1_L24,ShowRoom1,Showroom,24,-,-,4.0,275.0,1100.0,AIR FRYER,ON-FT100/110V,,,-,ONISTEK,,,,,,,,,,-,PATRICIA,2026-02-26,,,,,,,,data_ausente;
ShowRoom1_L25,ShowRoom1,Showroom,25,-,-,5.0,1760.0,8800.0,NOTEBOOK,D-NKI507,,,-,GRASEP,,,,,,,,,,-,YHAN,2026-02-27,,,,,,,,data_ausente;
ShowRoom1_L26,ShowRoom1,Showroom,26,-,-,30.0,60.0,1800.0,HEADSET GAMER,ON-FN635,,,-,ONISTEK,,,,,,,,,,-,NICOLE,2026-02-27,,,,,,,,data_ausente;
ShowRoom1_L27,ShowRoom1,Showroom,27,-,-,4.0,198.0,792.0,AIR FRYER,ON-FT103/220V,,,-,ONISTEK,,,,,,,,,,-,PATRICIA,2026-03-02,,,,,,,,data_ausente;
ShowRoom1_L28,ShowRoom1,Showroom,28,-,-,24.0,68.0,1632.0,PROCESSADORMINI,ON-UD119,,,-,ONISTEK,,,,,,,,,,-,PATRICIA,2026-03-02,,,,,,,,data_ausente;
ShowRoom1_L29,ShowRoom1,Showroom,29,-,-,10.0,275.0,2750.0,FECHADURA INTELIGENTE,KP-CA608,,,-,ÍPEGA,,,,,,,,,,-,PATRICIA,2026-03-02,,,,,,,,data_ausente;
ShowRoom1_L30,ShowRoom1,Showroom,30,-,-,30.0,36.0,1080.0,VENTILADOR AUTOMOTIVO MINI,ON-FA010,,,-,ONISTEK,,,,,,,,,,-,PATRICIA,2026-03-02,,,,,,,,data_ausente;
ShowRoom1_L31,ShowRoom1,Showroom,31,-,-,28.0,58.0,1624.0,CANHÃOREFLETOR DE LED,ON-LP362,,,-,ONISTEK,,,,,,,,,,-,PATRICIA,2026-03-03,,,,,,,,data_ausente;
ShowRoom1_L32,ShowRoom1,Showroom,32,-,-,40.0,18.8,752.0,BOMBA COMPRESSOR PEDAL ALUMÍNIO,BOM-8804,,,-,BOMVINK,,,,,,,,,,-,ISAAC,2026-02-25,,,,,,,,data_ausente;
ShowRoom1_L33,ShowRoom1,Showroom,33,-,-,40.0,126.0,5040.0,MOCHILA EXPANSÍVEL IMPERMEÁVEL USB,B-26,,,-,HWJ,,,,,,,,,,-,PATRICIA,2026-02-24,,,,,,,,data_ausente;
ShowRoom1_L34,ShowRoom1,Showroom,34,-,-,50.0,65.0,3250.0,MOCHILA IMPERMEÁVEL USB P2 CADEADO,B-F668,,,-,HWJ,,,,,,,,,,-,PATRICIA,2026-02-24,,,,,,,,data_ausente;
ShowRoom1_L35,ShowRoom1,Showroom,35,-,-,50.0,65.0,3250.0,MOCHILA IMPERMEÁVEL USB P2 CADEADO,B-F671,,,-,HWJ,,,,,,,,,,-,PATRICIA,2026-02-24,,,,,,,,data_ausente;
ShowRoom1_L36,ShowRoom1,Showroom,36,-,-,50.0,65.0,3250.0,MOCHILA CABO DE AÇO COURO SINTETICO,B-PL594-2S,,,-,HWJ,,,,,,,,,,-,PATRICIA,2026-02-24,,,,,,,,data_ausente;
ShowRoom1_L37,ShowRoom1,Showroom,37,-,-,120.0,32.0,3840.0,ESTOJO ESCOLAR 3 ABAS,BD-3519,,,-,HWJ,,,,,,,,,,-,PATRICIA,2026-02-24,,,,,,,,data_ausente;
ShowRoom1_L38,ShowRoom1,Showroom,38,-,-,30.0,138.0,4140.0,MOCHILA EXPANSÍVEL IMPERMEÁVEL USB,B-29-HEI,,,-,HWJ,,,,,,,,,,-,PATRICIA,2026-02-24,,,,,,,,data_ausente;
ShowRoom1_L39,ShowRoom1,Showroom,39,-,-,120.0,37.2,4464.0,MALA ACADEMIA ESPORTIVA,FSL205,,,-,HWJ,,,,,,,,,,-,PATRICIA,2026-02-24,,,,,,,,data_ausente;
ShowRoom1_L40,ShowRoom1,Showroom,40,-,-,120.0,18.0,2160.0,BOLSA PORTA CELULAR 3 ZÍPER E ALÇA,SJB-F20,,,-,HWJ,,,,,,,,,,-,PATRICIA,2026-02-24,,,,,,,,data_ausente;
ShowRoom1_L41,ShowRoom1,Showroom,41,-,-,50.0,36.0,1800.0,HEADSET PARA PC,ON-FN648,,,-,ONISTEK,,,,,,,,,,-,PATRICIA,2026-02-24,,,,,,,,data_ausente;
ShowRoom1_L42,ShowRoom1,Showroom,42,-,-,48.0,28.0,1344.0,KIT APARADOR 3 EM 1,ON-MA017,,,-,ONISTEK,,,,,,,,,,-,PATRICIA,2026-02-20,,,,,,,,data_ausente;
ShowRoom1_L43,ShowRoom1,Showroom,43,-,-,60.0,40.0,2400.0,MÁQUINADE CORTAR CABELO,ON-MA015,,,-,ONISTEK,,,,,,,,,,-,PATRICIA,2026-02-20,,,,,,,,data_ausente;
ShowRoom1_L44,ShowRoom1,Showroom,44,-,-,3.0,3800.0,11400.0,ALL-IN-ONE,D-A24I713,,,-,GRASEP,,,,,,,,,,-,PATRICIA,2026-02-20,,,,,,,,data_ausente;
ShowRoom1_L45,ShowRoom1,Showroom,45,-,-,10.0,93.0,930.0,LUMINÁRIA SOLAR,ON-LU203,,,-,ONISTEK,,,,,,,,,,-,PATRICIA,2026-02-24,,,,,,,,data_ausente;linha_duplicada_suspeita;
ShowRoom1_L46,ShowRoom1,Showroom,46,-,-,60.0,59.8,3588.0,MEDIDOR DE RUÍDO DIGITAL,BOM-6801,,,-,BOMVINK,,,,,,,,,,-,PATRICIA,2026-02-24,,,,,,,,data_ausente;
ShowRoom1_L47,ShowRoom1,Showroom,47,-,-,100.0,48.0,4800.0,KIT 2 MICROFONES,ON-MC836,,,-,ONISTEK,,,,,,,,,,-,PATRICIA,2026-02-18,,,,,,,,data_ausente;
ShowRoom1_L48,ShowRoom1,Showroom,48,-,-,1.0,3.8,3.8,ESTILETE,BOM-3304,,,RETIRADA NETO,BOMVINK,,,,,,,,,,-,PATRICIA,2026-03-03,,,,,,,,data_ausente;
ShowRoom1_L49,ShowRoom1,Showroom,49,-,-,1.0,3.9,3.9,ESTILETE RASPADOR PROFISSIONAL,BOM-7350,,,RETIRADA NETO,BOMVINK,,,,,,,,,,-,PATRICIA,2026-03-03,,,,,,,,data_ausente;
ShowRoom1_L50,ShowRoom1,Showroom,50,-,-,36.0,23.8,856.8,BATERIA DE CARBONO AA/R6,LE-7999-1,,,-,LELONG,,,,,,,,,,-,PATRICIA,2026-03-04,,,,,,,,data_ausente;
ShowRoom1_L51,ShowRoom1,Showroom,51,-,-,36.0,19.8,712.8,BATERIA DE CARBONO AAA/R03,LE-7999-2,,,-,LELONG,,,,,,,,,,-,PATRICIA,2026-03-04,,,,,,,,data_ausente;
ShowRoom1_L52,ShowRoom1,Showroom,52,-,-,20.0,70.0,1400.0,BATERIA MOEDA CR2025 3V,LE-7999-20-CR2025,,,-,LELONG,,,,,,,,,,-,PATRICIA,2026-03-04,,,,,,,,data_ausente;
ShowRoom1_L53,ShowRoom1,Showroom,53,-,-,144.0,5.7,820.8,PERARO INSERTO PARA PNEU,AC-6650,,,-,ATEC,,,,,,,,,,-,PATRICIA,2026-03-04,,,,,,,,data_ausente;
ShowRoom1_L54,ShowRoom1,Showroom,54,-,-,50.0,175.0,8750.0,VIDEO GAME PORTATIL,MAY-032,,,-,TOMATE,,,,,,,,,,-,PATRICIA,2026-03-09,,,,,,,,data_ausente;
ShowRoom1_L55,ShowRoom1,Showroom,55,-,-,1.0,204.97,204.97,CADEIRA SMART FIXA,199,,,-,JGM,,,,,,,,,,-,ISAAC,2026-03-10,,,,,,,,data_ausente;
ShowRoom1_L56,ShowRoom1,Showroom,56,-,-,10.0,129.9,1299.0,LAVADORA DE PRESSÃO PORTÁTIL A BATERIA,BOM-7001,,,-,BOMVINK,,,,,,,,,,-,DIEGO,2026-03-10,,,,,,,,data_ausente;
ShowRoom1_L57,ShowRoom1,Showroom,57,-,-,24.0,4.5,108.0,ESTILETE DOBRÁVEL,BOM-3303,,,-,BOMVINK,,,,,,,,,,-,DIEGO,2026-03-10,,,,,,,,data_ausente;
ShowRoom1_L58,ShowRoom1,Showroom,58,-,-,120.0,6.99,838.8,LUVAS ANTICORTE,BOM-7112,,,-,BOMVINK,,,,,,,,,,-,DIEGO,2026-03-10,,,,,,,,data_ausente;
ShowRoom1_L59,ShowRoom1,Showroom,59,-,-,240.0,9.99,2397.6,LANTERNA DE CABEÇA COB,BOM-4006,,,-,BOMVINK,,,,,,,,,,-,DIEGO,2026-03-10,,,,,,,,data_ausente;
ShowRoom1_L60,ShowRoom1,Showroom,60,-,-,30.0,115.0,3450.0,CAMERA DE IP WI-FI,KP-CA207,,,-,ÍPEGA,,,,,,,,,,-,DIEGO,2026-03-10,,,,,,,,data_ausente;
ShowRoom1_L61,ShowRoom1,Showroom,61,-,-,18.0,165.0,2970.0,CAMERA DE LENTE DUPLA,KP-CA209,,,-,ÍPEGA,,,,,,,,,,-,DIEGO,2026-03-10,,,,,,,,data_ausente;
ShowRoom1_L62,ShowRoom1,Showroom,62,-,-,30.0,145.0,4350.0,CAMERA DE SEGURANÇA IP,KP-CA190,,,-,ÍPEGA,,,,,,,,,,-,DIEGO,2026-03-10,,,,,,,,data_ausente;
ShowRoom1_L63,ShowRoom1,Showroom,63,-,-,30.0,165.0,4950.0,CAMERA COM BATERIA INTELIGENTE,SC-B1,,,-,IT BLUE,,,,,,,,,,-,DIEGO,2026-03-10,,,,,,,,data_ausente;
ShowRoom1_L64,ShowRoom1,Showroom,64,-,-,400.0,20.8,8320.0,INTERUPTOR INTELIGENTE ,SC-9408,,,-,IT BLUE,,,,,,,,,,-,DIEGO,2026-03-10,,,,,,,,data_ausente;
ShowRoom1_L65,ShowRoom1,Showroom,65,-,-,12.0,46.0,552.0,ESPELHO ARCO,OPA-Z062,,,-,OPAPRO,,,,,,,,,,-,PATRICIA,2026-03-12,,,,,,,,data_ausente;
ShowRoom1_L66,ShowRoom1,Showroom,66,-,-,100.0,29.0,2900.0,MINI PENDRIVE DE ALTA VELOCIDADE,D-UP64,,,-,GRASEP,,,,,,,,,,-,PATRICIA,2026-03-12,,,,,,,,data_ausente;
ShowRoom1_L67,ShowRoom1,Showroom,67,-,-,4.0,380.0,1520.0,Soundbar 120w,MTS-2018,,,-,TOMATE,,,,,,,,,,-,PATRICIA,2026-03-12,,,,,,,,data_ausente;
ShowRoom1_L68,ShowRoom1,Showroom,68,-,-,10.0,185.0,1850.0,TECLADO GAMER,TE-BKL006,,,-,KNUP,,,,,,,,,,-,PATRICIA,2026-03-12,,,,,,,,data_ausente;
ShowRoom1_L69,ShowRoom1,Showroom,69,-,-,20.0,305.0,6100.0,PLACA MAE AM4,G-A520,,,-,KNUP,,,,,,,,,,-,PATRICIA,2026-03-12,,,,,,,,data_ausente;
ShowRoom1_L70,ShowRoom1,Showroom,70,-,-,100.0,25.0,2500.0,MOUSE ÓPTICO RGB COM FIO,VM7048,,,-,DELTA,,,,,,,,,,-,PATRICIA,2026-03-12,,,,,,,,data_ausente;
ShowRoom1_L71,ShowRoom1,Showroom,71,-,-,30.0,80.0,2400.0,TECLADO MECÂNICO RGB,TM0691B,,,-,DELTA,,,,,,,,,,-,PATRICIA,2026-03-12,,,,,,,,data_ausente;
ShowRoom1_L72,ShowRoom1,Showroom,72,-,-,1.0,260.0,260.0,GABINETE S/ COOLER,FAERIE DRAGON GM,,,-,DELTA,,,,,,,,,,-,PATRICIA,2026-03-12,,,,,,,,data_ausente;
ShowRoom1_L73,ShowRoom1,Showroom,73,-,-,4.0,180.0,720.0,AIR FRYERFRITADEIRA ELÉTRICA,ON-FT105/220V,,,-,ONISTEK,,,,,,,,,,-,PATRICIA,2026-03-12,,,,,,,,data_ausente;
ShowRoom1_L74,ShowRoom1,Showroom,74,-,-,100.0,50.0,5000.0,FONE DE OUVIDO TWS TRANSFORMES,TF-T11,,,-,ONISTEK,,,,,,,,,,-,PATRICIA,2026-03-12,,,,,,,,data_ausente;
ShowRoom1_L75,ShowRoom1,Showroom,75,-,-,30.0,48.0,1440.0,HEADSET GAMER RGB,F5232,,,-,DELTA,,,,,,,,,,-,PATRICIA,2026-03-12,,,,,,,,data_ausente;
ShowRoom1_L76,ShowRoom1,Showroom,76,-,-,2.0,260.0,520.0,ALL-IN-ONE MAXIMUS i7 TELA 23.8’’,D-AI19,,,-,GRASEP,,,,,,,,,,-,PATRICIA,2026-03-12,,,,,,,,data_ausente;
ShowRoom1_L77,ShowRoom1,Showroom,77,-,-,20.0,40.0,800.0,TECLADO SEMI MECÂNICO RGB,VT045,,,-,DELTA,,,,,,,,,,-,PATRICIA,2026-03-13,,,,,,,,data_ausente;
ShowRoom1_L78,ShowRoom1,Showroom,78,-,-,30.0,80.0,2400.0,KIT TECLADO E MOUSE,K1756,,,-,DELTA,,,,,,,,,,-,PATRICIA,2026-03-13,,,,,,,,data_ausente;
ShowRoom1_L79,ShowRoom1,Showroom,79,-,-,30.0,50.0,1500.0,TECLADO SEMI MECÂNICO RGB,VT088,,,-,DELTA,,,,,,,,,,-,PATRICIA,2026-03-13,,,,,,,,data_ausente;
ShowRoom1_L80,ShowRoom1,Showroom,80,-,-,24.0,80.0,1920.0,COOLER RGB PARA PROCESSADOR,C4218,,,-,DELTA,,,,,,,,,,-,PATRICIA,2026-03-13,,,,,,,,data_ausente;
ShowRoom1_L81,ShowRoom1,Showroom,81,-,-,100.0,40.0,4000.0,FONE DE OUVIDO SEM FIO MONSTER,XKT17,,,-,ONISTEK,,,,,,,,,,-,PATRICIA,2026-03-13,,,,,,,,data_ausente;
ShowRoom1_L82,ShowRoom1,Showroom,82,-,-,100.0,40.0,4000.0,FONE DE OUVIDO TWS TRANSFORMES,TF-T02,,,-,ONISTEK,,,,,,,,,,-,PATRICIA,2026-03-13,,,,,,,,data_ausente;
ShowRoom1_L83,ShowRoom1,Showroom,83,-,-,100.0,30.0,3000.0,FONE DE OUVIDO GIRATORIO,XKT13,,,-,ONISTEK,,,,,,,,,,-,PATRICIA,2026-03-13,,,,,,,,data_ausente;
ShowRoom1_L84,ShowRoom1,Showroom,84,-,-,30.0,29.0,870.0,MOUSE PAD,KP-S011,,,-,KNUP,,,,,,,,,,-,PATRICIA,2026-03-13,,,,,,,,data_ausente;
ShowRoom1_L85,ShowRoom1,Showroom,85,-,-,40.0,20.0,800.0,MOUSE PAD,KP-S09,,,-,KNUP,,,,,,,,,,-,PATRICIA,2026-03-13,,,,,,,,data_ausente;
ShowRoom1_L86,ShowRoom1,Showroom,86,-,-,40.0,11.0,440.0,MOUSE PAD,KP-S07,,,-,KNUP,,,,,,,,,,-,PATRICIA,2026-03-13,,,,,,,,data_ausente;
ShowRoom1_L87,ShowRoom1,Showroom,87,-,-,20.0,48.0,960.0,CAIXA DE SOM MULTIMÍDIA,KP-RO832,,,-,KNUP,,,,,,,,,,-,PATRICIA,2026-03-13,,,,,,,,data_ausente;
ShowRoom1_L88,ShowRoom1,Showroom,88,-,-,30.0,38.0,1140.0,TECLADO GAMER,KP-TE120,,,-,KNUP,,,,,,,,,,-,PATRICIA,2026-03-13,,,,,,,,data_ausente;
ShowRoom1_L89,ShowRoom1,Showroom,89,-,-,20.0,98.0,1960.0,TECLADO MECÂNICO.,KP-TE143,,,-,KNUP,,,,,,,,,,-,PATRICIA,2026-03-13,,,,,,,,data_ausente;
ShowRoom1_L90,ShowRoom1,Showroom,90,-,-,50.0,50.0,2500.0,MOUSE GAMER ÓPTICO,KP-MU014,,,-,KNUP,,,,,,,,,,-,PATRICIA,2026-03-13,,,,,,,,data_ausente;
ShowRoom1_L91,ShowRoom1,Showroom,91,-,-,100.0,59.0,5900.0,KIT 2 MICROFONES,ON-MC828,,,RETIRADA NETO,ONISTEK,,,,,,,,,,-,ISAAC,2026-03-13,,,,,,,,data_ausente;
ShowRoom1_L92,ShowRoom1,Showroom,92,-,-,32.0,128.0,4096.0,CAMERAS INTELIGENTES WIFI,SC-B59,,,-,IT BLUE,,,,,,,,,,-,DIEGO,2026-03-13,,,,,,,,data_ausente;
ShowRoom1_L93,ShowRoom1,Showroom,93,-,-,80.0,46.0,3680.0,CAIXA DE SOM PORTATIL,D-G226,,,RETIRADA NETO,GRASEP,,,,,,,,,,-,OSMAR,2026-03-16,,,,,,,,data_ausente;linha_duplicada_suspeita;
ShowRoom1_L94,ShowRoom1,Showroom,94,-,-,30.0,26.0,780.0,TECLADO + MOUSE MULTIMIDIA,KP-TE122,,,-,KNUP,,,,,,,,,,-,OSMAR,2026-03-16,,,,,,,,data_ausente;
ShowRoom1_L95,ShowRoom1,Showroom,95,-,-,72.0,10.9,784.8,ALICATE DE BICO,BOM-1604,,,-,BOMVINK,,,,,,,,,,-,OSMAR,2026-03-16,,,,,,,,data_ausente;
ShowRoom1_L96,ShowRoom1,Showroom,96,-,-,200.0,5.8,1160.0,JOGO DE PONTAS MONTADOS 5PCS,BOM-5659,,,-,BOMVINK,,,,,,,,,,-,OSMAR,2026-03-16,,,,,,,,data_ausente;
ShowRoom1_L97,ShowRoom1,Showroom,97,-,-,5.0,395.0,1975.0,COLCHÃO INFLAVEL (URSO),MC-62,,,-,TOMATE,,,,,,,,,,-,OSMAR,2026-03-13,,,,,,,,data_ausente;
ShowRoom1_L98,ShowRoom1,Showroom,98,-,-,30.0,37.0,1110.0,TECLADO BLUETOOTH MINI,KP-TE109,,,-,KNUP,,,,,,,,,,-,PATRICIA,2026-03-19,,,,,,,,data_ausente;
ShowRoom1_L99,ShowRoom1,Showroom,99,-,-,100.0,21.0,2100.0,MOUSE SEM FIO,KP-MU023,,,-,KNUP,,,,,,,,,,-,PATRICIA,2026-03-19,,,,,,,,data_ausente;
ShowRoom1_L100,ShowRoom1,Showroom,100,-,-,50.0,24.9,1245.0,MEDIDOR DE SOLO DIGITAL,BOM-6810,,,-,BOMVINK,,,,,,,,,,-,OSMAR,2026-03-19,,,,,,,,data_ausente;
ShowRoom1_L101,ShowRoom1,Showroom,101,-,-,80.0,46.0,3680.0,CAIXA DE SOM PORTATIL,D-G226,,,-,GRASEP,,,,,,,,,,-,OSMAR,2026-03-19,,,,,,,,data_ausente;linha_duplicada_suspeita;
ShowRoom1_L102,ShowRoom1,Showroom,102,-,-,12.0,50.0,600.0,KIT DE FACAS DE LUXO,ON-LD003,,,-,ONISTEK,,,,,,,,,,-,OSMAR,2026-03-19,,,,,,,,data_ausente;
ShowRoom1_L103,ShowRoom1,Showroom,103,-,-,9.0,58.0,522.0,PORTA TEMPERO GIRATÓRIO,ON-LD008,,,-,ONISTEK,,,,,,,,,,-,OSMAR,2026-03-19,,,,,,,,data_ausente;
ShowRoom1_L104,ShowRoom1,Showroom,104,-,-,200.0,6.9,1380.0,BICO GRAXEIRO APLICADOR DE GRAXA,BOM-1663,,,-,BOMVINK,,,,,,,,,,-,OSMAR,2026-03-19,,,,,,,,data_ausente;
ShowRoom1_L105,ShowRoom1,Showroom,105,-,-,80.0,17.99,1439.2,ASPIRADOR PORTATIL,BOM-7003,,,-,BOMVINK,,,,,,,,,,-,OSMAR,2026-03-19,,,,,,,,data_ausente;
ShowRoom1_L106,ShowRoom1,Showroom,106,-,-,72.0,17.9,1288.8,ALICATE ESPECIAL,BOM-1709,,,-,BOMVINK,,,,,,,,,,-,OSMAR,2026-03-19,,,,,,,,data_ausente;
ShowRoom1_L107,ShowRoom1,Showroom,107,-,-,8.0,106.0,848.0,SUPORTE PARA MONITOR,LE-3625,,,-,IT BLUE,,,,,,,,,,-,OSMAR,2026-03-19,,,,,,,,data_ausente;
ShowRoom1_L108,ShowRoom1,Showroom,108,-,-,5.0,490.0,2450.0,"MONITOR LED 23.8""",M2410,,,-,DELTA,,,,,,,,,,-,OSMAR,2026-03-19,,,,,,,,data_ausente;
ShowRoom1_L109,ShowRoom1,Showroom,109,-,-,12.0,40.0,480.0,CHALEIRA ELETRICA / 220V,ON-CL203/220,,,-,ONISTEK,,,,,,,,,,-,OSMAR,2026-03-19,,,,,,,,data_ausente;
ShowRoom1_L110,ShowRoom1,Showroom,110,-,-,30.0,68.0,2040.0,LIQUIDIFICADOR MINI,ON-UD118,,,-,ONISTEK,,,,,,,,,,-,OSMAR,2026-03-19,,,,,,,,data_ausente;
ShowRoom1_L111,ShowRoom1,Showroom,111,-,-,40.0,27.0,1080.0,CANECA DE AÇO INOX 680ML,AK-6801,,,-,TOMATE,,,,,,,,,,-,OSMAR,2026-03-19,,,,,,,,data_ausente;
ShowRoom1_L112,ShowRoom1,Showroom,112,-,-,200.0,4.2,840.0,MINI SELADORA A VACUO,ON-LD030,,,-,ONISTEK,,,,,,,,,,-,OSMAR,2026-03-19,,,,,,,,data_ausente;
ShowRoom1_L113,ShowRoom1,Showroom,113,-,-,60.0,66.0,3960.0,CAIXA DE SOM PORTATIL,D-G450,,,-,GRASEP,,,,,,,,,,-,OSMAR,2026-03-19,,,,,,,,data_ausente;
ShowRoom1_L114,ShowRoom1,Showroom,114,-,-,80.0,8.9,712.0,CONJUNTO DE CABO EXTENSOR ,BOM-3622,,,-,BOMVINK,,,,,,,,,,-,OSMAR,2026-03-19,,,,,,,,data_ausente;
ShowRoom1_L115,ShowRoom1,Showroom,115,-,-,72.0,13.8,993.6,KIT GRAMPO SARGENTO DE AÇO,BOM-3621,,,-,BOMVINK,,,,,,,,,,-,OSMAR,2026-03-19,,,,,,,,data_ausente;
ShowRoom1_L116,ShowRoom1,Showroom,116,-,-,20.0,228.0,4560.0,MOCHILA EXPANSÍVEL A VÁCUO,B-PM4221QB-HEI,,,-,HWJ,,,,,,,,,,-,OSMAR,2026-03-19,,,,,,,,data_ausente;
ShowRoom1_L117,ShowRoom1,Showroom,117,-,-,3.0,2070.0,6210.0,PATINETE ELETRICO,MPE-2130,,,-,TOMATE,,,,,,,,,,-,OSMAR,2026-03-20,,,,,,,,data_ausente;
ShowRoom1_L118,ShowRoom1,Showroom,118,-,-,100.0,75.0,7500.0,SMARTHWATCH,RG-W88,,,-,KNUP,,,,,,,,,,-,OSMAR,2026-03-20,,,,,,,,data_ausente;
ShowRoom1_L119,ShowRoom1,Showroom,119,-,-,120.0,17.9,2148.0,PONTEIRA IMANTADA PROFISSIONAL,BOM-5002,,,-,BOMVINK,,,,,,,,,,-,OSMAR,2026-03-20,,,,,,,,data_ausente;
ShowRoom1_L120,ShowRoom1,Showroom,120,-,-,20.0,25.9,518.0,ORGANIZADOR COM 17 DIVISORIAS,BOM-7720,,,-,BOMVINK,,,,,,,,,,-,OSMAR,2026-03-20,,,,,,,,data_ausente;
ShowRoom1_L121,ShowRoom1,Showroom,121,-,-,20.0,105.0,2100.0,NOBREAK MULTIFUNCIONAL PORTATIL,ANB-018,,,-,AITEK,,,,,,,,,,-,OSMAR,2026-03-20,,,,,,,,data_ausente;
ShowRoom1_L122,ShowRoom1,Showroom,122,-,-,100.0,23.9,2390.0,TERMINAL ILHÓS 1900PCS,BOM-5521,,,-,BOMVINK,,,,,,,,,,-,OSMAR,2026-03-20,,,,,,,,data_ausente;
ShowRoom1_L123,ShowRoom1,Showroom,123,-,-,2.0,5400.0,10800.0,BICICLETA ELETRICA CARAMELO,MPE-9050,,,-,TOMATE,,,,,,,,,,-,PATRICIA,2026-03-21,,,,,,,,data_ausente;
ShowRoom1_L124,ShowRoom1,Showroom,124,-,-,40.0,27.0,1080.0,GARRAFA DE AGUA INOX,AK-5029,,,-,OPAPRO,,,,,,,,,,-,PATRICIA,2026-03-21,,,,,,,,data_ausente;
ShowRoom1_L125,ShowRoom1,Showroom,125,-,-,200.0,15.99,3198.0,LANTERNA DE CABEÇA COB,BOM-4002,,,-,BOMVINK,,,,,,,,,,-,PATRICIA,2026-03-21,,,,,,,,data_ausente;
ShowRoom1_L126,ShowRoom1,Showroom,126,-,-,100.0,7.99,799.0,TESOURA 3PCS,BOM-3301,,,-,BOMVINK,,,,,,,,,,-,PATRICIA,2026-03-21,,,,,,,,data_ausente;
ShowRoom1_L127,ShowRoom1,Showroom,127,-,-,20.0,169.9,3398.0,LOCALIZADOR PORTATIL DE PEIXES SONAR DE PROFUNDIDADE,BOM-6807,,,-,BOMVINK,,,,,,,,,,-,PATRICIA,2026-03-21,,,,,,,,data_ausente;
ShowRoom1_L128,ShowRoom1,Showroom,128,-,-,80.0,69.9,5592.0,DETECTOR DE METAIS 5 EM 1,BOM-6816,,,-,BOMVINK,,,,,,,,,,-,PATRICIA,2026-03-21,,,,,,,,data_ausente;
ShowRoom1_L129,ShowRoom1,Showroom,129,-,-,50.0,79.99,3999.5,RADIO COMUNICADOR,BOM-5702,,,-,BOMVINK,,,,,,,,,,-,PATRICIA,2026-03-21,,,,,,,,data_ausente;
ShowRoom1_L130,ShowRoom1,Showroom,130,-,-,100.0,23.99,2399.0,ALICATE AMPERÍMETRO DIGITAL,BOM-6004,,,-,BOMVINK,,,,,,,,,,-,PATRICIA,2026-03-21,,,,,,,,data_ausente;
ShowRoom1_L131,ShowRoom1,Showroom,131,-,-,0.0,0.0,0.0,KIT 6 - ALICATE CRIMPAR BOX COM 1900 TERMINAL ILHOS 0.25 A 6MM,BOM-3706,,,-,BOMVINK,,,,,,,,,,-,PATRICIA,2026-03-21,,,,,,,,data_ausente;
ShowRoom1_L132,ShowRoom1,Showroom,132,-,-,24.0,27.9,669.6,TRENA FITA METRICA 100M FIBRA DE VIDRO FLEXIVEL PROFISSIONAL,BOM-6513,,,-,BOMVINK,,,,,,,,,,-,PATRICIA,2026-03-21,,,,,,,,data_ausente;
ShowRoom1_L133,ShowRoom1,Showroom,133,-,-,200.0,3.0,600.0,PILHA ALCALINA,ON-2900AAA,,,-,ONISTEK,,,,,,,,,,-,PATRICIA,2026-03-21,,,,,,,,data_ausente;
ShowRoom1_L134,ShowRoom1,Showroom,134,-,-,240.0,6.0,1440.0,PILHA ALCALINA,ON-AK9V,,,-,ONISTEK,,,,,,,,,,-,PATRICIA,2026-03-21,,,,,,,,data_ausente;
ShowRoom1_L135,ShowRoom1,Showroom,135,-,-,100.0,18.8,1880.0,PILHA RECARREGAVEL,ON-2700AAA,,,-,ONISTEK,,,,,,,,,,-,PATRICIA,2026-03-21,,,,,,,,data_ausente;
ShowRoom1_L136,ShowRoom1,Showroom,136,-,-,16.0,38.4,614.4,MALETA DE FERRAMENTAS DUPLA FACE,GJB18,,,-,HWJ,,,,,,,,,,-,PATRICIA,2026-03-21,,,,,,,,data_ausente;
ShowRoom1_L137,ShowRoom1,Showroom,137,-,-,50.0,70.0,3500.0,FONE PARA CAPACETE,LE-2476,,,-,IT BLUE,,,,,,,,,,-,PATRICIA,2026-03-21,,,,,,,,data_ausente;
ShowRoom1_L138,ShowRoom1,Showroom,138,-,-,30.0,33.0,990.0,CONJUNTO DE FACAS 6PCS,ON-LD012,,,-,ONISTEK,,,,,,,,,,-,YHAN,2026-03-23,,,,,,,,data_ausente;
ShowRoom1_L139,ShowRoom1,Showroom,139,-,-,24.0,65.0,1560.0,SECADOR DE CABELO ,ON-CF01/127V,,,-,ONISTEK,,,,,,,,,,-,YHAN,2026-03-23,,,,,,,,data_ausente;
ShowRoom1_L140,ShowRoom1,Showroom,140,-,-,72.0,22.99,1655.28,ALICATE DECAPADOR DE FIO,BOM-1702,,,-,BOMVINK,,,,,,,,,,-,DIEGO,2026-03-24,,,,,,,,data_ausente;
ShowRoom1_L141,ShowRoom1,Showroom,141,-,-,40.0,73.99,2959.6,NÍVEL A LASER COM 2 LINHAS,BOM-6209,,,-,BOMVINK,,,,,,,,,,-,DIEGO,2026-03-24,,,,,,,,data_ausente;
ShowRoom1_L142,ShowRoom1,Showroom,142,-,-,40.0,46.9,1876.0,KIT 6 - ALICATE CRIMPAR BOX COM 1900 TERMINAL ILHOS 0.25 A 6MM,BOM-3706,,,-,BOMVINK,,,,,,,,,,-,DIEGO,2026-03-24,,,,,,,,data_ausente;
ShowRoom1_L143,ShowRoom1,Showroom,143,-,-,60.0,7.9,474.0,TESOURA DE ALFAIATE PROFISSIONAL,BOM-1061,,,-,BOMVINK,,,,,,,,,,-,ISAAC,2026-03-24,,,,,,,,data_ausente;
ShowRoom1_L144,ShowRoom1,Showroom,144,-,-,200.0,9.0,1800.0,MOUSE SILENCIOSO,AMO-S2003,,,-,AITEK,,,,,,,,,,-,YHAN,2026-03-24,,,,,,,,data_ausente;
ShowRoom1_L145,ShowRoom1,Showroom,145,-,-,12.0,60.0,720.0,BASE GAMER PARA NOTEBOOK RGB,B3132G,,,-,DELTA,,,,,,,,,,-,YHAN,2026-03-24,,,,,,,,data_ausente;
ShowRoom1_L146,ShowRoom1,Showroom,146,-,-,100.0,31.0,3100.0,BOLSA PARA NOTEBOOK,DNB-22,,,-,HWJ,,,,,,,,,,-,YHAN,2026-03-24,,,,,,,,data_ausente;
ShowRoom1_L147,ShowRoom1,Showroom,147,-,-,80.0,46.0,3680.0,CAIXA DE SOM PORTATIL,D-G226,,,-,GRASEP,,,,,,,,,,-,OSMAR,2026-04-09,,,,,,,,data_ausente;linha_duplicada_suspeita;
ShowRoom1_L148,ShowRoom1,Showroom,148,-,-,100.0,48.0,4800.0,CAIXA DE SOM PORTATIL,D-G198,,,-,GRASEP,,,,,,,,,,-,OSMAR,2026-04-09,,,,,,,,data_ausente;
ShowRoom1_L149,ShowRoom1,Showroom,149,-,-,24.0,32.0,768.0,COPO DE SUCO PORTATIL,ON-TA20,,,-,ONISTEK,,,,,,,,,,-,OSMAR,2026-04-09,,,,,,,,data_ausente;
ShowRoom1_L150,ShowRoom1,Showroom,150,-,-,12.0,42.0,504.0,CHALEIRA ELETRICA / 110V,ON-CL202/110,,,-,ONISTEK,,,,,,,,,,-,OSMAR,2026-04-09,,,,,,,,data_ausente;
ShowRoom1_L151,ShowRoom1,Showroom,151,-,-,12.0,40.0,480.0,CHALEIRA ELETRICA / 110V,ON-CL203/110,,,-,ONISTEK,,,,,,,,,,-,OSMAR,2026-04-09,,,,,,,,data_ausente;
ShowRoom1_L152,ShowRoom1,Showroom,152,-,-,4.0,887.0,3548.0,CAIXA DE SOM PORTATIL,D-XK309,,,-,GRASEP,,,,,,,,,,-,OSMAR,2026-04-09,,,,,,,,data_ausente;
ShowRoom1_L153,ShowRoom1,Showroom,153,-,-,100.0,25.0,2500.0,FONE DE OUVIDO MONSTER BLUETOOTH 5.2,XKT01,,,-,ONISTEK,,,,,,,,,,-,OSMAR,2026-04-09,,,,,,,,data_ausente;
ShowRoom1_L154,ShowRoom1,Showroom,154,-,-,20.0,80.0,1600.0,MOUSEPAD GAMER RGB CARREGAMENTO POR INDUÇÃO,P803OC,,,-,DELTA,,,,,,,,,,-,OSMAR,2026-04-09,,,,,,,,data_ausente;
ShowRoom1_L155,ShowRoom1,Showroom,155,-,-,20.0,80.0,1600.0,CAIXA DE SOM PORTATIL,D-G105,,,-,GRASEP,,,,,,,,,,-,OSMAR,2026-04-09,,,,,,,,data_ausente;
ShowRoom1_L156,ShowRoom1,Showroom,156,-,-,3.0,2100.0,6300.0,PATINETE ELETRICO,MPE-2030,,,-,TOMATE,,,,,,,,,,-,OSMAR,2026-04-09,,,,,,,,data_ausente;
ShowRoom1_L157,ShowRoom1,Showroom,157,-,-,200.0,3.2,640.0,PILHA ALCALINA,ON-2900AA,,,-,ONISTEK,,,,,,,,,,-,OSMAR,2026-04-09,,,,,,,,data_ausente;
ShowRoom1_L158,ShowRoom1,Showroom,158,-,-,200.0,3.0,600.0,PILHA ALCALINA,ON-4900AAA,,,-,ONISTEK,,,,,,,,,,-,OSMAR,2026-04-09,,,,,,,,data_ausente;
ShowRoom1_L159,ShowRoom1,Showroom,159,-,-,50.0,25.0,1250.0,GARRAFA INOX 650ML,AK-6511,,,-,OPAPRO,,,,,,,,,,-,OSMAR,2026-04-09,,,,,,,,data_ausente;
ShowRoom1_L160,ShowRoom1,Showroom,160,-,-,,,0.0,,,,,-,,,,,,,,,,,-,,,,,,,,,,descricao_ausente;quantidade_ausente;data_ausente;
ShowRoom1_L161,ShowRoom1,Showroom,161,-,-,,,0.0,,,,,-,,,,,,,,,,,-,,,,,,,,,,descricao_ausente;quantidade_ausente;data_ausente;
ShowRoom1_L162,ShowRoom1,Showroom,162,-,-,,,0.0,,,,,-,,,,,,,,,,,-,,,,,,,,,,descricao_ausente;quantidade_ausente;data_ausente;
ShowRoom1_L163,ShowRoom1,Showroom,163,-,-,,,0.0,,,,,-,,,,,,,,,,,-,,,,,,,,,,descricao_ausente;quantidade_ausente;data_ausente;
ShowRoom1_L164,ShowRoom1,Showroom,164,-,-,,,0.0,,,,,-,,,,,,,,,,,-,,,,,,,,,,descricao_ausente;quantidade_ausente;data_ausente;
ShowRoom1_L165,ShowRoom1,Showroom,165,-,-,,,0.0,,,,,-,,,,,,,,,,,-,,,,,,,,,,descricao_ausente;quantidade_ausente;data_ausente;
ShowRoom1_L166,ShowRoom1,Showroom,166,-,-,,,0.0,,,,,-,,,,,,,,,,,-,,,,,,,,,,descricao_ausente;quantidade_ausente;data_ausente;
ShowRoom1_L167,ShowRoom1,Showroom,167,-,-,,,0.0,,,,,-,,,,,,,,,,,-,,,,,,,,,,descricao_ausente;quantidade_ausente;data_ausente;
ShowRoom1_L168,ShowRoom1,Showroom,168,-,-,,,0.0,,,,,-,,,,,,,,,,,-,,,,,,,,,,descricao_ausente;quantidade_ausente;data_ausente;
ShowRoom1_L169,ShowRoom1,Showroom,169,-,-,,,0.0,,,,,-,,,,,,,,,,,-,,,,,,,,,,descricao_ausente;quantidade_ausente;data_ausente;
ShowRoom1_L170,ShowRoom1,Showroom,170,-,-,,,0.0,,,,,-,,,,,,,,,,,-,,,,,,,,,,descricao_ausente;quantidade_ausente;data_ausente;
ShowRoom1_L171,ShowRoom1,Showroom,171,-,-,,,0.0,,,,,-,,,,,,,,,,,-,,,,,,,,,,descricao_ausente;quantidade_ausente;data_ausente;
ShowRoom1_L172,ShowRoom1,Showroom,172,-,-,,,0.0,,,,,-,,,,,,,,,,,-,,,,,,,,,,descricao_ausente;quantidade_ausente;data_ausente;
ShowRoom1_L173,ShowRoom1,Showroom,173,-,-,,,0.0,,,,,-,,,,,,,,,,,-,,,,,,,,,,descricao_ausente;quantidade_ausente;data_ausente;
ShowRoom1_L174,ShowRoom1,Showroom,174,-,-,,,0.0,,,,,-,,,,,,,,,,,-,,,,,,,,,,descricao_ausente;quantidade_ausente;data_ausente;
ShowRoom1_L175,ShowRoom1,Showroom,175,-,-,,,0.0,,,,,-,,,,,,,,,,,-,,,,,,,,,,descricao_ausente;quantidade_ausente;data_ausente;
ShowRoom1_L176,ShowRoom1,Showroom,176,-,-,,,0.0,,,,,-,,,,,,,,,,,-,,,,,,,,,,descricao_ausente;quantidade_ausente;data_ausente;
ShowRoom1_L177,ShowRoom1,Showroom,177,-,-,,,0.0,,,,,-,,,,,,,,,,,-,,,,,,,,,,descricao_ausente;quantidade_ausente;data_ausente;
ShowRoom1_L178,ShowRoom1,Showroom,178,-,-,,,0.0,,,,,-,,,,,,,,,,,-,,,,,,,,,,descricao_ausente;quantidade_ausente;data_ausente;
ShowRoom1_L179,ShowRoom1,Showroom,179,-,-,,,0.0,,,,,-,,,,,,,,,,,-,,,,,,,,,,descricao_ausente;quantidade_ausente;data_ausente;
ShowRoom1_L180,ShowRoom1,Showroom,180,-,-,,,0.0,,,,,-,,,,,,,,,,,-,,,,,,,,,,descricao_ausente;quantidade_ausente;data_ausente;
ShowRoom1_L181,ShowRoom1,Showroom,181,-,-,,,0.0,,,,,-,,,,,,,,,,,-,,,,,,,,,,descricao_ausente;quantidade_ausente;data_ausente;
ShowRoom1_L182,ShowRoom1,Showroom,182,-,-,,,0.0,,,,,-,,,,,,,,,,,-,,,,,,,,,,descricao_ausente;quantidade_ausente;data_ausente;
ShowRoom1_L183,ShowRoom1,Showroom,183,-,-,,,0.0,,,,,-,,,,,,,,,,,-,,,,,,,,,,descricao_ausente;quantidade_ausente;data_ausente;
ShowRoom1_L184,ShowRoom1,Showroom,184,-,-,,,0.0,,,,,-,,,,,,,,,,,-,,,,,,,,,,descricao_ausente;quantidade_ausente;data_ausente;
ShowRoom1_L185,ShowRoom1,Showroom,185,-,-,,,0.0,,,,,-,,,,,,,,,,,-,,,,,,,,,,descricao_ausente;quantidade_ausente;data_ausente;
ShowRoom1_L186,ShowRoom1,Showroom,186,-,-,,,0.0,,,,,-,,,,,,,,,,,-,,,,,,,,,,descricao_ausente;quantidade_ausente;data_ausente;
ShowRoom1_L187,ShowRoom1,Showroom,187,-,-,,,0.0,,,,,-,,,,,,,,,,,-,,,,,,,,,,descricao_ausente;quantidade_ausente;data_ausente;
ShowRoom1_L188,ShowRoom1,Showroom,188,-,-,,,0.0,,,,,-,,,,,,,,,,,-,,,,,,,,,,descricao_ausente;quantidade_ausente;data_ausente;
ShowRoom1_L189,ShowRoom1,Showroom,189,-,-,,,0.0,,,,,-,,,,,,,,,,,-,,,,,,,,,,descricao_ausente;quantidade_ausente;data_ausente;
ShowRoom1_L190,ShowRoom1,Showroom,190,-,-,,,0.0,,,,,-,,,,,,,,,,,-,,,,,,,,,,descricao_ausente;quantidade_ausente;data_ausente;
ShowRoom1_L191,ShowRoom1,Showroom,191,-,-,,,0.0,,,,,-,,,,,,,,,,,-,,,,,,,,,,descricao_ausente;quantidade_ausente;data_ausente;
ShowRoom1_L192,ShowRoom1,Showroom,192,-,-,,,0.0,,,,,-,,,,,,,,,,,-,,,,,,,,,,descricao_ausente;quantidade_ausente;data_ausente;
ShowRoom1_L193,ShowRoom1,Showroom,193,-,-,,,0.0,,,,,-,,,,,,,,,,,-,,,,,,,,,,descricao_ausente;quantidade_ausente;data_ausente;
ShowRoom1_L194,ShowRoom1,Showroom,194,-,-,,,0.0,,,,,-,,,,,,,,,,,-,,,,,,,,,,descricao_ausente;quantidade_ausente;data_ausente;
ShowRoom1_L195,ShowRoom1,Showroom,195,-,-,,,0.0,,,,,-,,,,,,,,,,,-,,,,,,,,,,descricao_ausente;quantidade_ausente;data_ausente;
ShowRoom1_L196,ShowRoom1,Showroom,196,-,-,,,0.0,,,,,-,,,,,,,,,,,-,,,,,,,,,,descricao_ausente;quantidade_ausente;data_ausente;
ShowRoom1_L197,ShowRoom1,Showroom,197,-,-,,,0.0,,,,,-,,,,,,,,,,,-,,,,,,,,,,descricao_ausente;quantidade_ausente;data_ausente;
ShowRoom1_L198,ShowRoom1,Showroom,198,-,-,,,0.0,,,,,-,,,,,,,,,,,-,,,,,,,,,,descricao_ausente;quantidade_ausente;data_ausente;
ShowRoom1_L199,ShowRoom1,Showroom,199,-,-,,,0.0,,,,,-,,,,,,,,,,,-,,,,,,,,,,descricao_ausente;quantidade_ausente;data_ausente;
ShowRoom1_L200,ShowRoom1,Showroom,200,-,-,,,0.0,,,,,-,,,,,,,,,,,-,,,,,,,,,,descricao_ausente;quantidade_ausente;data_ausente;
ShowRoom1_L201,ShowRoom1,Showroom,201,-,-,,,0.0,,,,,-,,,,,,,,,,,-,,,,,,,,,,descricao_ausente;quantidade_ausente;data_ausente;
ShowRoom1_L202,ShowRoom1,Showroom,202,-,-,,,0.0,,,,,-,,,,,,,,,,,-,,,,,,,,,,descricao_ausente;quantidade_ausente;data_ausente;
ShowRoom1_L203,ShowRoom1,Showroom,203,-,-,,,0.0,,,,,-,,,,,,,,,,,-,,,,,,,,,,descricao_ausente;quantidade_ausente;data_ausente;
ShowRoom1_L204,ShowRoom1,Showroom,204,-,-,,,0.0,,,,,-,,,,,,,,,,,-,,,,,,,,,,descricao_ausente;quantidade_ausente;data_ausente;
ShowRoom1_L205,ShowRoom1,Showroom,205,-,-,,,0.0,,,,,-,,,,,,,,,,,-,,,,,,,,,,descricao_ausente;quantidade_ausente;data_ausente;
ShowRoom1_L206,ShowRoom1,Showroom,206,-,-,,,0.0,,,,,-,,,,,,,,,,,-,,,,,,,,,,descricao_ausente;quantidade_ausente;data_ausente;
ShowRoom1_L207,ShowRoom1,Showroom,207,-,-,,,0.0,,,,,-,,,,,,,,,,,-,,,,,,,,,,descricao_ausente;quantidade_ausente;data_ausente;
ShowRoom1_L208,ShowRoom1,Showroom,208,-,-,,,0.0,,,,,-,,,,,,,,,,,-,,,,,,,,,,descricao_ausente;quantidade_ausente;data_ausente;
Compra_Pati_L2,Compra Pati,Cotação Pati,2,,,,,,TOMATE MTR-1090 MICROFONE GAMER RGB,MTR-1090,,,Sem saldo no Fornecedor,,,,,,,,,,,,,,,1.0,"R$ 114,90","R$ 114,90",50,79.9,3995.0,
Compra_Pati_L3,Compra Pati,Cotação Pati,3,,,,,,TOMATE MLG-187 luz de preenchimento para fotos,MLG-187,,,Pedido feito 04/03,,,,,,,,,,,,,,,1.0,"R$ 69,90","R$ 69,90",30,48,1440.0,
Compra_Pati_L4,Compra Pati,Cotação Pati,4,,,,,,TOMATE MLG-195 RING LIGHT LUZ DE PREENCHIMENTO,MLG-195,,,Pedido feito 04/03,,,,,,,,,,,,,,,1.0,"R$ 100,29","R$ 100,29",-,70,0.0,
Compra_Pati_L5,Compra Pati,Cotação Pati,5,,,,,,TOMATETOMATEMTV-712 ADAPTADOR HDMI PARA VGA,MTV-712,,,Pedido feito 04/03,,,,,,,,,,,,,,,20.0,"R$ 10,90","R$ 218,00",200,7,1400.0,
Compra_Pati_L6,Compra Pati,Cotação Pati,6,,,,,,TOMATE MHD-1103 CONVERSOr EXTENSOR HDMI - 30 MTS,MHD-1103,,,Pedido feito 04/03,,,,,,,,,,,,,,,2.0,"R$ 12,90","R$ 25,80",300,8.9,2670.0,
Compra_Pati_L7,Compra Pati,Cotação Pati,7,,,,,,TOMATELON-C001 controle gamer com fio,LON-C001,,,Pedido feito 04/03,,,,,,,,,,,,,,,1.0,"R$ 69,90","R$ 69,90",100,61,6100.0,
Compra_Pati_L8,Compra Pati,Cotação Pati,8,,,,,,TOMATE EQUIPAMENTO PARA PRODUÇÃO DE VÍDEOS MTG-333,MTG-333,,,Pedido feito 04/03,,,,,,,,,,,,,,,1.0,"R$ 79,90","R$ 79,90",60,53,3180.0,
Compra_Pati_L9,Compra Pati,Cotação Pati,9,,,,,,TOMATE Suporte kit de gravação MTG-222,MTG-222,,,Pedido feito 04/03,,,,,,,,,,,,,,,1.0,"R$ 37,90","R$ 37,90",60,24,1440.0,
Compra_Pati_L10,Compra Pati,Cotação Pati,10,,,,,,TOMATE FONTE DE ALIMENTAÇÃO MTT-1203,MTT-1203,,,Sem saldo no Fornecedor,,,,,,,,,,,,,,,2.0,"R$ 23,00","R$ 46,00",100,16,1600.0,
Compra_Pati_L11,Compra Pati,Cotação Pati,11,,,,,,TOMATE FONTE DE ALIMENTAÇÃO MTT-1205,MTT-1205,,,Sem saldo no Fornecedor,,,,,,,,,,,,,,,1.0,"R$ 27,90","R$ 27,90",100,19,1900.0,
Compra_Pati_L12,Compra Pati,Cotação Pati,12,,,,,,TOMATE Calculadora portátil AK-J039,AK-J039,,,Pedido feito 04/03,,,,,,,,,,,,,,,1.0,"R$ 27,90","R$ 27,90",80,19,1520.0,
Compra_Pati_L13,Compra Pati,Cotação Pati,13,,,,,,TOMATE cabo óptico hdtv 4k60hz 30MTS MHD-4330,MHD-4330,,,Sem saldo no Fornecedor,,,,,,,,,,,,,,,1.0,"R$ 179,90","R$ 179,90",12,125,1500.0,
Compra_Pati_L14,Compra Pati,Cotação Pati,14,,,,,,KNUP TECLADO GAMER TE-BKL008,TE-BKL008,,,,,,,,,,,,,,,,,,1.0,269.9,"R$ 269,90",10,190,1900.0,
Compra_Pati_L15,Compra Pati,Cotação Pati,15,,,,,,KNUP TECLADO MECÂNICO KP-TE151,KP-TE151,,,,,,,,,,,,,,,,,,1.0,"R$ 106,00","R$ 106,00",20,75,1500.0,
Compra_Pati_L16,Compra Pati,Cotação Pati,16,,,,,,DNB4802-13'' 1 unidade,DNB4802-13'',,,Não autorizado solicitar,,,,,,,,,,,,,,,1.0,"R$ 33,25","R$ 33,25",100,25,2500.0,
Compra_Pati_L17,Compra Pati,Cotação Pati,17,,,,,,DNB-22 2 unidade cor escura,DNB-222,,,Pedido feito 06/03,,,,,,,,,,,,,,,2.0,"R$ 39,90","R$ 79,80",100,30,3000.0,
Compra_Pati_L18,Compra Pati,Cotação Pati,18,,,,,,DNB4815 - 3 unidades cor escura,DNB4815,,,Pedido feito 06/03,,,,,,,,,,,,,,,3.0,"R$ 44,70","R$ 134,10",100,33.6,3360.0,
Compra_Pati_L19,Compra Pati,Cotação Pati,19,,,,,,KB-54 1 unidade,KB-54,,,Não autorizado solicitar,,,,,,,,,,,,,,,1.0,"R$ 38,30","R$ 38,30",-,-,0.0,
Compra_Pati_L20,Compra Pati,Cotação Pati,20,,,,,,DNB-4803 3 unidades cor escura,DNB-4803,,,Pedido feito 06/03,,,,,,,,,,,,,,,3.0,"R$ 34,60","R$ 103,80",100,26,2600.0,
Compra_Pati_L21,Compra Pati,Cotação Pati,21,,,,,,DNB-9,DNB-9,,,Pedido feito 06/03,,,,,,,,,,,,,,,3.0,"R$ 33,25","R$ 99,75",100,25,2500.0,
Compra_Pati_L22,Compra Pati,Cotação Pati,22,,,,,,KNUP MOUSE PAD KP-S013,KP-S013,,,,,,,,,,,,,,,,,,2.0,"R$ 19,90","R$ 39,80",40,14,560.0,
Compra_Pati_L23,Compra Pati,Cotação Pati,23,,,,,,DELTA DISSIPADOR DE CALOR PARA NVME M.2 CN-510,M.2 CN-510,,,Pedido feito 04/03,,,,,,,,,,,,,,,1.0,"R$ 33,90","R$ 33,90",54,28,1512.0,
Compra_Pati_L24,Compra Pati,Cotação Pati,24,,,,,,DELTA BARRA DE LED PARA MONITOR ALD-AC3065,AC3065,,,Pedido feito 04/03,,,,,,,,,,,,,,,1.0,"R$ 77,90","R$ 77,90",20,65,1300.0,
